[{"info": {"description": "Pre taibu\nSEE OVER.\nVaseo\n1. B.22b.\n2. B.22.f.\nStone vase\n1. H.72.\nDiorite maice-head, chipped \nunder head of body.\nU is a predyn. cemet. near Umm il 2a ab\nSee Cemet. Glyda. II", "reverseCard": "reverseCard", "comments": "Some of the handwriting was difficult to decipher. I made my best possible judgement. ", "discoveryDate": "Feb 7th-9th", "cardNumber": "U.1.", "excavatorName": ""}, "user_id": 677, "task_id": 62066, "created": "2016-05-16T02:30:17.147931", "finish_time": "2016-05-16T02:30:17.147955", "calibration": null, "user_ip": null, "timeout": null, "project_id": 312, "id": 98987}, {"info": {"description": "hip\nhip\nmare head under head.\navlile\nstone vase\n22f\n22.b.\nHead direct sarth, remains in a rectangular space & rising a little to north. Mat over head still visible, no signs of coffin. Body completely disarticulated. Femola are with head north the other head south. Hip lines as figured are over the other & out of position. Coccyx & sacrum over one femln, same ribs & are large anlale bone over heart. Lower jaw attached to head but rather out of position. See photo.   ", "reverseCard": "", "comments": "Some of the handwriting was difficult to decipher. I made my best possible judgement. ", "discoveryDate": "", "cardNumber": "", "excavatorName": ""}, "user_id": 677, "task_id": 62067, "created": "2016-05-16T02:35:09.224979", "finish_time": "2016-05-16T02:35:09.225002", "calibration": null, "user_ip": null, "timeout": null, "project_id": 312, "id": 98988}, {"info": {"description": "Small oval tuber, no body left except a few bones.\nBroken ivory vase.\nFlint rough.\nPiece of olsidian.\nBl.jl. short cyl. beads.", "reverseCard": "", "comments": "Some of the handwriting was difficult to decipher. I made my best possible judgement. ", "discoveryDate": "Feb 9.", "cardNumber": "U.2. Dynasty: Pre.", "excavatorName": ""}, "user_id": 677, "task_id": 62068, "created": "2016-05-16T02:37:01.572417", "finish_time": "2016-05-16T02:37:01.572440", "calibration": null, "user_ip": null, "timeout": null, "project_id": 312, "id": 98989}, {"info": {"description": "Oval tuiba possibly intact.\nP 686\nB 22b\nB 22b\nG\nbones of animal.\nbody a l.side head south.\n6th. 1th\n120 x 170.\ndpth. 150.\nBones in bad state, pub. some missing. Mat over burial & pots.", "reverseCard": "", "comments": "Some of the handwriting was difficult to decipher. I made my best possible judgement. ", "discoveryDate": "Feb 9th.", "cardNumber": "U.3. Dynasty: Pre.", "excavatorName": ""}, "user_id": 677, "task_id": 62069, "created": "2016-05-16T02:39:50.373482", "finish_time": "2016-05-16T02:39:50.373506", "calibration": null, "user_ip": null, "timeout": null, "project_id": 312, "id": 98990}, {"info": {"description": "A large jar upright in the sand.\nNo contents.\nPhoto. \n", "reverseCard": "", "comments": "", "discoveryDate": "Feb 9th.", "cardNumber": "U.4. Dynasty: Pre.", "excavatorName": ""}, "user_id": 677, "task_id": 62070, "created": "2016-05-16T02:41:04.718928", "finish_time": "2016-05-16T02:41:04.718952", "calibration": null, "user_ip": null, "timeout": null, "project_id": 312, "id": 98991}, {"info": {"description": "Turba of uncertain size, plundered.\n3.53b\nB.53.b\nS\nPhoto.\nFragments of bone in coffin of ochre pottery. 114 x 53 x 28 curved out at ends. A few beads in coffin.\n13 wood (?) gold-toil covered.\n1 be.je\n4 pieces maluchite.", "reverseCard": "", "comments": "Some of the handwriting was difficult to decipher. I made my best possible judgement. ", "discoveryDate": "Feb 10.", "cardNumber": "U.7. Dynasty: Pre.", "excavatorName": ""}, "user_id": 677, "task_id": 62071, "created": "2016-05-16T02:44:09.228083", "finish_time": "2016-05-16T02:44:09.228108", "calibration": null, "user_ip": null, "timeout": null, "project_id": 312, "id": 98992}, {"info": {"description": "", "reverseCard": "", "comments": "", "discoveryDate": "Feb 12.", "cardNumber": "", "excavatorName": ""}, "user_id": 677, "task_id": 62072, "created": "2016-05-16T02:44:25.432361", "finish_time": "2016-05-16T02:44:25.432384", "calibration": null, "user_ip": null, "timeout": null, "project_id": 312, "id": 98993}, {"info": {"description": "Tomb U.1.\nDynasty: Pre.\nPre Turba\nVases (1) B.22b; (2) B.22.f.\nStone vase (1) H.72.\nDiorite mace-head, chipped under head of body. [drawing]\nU is a predyn. cemet. near Umm il Qa '\u00e2b\nSee cemet. Abydos II.\nSEE OVER", "reverseCard": "reverseCard", "comments": "", "discoveryDate": "Feb. 7th-9th", "cardNumber": "U.1.", "excavatorName": ""}, "user_id": 580, "task_id": 62066, "created": "2016-05-16T10:52:51.367788", "finish_time": "2016-05-16T10:52:51.367813", "calibration": null, "user_ip": null, "timeout": null, "project_id": 312, "id": 98998}, {"info": {"description": "[Plan]\nHead direct south, remains in a rectangular space & rising a little to north. Mat over head still visible, no signs of coffin. Body completely disarticulated. Femora are with head north the other head south. Hip bones as figured are over the other & out of position. Coccyx & sacrum over one femur, some ribs & one large ankle bone over breast. Lower jaw attached to head but rather out of position. See Photo.", "reverseCard": "", "comments": "", "discoveryDate": "", "cardNumber": "", "excavatorName": ""}, "user_id": 580, "task_id": 62067, "created": "2016-05-16T10:58:45.062861", "finish_time": "2016-05-16T10:58:45.062885", "calibration": null, "user_ip": null, "timeout": null, "project_id": 312, "id": 98999}, {"info": {"description": "Tomb (number): U.2.\nDynasty: Pre.\nSmall oval turba, no body left except a few bones.\nBroken ivory vase\nFlint rough\nPiece of obsidian\nBl. gl.short cyl. beads.", "reverseCard": "", "comments": "", "discoveryDate": "Feb. 9", "cardNumber": "U.2.", "excavatorName": ""}, "user_id": 580, "task_id": 62068, "created": "2016-05-16T11:00:28.460661", "finish_time": "2016-05-16T11:00:28.460685", "calibration": null, "user_ip": null, "timeout": null, "project_id": 312, "id": 99000}, {"info": {"description": "Tomb (number): U.3.\nOval turba possibly intact.\n[plan]\nbones of animal\nbody on l. side, head south\nBones in bad state prob. some missing.\nMat over burial & pots", "reverseCard": "", "comments": "", "discoveryDate": "Feb. 9th", "cardNumber": "U.3.", "excavatorName": ""}, "user_id": 580, "task_id": 62069, "created": "2016-05-16T11:02:22.568359", "finish_time": "2016-05-16T11:02:22.568384", "calibration": null, "user_ip": null, "timeout": null, "project_id": 312, "id": 99001}, {"info": {"description": "Tomb (number): U.4.\nDynasty: Pre.\nA large jar upright in the sand.\nNo contents.\nPhoto.", "reverseCard": "reverseCard", "comments": "", "discoveryDate": "Feb. 9th.", "cardNumber": "U.4.", "excavatorName": ""}, "user_id": 580, "task_id": 62070, "created": "2016-05-16T11:05:02.948077", "finish_time": "2016-05-16T11:05:02.948101", "calibration": null, "user_ip": null, "timeout": null, "project_id": 312, "id": 99002}, {"info": {"description": "Tomb (number): U.7.\nDynasty: Pre.\nTurba of uncertain size, plundered\n[plan]\nfragments of bone in coffin of ochre pottery. 114 x 53 x 28 curved out at ends.\nA few beads in coffin\n13 wood (?) [drawing] gold-foil covered\n1 bl. gl.\n4 pieces malachite\nPhoto", "reverseCard": "", "comments": "", "discoveryDate": "Feb. 10", "cardNumber": "U.7.", "excavatorName": "[arabic]"}, "user_id": 580, "task_id": 62071, "created": "2016-05-16T11:08:22.447218", "finish_time": "2016-05-16T11:08:22.447242", "calibration": null, "user_ip": null, "timeout": null, "project_id": 312, "id": 99003}, {"info": {"description": "Tomb (number): U.8.\nDynasty: Pre.\n[plan]\n150 x 100 x 120\nhead S.\nMat & skin under it\nPh.", "reverseCard": "", "comments": "", "discoveryDate": "Feb. 12.", "cardNumber": "U.8.", "excavatorName": "[arabic]"}, "user_id": 580, "task_id": 62072, "created": "2016-05-16T11:10:11.877434", "finish_time": "2016-05-16T11:10:11.877456", "calibration": null, "user_ip": null, "timeout": null, "project_id": 312, "id": 99004}, {"info": {"description": "Tomb (number): U.9.\nDynasty: Pre.\n[plan]\nMat over body\nhead turned face up\nlegs || to spine", "reverseCard": "", "comments": "", "discoveryDate": "Feb. 12th", "cardNumber": "U.9.", "excavatorName": "[arabic]"}, "user_id": 580, "task_id": 62073, "created": "2016-05-16T11:12:08.423864", "finish_time": "2016-05-16T11:12:08.423887", "calibration": null, "user_ip": null, "timeout": null, "project_id": 312, "id": 99005}, {"info": {"description": "Tomb (number): U.10.\nPre-dyn\n[plan]\n1. Frags\n2. Frags of B11f\n3. B35d\n4. B75a\n5. B74a\nMale body in wooden coffin. Ox ribs in front of coffin. Malachite & pebble in front of face. Head to S. Bits of cloth.", "reverseCard": "", "comments": "", "discoveryDate": "Feb. 12th.", "cardNumber": "U.10", "excavatorName": ""}, "user_id": 580, "task_id": 62074, "created": "2016-05-16T11:15:34.994033", "finish_time": "2016-05-16T11:15:34.994057", "calibration": null, "user_ip": null, "timeout": null, "project_id": 312, "id": 99006}, {"info": {"description": "Tomb (number): U.11.\nPre-dyn\n[plan]\n1. P66\n2. B29a\n3. B22b\n4. P1a\n5. B19a\n6. B19a\n7. P17\nLarge roughly oval turba, 150 cms deep, Male body covered with a reed mat. In front of face were two rough mud figures", "reverseCard": "reverseCard", "comments": "", "discoveryDate": "Feb. 12th.", "cardNumber": "U.11", "excavatorName": ""}, "user_id": 580, "task_id": 62075, "created": "2016-05-16T11:20:26.089615", "finish_time": "2016-05-16T11:20:26.089640", "calibration": null, "user_ip": null, "timeout": null, "project_id": 312, "id": 99007}, {"info": {"description": "Tomb (number): U.12.\nPre-dyn.\nDisturbed turba, only leg bones remained. Head had originally been S.\n1 Bowl: B11e", "reverseCard": "", "comments": "", "discoveryDate": "Feb. 12th", "cardNumber": "U.12", "excavatorName": ""}, "user_id": 580, "task_id": 62076, "created": "2016-05-16T11:22:13.407963", "finish_time": "2016-05-16T11:22:13.407983", "calibration": null, "user_ip": null, "timeout": null, "project_id": 312, "id": 99008}, {"info": {"description": "Tomb (number): U.13.\nDynasty: Pre\n[plan]\n150 x 110 x 140\nChild\nBody in\n(1) Cloth\n(2) Skin\n(3) Mat\n(4) Reeds\n{1. B.1.a\n2. B.22.f} (1) invertes over 2\n3. B.27.d with cross line!!\n4. B.18.d (turn out horiz. rim)\n5. B.22.f.\n6. F.96.b.\n7. Necklace of beads, see over\n8. Ivory ring\n9. Malachite\nPiece of ivory pin in [...]\nPhoto", "reverseCard": "reverseCard", "comments": "", "discoveryDate": "Feb. 13th", "cardNumber": "U.13", "excavatorName": "[arabic]"}, "user_id": 580, "task_id": 62077, "created": "2016-05-16T11:44:47.684587", "finish_time": "2016-05-16T11:44:47.684611", "calibration": null, "user_ip": null, "timeout": null, "project_id": 312, "id": 99009}, {"info": {"description": "Necklace\nUnder these the rest of the smaller beads in single string.\nBeads were not strung round neck but string was laid behind neck.", "reverseCard": "", "comments": "", "discoveryDate": "", "cardNumber": "", "excavatorName": ""}, "user_id": 580, "task_id": 62078, "created": "2016-05-16T11:46:14.812383", "finish_time": "2016-05-16T11:46:14.812403", "calibration": null, "user_ip": null, "timeout": null, "project_id": 312, "id": 99010}, {"info": {"description": "Tomb (number): U.14.\nDynasty: Pre.\n[plan]\nB.18.d.\nBody in mat\nPhoto", "reverseCard": "", "comments": "", "discoveryDate": "Feb. 13th", "cardNumber": "U.14.", "excavatorName": "[arabic]"}, "user_id": 580, "task_id": 62079, "created": "2016-05-16T11:47:13.822380", "finish_time": "2016-05-16T11:47:13.822403", "calibration": null, "user_ip": null, "timeout": null, "project_id": 312, "id": 99011}, {"info": {"description": "Tomb (number): U.15.\nPre-dyn.\nSmall oval Turba\n1 m wide, 1 m deep, 1.50 long\nMale body on L. side.\nFragments of reed mat & skin on body.\n1 Black top pot 18.d in front of face.\nHead to S.\nBones of animal in pot", "reverseCard": "", "comments": "", "discoveryDate": "Feb. 15", "cardNumber": "U.15", "excavatorName": ""}, "user_id": 580, "task_id": 62080, "created": "2016-05-16T11:49:43.189893", "finish_time": "2016-05-16T11:49:43.189918", "calibration": null, "user_ip": null, "timeout": null, "project_id": 312, "id": 99012}, {"info": {"description": "[plan]", "reverseCard": "", "comments": "", "discoveryDate": "", "cardNumber": "", "excavatorName": ""}, "user_id": 580, "task_id": 62081, "created": "2016-05-16T11:49:59.377381", "finish_time": "2016-05-16T11:49:59.377406", "calibration": null, "user_ip": null, "timeout": null, "project_id": 312, "id": 99013}, {"info": {"description": "Tomb (number): U.16.\nDynasty: Pre.\n[plan]\nB.27.g\nB.21.a.\nB.22.f\nMat\nP.M.\nB.22.f. reversed\nleg of a small animal.\nX is a P. pot, pear-shaped with 2 small string-holes (drawn)", "reverseCard": "reverseCard", "comments": "", "discoveryDate": "Feb. 16th.", "cardNumber": "U.16.", "excavatorName": "[arabic]"}, "user_id": 580, "task_id": 62082, "created": "2016-05-16T12:47:49.718458", "finish_time": "2016-05-16T12:47:49.718482", "calibration": null, "user_ip": null, "timeout": null, "project_id": 312, "id": 99016}, {"info": {"description": "Tomb (number): U.17.\nDynasty: Pre\nDisturbed.\n8. W. vases W.43\nR vase R.84.\nLarge number of gold foil beads on (bone)? matrix\nPieces of gold foil, some crenellated\nPear shaped mace-head in radim\nSix small flint razors.", "reverseCard": "", "comments": "", "discoveryDate": "Feb. 16th", "cardNumber": "U.17.", "excavatorName": "[arabic]"}, "user_id": 580, "task_id": 62083, "created": "2016-05-16T12:51:48.757606", "finish_time": "2016-05-16T12:51:48.757630", "calibration": null, "user_ip": null, "timeout": null, "project_id": 312, "id": 99017}, {"info": {"description": "Tomb (number): U.19.\nDynasty: Pre.\n[plan]\nB.27.c\nB.27.c\ntype F.15. in B\nYoung girl (about 19) head S\nBody in mat\nAnimal bones in B. dish\na. Malachite\nb. Crumpled skin object with two mud cones on it, each with a furrow down one side [drawing] hts 25 & 34 mm. prob. sealings\nc. Pebble\nd. Comb of ivory under head\nPhotos", "reverseCard": "", "comments": "", "discoveryDate": "Feb. 20th", "cardNumber": "U.19.", "excavatorName": "[arabic]"}, "user_id": 580, "task_id": 62084, "created": "2016-05-16T12:56:01.417126", "finish_time": "2016-05-16T12:56:01.417152", "calibration": null, "user_ip": null, "timeout": null, "project_id": 312, "id": 99018}, {"info": {"description": "Tomb (number): U.20.\nDynasty: Pre.\n[plan]\nB.25.b\nP.61 thinner neck\nB.27.f\npieces of a mud obj. painted red\nMiddle aged male, body in mat. The mud obj. was apparently buried broken. It was made on a core of thick string & was perhaps a serpent. An end piece is shaped [drawing]", "reverseCard": "", "comments": "", "discoveryDate": "Feb. 20th", "cardNumber": "U.20.", "excavatorName": ""}, "user_id": 580, "task_id": 62085, "created": "2016-05-16T13:00:16.203834", "finish_time": "2016-05-16T13:00:16.203857", "calibration": null, "user_ip": null, "timeout": null, "project_id": 312, "id": 99019}, {"info": {"description": "Tomb (number): U.21.\nDynasty: Pre.\nOval turba badly plundered\nIn filling\n(a) B.26.c.\n(b) B.68.b.\n(c) Two Cros Line bowls: C.26.3 [triangle] s C.44.8 [triangle] s\n(d) A figure of a man, black & red in fired clay", "reverseCard": "", "comments": "", "discoveryDate": "Feb. 20th.", "cardNumber": "U.21.", "excavatorName": "[arabic]"}, "user_id": 580, "task_id": 62086, "created": "2016-05-16T13:03:15.282034", "finish_time": "2016-05-16T13:03:15.282058", "calibration": null, "user_ip": null, "timeout": null, "project_id": 312, "id": 99020}, {"info": {"description": "Tomb (number): U.22.\nDynasty: Pre.\n[plan]\nB.53.b.\nL.7.d. (rough) inverted over R.50. thin\nL.40. thin type.\nPlundered out. Bones gone\nFour bl. beads\nFlint razor\nBone pin\nFragts. of stone vases\nSmall piece of mud with two small holes ? a sealing", "reverseCard": "", "comments": "", "discoveryDate": "Feb. 22", "cardNumber": "U.22", "excavatorName": ""}, "user_id": 580, "task_id": 62087, "created": "2016-05-16T13:05:31.486634", "finish_time": "2016-05-16T13:05:31.486659", "calibration": null, "user_ip": null, "timeout": null, "project_id": 312, "id": 99021}, {"info": {"description": "Tomb (number): U.23\nDynasty: Pre.\nCompletely plundered\nPiece of slate-palette [drawing]\nRed pol. vase [drawing]", "reverseCard": "", "comments": "", "discoveryDate": "Feb. 22", "cardNumber": "U.23", "excavatorName": "[arabic]"}, "user_id": 580, "task_id": 62088, "created": "2016-05-16T13:06:37.602745", "finish_time": "2016-05-16T13:06:37.602770", "calibration": null, "user_ip": null, "timeout": null, "project_id": 312, "id": 99022}, {"info": {"description": "Tomb (number): U.24.\nDynasty: Pre.\n[plan]\nB.22.b\nBody in mat.", "reverseCard": "", "comments": "", "discoveryDate": "Feb. 22.", "cardNumber": "U.24.", "excavatorName": "[arabic]"}, "user_id": 580, "task_id": 62089, "created": "2016-05-16T13:07:20.876727", "finish_time": "2016-05-16T13:07:20.876751", "calibration": null, "user_ip": null, "timeout": null, "project_id": 312, "id": 99023}, {"info": {"description": "Tomb (number): U.25\nDynasty: Pre.\nCompletely upset.\nB.35.d.\nP.34.c.\nB.74.a.\nB.47.\nFlint long pointed\nSmall triangular flint", "reverseCard": "", "comments": "", "discoveryDate": "Feb. 23.", "cardNumber": "U.25", "excavatorName": ""}, "user_id": 580, "task_id": 62090, "created": "2016-05-16T13:08:51.961793", "finish_time": "2016-05-16T13:08:51.961813", "calibration": null, "user_ip": null, "timeout": null, "project_id": 312, "id": 99024}, {"info": {"description": "Tomb (number): U.26.\nDynasty: Pre.\n[plan]\nTwo horns\nPalette\nFemale\nB.27.c.\nB.11.f\nPalette a broken half of rhomboidal\nHorn objects with black matter in the lines & 4 holes at top.", "reverseCard": "", "comments": "", "discoveryDate": "Feb. 23rd.", "cardNumber": "U.26.", "excavatorName": "[arabic]"}, "user_id": 580, "task_id": 62091, "created": "2016-05-16T13:11:58.191131", "finish_time": "2016-05-16T13:11:58.191152", "calibration": null, "user_ip": null, "timeout": null, "project_id": 312, "id": 99025}, {"info": {"description": "Tomb (number): U.27.\nDynasty: Pre.\n[plan]\nFemale\nB.22.c. (rotted away)\nBones partly disarranged due to plundering while body fresh\nResin & malachite at x\nWrapping of mat in parts", "reverseCard": "", "comments": "", "discoveryDate": "Feb. 23rd", "cardNumber": "U.27.", "excavatorName": "[arabic]"}, "user_id": 580, "task_id": 62092, "created": "2016-05-16T13:15:14.979639", "finish_time": "2016-05-16T13:15:14.979662", "calibration": null, "user_ip": null, "timeout": null, "project_id": 312, "id": 99026}, {"info": {"description": "Tomb (number): U.28\nDynasty: Pre.\nBody intact\nAlmost supine, slightly on l. side\nhead S. See photo.\nNo finds.\nPhoto", "reverseCard": "", "comments": "", "discoveryDate": "Feb. 23", "cardNumber": "U.28", "excavatorName": "[arabic]"}, "user_id": 580, "task_id": 62093, "created": "2016-05-16T13:16:14.765792", "finish_time": "2016-05-16T13:16:14.765814", "calibration": null, "user_ip": null, "timeout": null, "project_id": 312, "id": 99027}, {"info": {"description": "Tomb (number): U.29.\n[plan]\nMale\nB.22.b.\nMat\nPhoto", "reverseCard": "", "comments": "", "discoveryDate": "Feb. 25", "cardNumber": "U.29.", "excavatorName": "[arabic]"}, "user_id": 580, "task_id": 62094, "created": "2016-05-16T13:16:55.989544", "finish_time": "2016-05-16T13:16:55.989568", "calibration": null, "user_ip": null, "timeout": null, "project_id": 312, "id": 99028}, {"info": {"description": "Tomb (number): U.30.\nDynasty: Pre.\n[plan]\nMale\nB.19.a.\nMat", "reverseCard": "", "comments": "", "discoveryDate": "Feb. 25", "cardNumber": "U.30.", "excavatorName": "[arabic]"}, "user_id": 580, "task_id": 62095, "created": "2016-05-16T13:17:35.279030", "finish_time": "2016-05-16T13:17:35.279055", "calibration": null, "user_ip": null, "timeout": null, "project_id": 312, "id": 99029}, {"info": {"description": "Tomb (number): U.31\n[plan]\nB.18.b.\nthree ivory armlets\nChild\nP.22.\nMat & cloth\nCarnelian ring\nbeads at neck\nOrder not clear.", "reverseCard": "", "comments": "", "discoveryDate": "Feb. 25", "cardNumber": "U.31", "excavatorName": "[arabic]"}, "user_id": 580, "task_id": 62096, "created": "2016-05-16T13:19:55.447779", "finish_time": "2016-05-16T13:19:55.447801", "calibration": null, "user_ip": null, "timeout": null, "project_id": 312, "id": 99030}, {"info": {"description": "Tomb (number): U.32.\nDynasty: Pre.\n[plan]\nB.21.b.\nSmall child. Circular turba.", "reverseCard": "", "comments": "", "discoveryDate": "Feb. 25", "cardNumber": "U.32", "excavatorName": "[arabic]"}, "user_id": 580, "task_id": 62097, "created": "2016-05-16T13:20:52.940811", "finish_time": "2016-05-16T13:20:52.940834", "calibration": null, "user_ip": null, "timeout": null, "project_id": 312, "id": 99031}, {"info": {"description": "Dynasty: Pre.\nMat sun body.\nS.\nB.22.b\noi\nhead turned face up. \nRys II to spine.", "reverseCard": "reverseCard", "comments": "Some of the handwriting was difficult to decipher. I made my best possible judgement. ", "discoveryDate": "Feb 12th", "cardNumber": "U.9.", "excavatorName": ""}, "user_id": 677, "task_id": 62073, "created": "2016-05-17T01:54:45.703975", "finish_time": "2016-05-17T01:54:45.704000", "calibration": null, "user_ip": null, "timeout": null, "project_id": 312, "id": 99073}, {"info": {"description": "Dynasty: Pre-dyr\n1. Frags\n2. Frags of BIIf\n3. B35d\n4. B75a\n5. B74a\nMale body in wooden coffin. Ox ribs in front of coffin. Malackite & pebble in front of face. Head to S. Bits of cloth. \n", "reverseCard": "", "comments": "Some of the handwriting was difficult to decipher. I made my best possible judgement. ", "discoveryDate": "Feb 12th", "cardNumber": "U.10", "excavatorName": ""}, "user_id": 677, "task_id": 62074, "created": "2016-05-17T01:57:18.238290", "finish_time": "2016-05-17T01:57:18.238313", "calibration": null, "user_ip": null, "timeout": null, "project_id": 312, "id": 99076}, {"info": {"description": "Dynasty: Pre-dyr.\n1. P66\n2. B29a\n3. B22b\n4. P1a\n5. B19a\n6. B19a\n7. P17.\nS\nxx nud figures.\nLarge roughly oval Turba, 150 cms deep. Male body covered with a reed mat. In front of face were two rough mud figures. \n\n", "reverseCard": "", "comments": "Some of the handwriting was difficult to decipher. I made my best possible judgement. ", "discoveryDate": "Feb 12th", "cardNumber": "U.11", "excavatorName": ""}, "user_id": 677, "task_id": 62075, "created": "2016-05-17T02:00:22.294083", "finish_time": "2016-05-17T02:00:22.294108", "calibration": null, "user_ip": null, "timeout": null, "project_id": 312, "id": 99078}, {"info": {"description": "Dynasty: Pre.dyn.\nDisturbed turba. Only leg bones remained. Head had originally been S. , Bowl B11e. ", "reverseCard": "", "comments": "Some of the handwriting was difficult to decipher. I made my best possible judgement. ", "discoveryDate": "Feb. 12th", "cardNumber": "U.12", "excavatorName": ""}, "user_id": 677, "task_id": 62076, "created": "2016-05-17T02:02:04.893858", "finish_time": "2016-05-17T02:02:04.893882", "calibration": null, "user_ip": null, "timeout": null, "project_id": 312, "id": 99080}, {"info": {"description": "Dynasty: Pre.\nS\nPhoto\n150 x 110 x 140\nChils\nBody in \n1. Cecth\n2. Skin\n3. Mat\n4. Reeds\n1. B.1.a \n2. B.22.f} 1. Iniertes over 2.\n3. B.27.d with cross line !!\n4. B.18.d (twm cut horiy rim)\n5. B.22.f.\n6. F. 96.b.\n7. Necklace of beads, see over\n8. Ivory ring\n9. Malachita\nPiece of ivory pin in sleie   \n", "reverseCard": "reverseCard", "comments": "Some of the handwriting was difficult to decipher. I made my best possible judgement. ", "discoveryDate": "Feb 13th", "cardNumber": "U. 13", "excavatorName": ""}, "user_id": 677, "task_id": 62077, "created": "2016-05-17T07:54:11.433920", "finish_time": "2016-05-17T07:54:11.433945", "calibration": null, "user_ip": null, "timeout": null, "project_id": 312, "id": 99096}, {"info": {"description": "South\nNecklace\nUnda these the rest of the smaller beads in single string. Beads were not strung round neck lnt string was laid behind neck.  ", "reverseCard": "", "comments": "Some of the handwriting was difficult to decipher. I made my best possible judgement. ", "discoveryDate": "", "cardNumber": "", "excavatorName": ""}, "user_id": 677, "task_id": 62078, "created": "2016-05-17T07:55:45.106368", "finish_time": "2016-05-17T07:55:45.106392", "calibration": null, "user_ip": null, "timeout": null, "project_id": 312, "id": 99097}, {"info": {"description": "Dynasty: Pre.\nS\nPhoto\nB.18.S.\noi\nBody in mat. ", "reverseCard": "", "comments": "Some of the handwriting was difficult to decipher. I made my best possible judgement. ", "discoveryDate": "Feb 13th", "cardNumber": "U.14", "excavatorName": ""}, "user_id": 677, "task_id": 62079, "created": "2016-05-17T07:56:58.220823", "finish_time": "2016-05-17T07:56:58.220848", "calibration": null, "user_ip": null, "timeout": null, "project_id": 312, "id": 99098}, {"info": {"description": "Dynasty: Pre. dyn.\nSmall oval turba\n1m width\n\" deep\n1.50 tons\nMale body on L side. Fragments of used mat & skin on body. 1 black top pot 18.d. in front of face. Head to S. Bones of animal in pot. ", "reverseCard": "reverseCard", "comments": "Some of the handwriting was difficult to deciper. I made my best possible judgement. ", "discoveryDate": "Feb. 15", "cardNumber": "U.15", "excavatorName": ""}, "user_id": 677, "task_id": 62080, "created": "2016-05-18T00:47:28.380947", "finish_time": "2016-05-18T00:47:28.380971", "calibration": null, "user_ip": null, "timeout": null, "project_id": 312, "id": 99175}, {"info": {"description": "S.", "reverseCard": "", "comments": "", "discoveryDate": "", "cardNumber": "", "excavatorName": ""}, "user_id": 677, "task_id": 62081, "created": "2016-05-18T00:47:46.702005", "finish_time": "2016-05-18T00:47:46.702030", "calibration": null, "user_ip": null, "timeout": null, "project_id": 312, "id": 99176}, {"info": {"description": "Dynasty: Pre. \nS.\nB.21 a.\n2.f 160 x 100 x 140\nMat.\nP.17.\nB.22.f. reversed.\nLeg of a small animal. \nx is a P. pot, pear-shaped with 2 small string-holes (diam).  ", "reverseCard": "", "comments": "Some of the handwriting was difficult to deciper. I made my best possible judgement. ", "discoveryDate": "Feb. 16th", "cardNumber": "U.16", "excavatorName": ""}, "user_id": 677, "task_id": 62082, "created": "2016-05-18T00:49:53.532146", "finish_time": "2016-05-18T00:49:53.532167", "calibration": null, "user_ip": null, "timeout": null, "project_id": 312, "id": 99177}, {"info": {"description": "Dynasty: Pre.\nDisturbed.\n8. W vases W 43.\nR vase R.84.\nLarge number of gold foil beads on (bone)? matnix.\nPieces of gold foil, some crenellated.\nPear shaped mace-head in radim.\nSix small flint razors.   ", "reverseCard": "reverseCard", "comments": "Some of the handwriting was difficult to decipher. I made my best possible judgement. ", "discoveryDate": "Feb. 16th", "cardNumber": "U.17.", "excavatorName": ""}, "user_id": 677, "task_id": 62083, "created": "2016-05-18T23:47:39.723658", "finish_time": "2016-05-18T23:47:39.723682", "calibration": null, "user_ip": null, "timeout": null, "project_id": 312, "id": 99225}, {"info": {"description": "Dynasty: Pre.\nB.27.c\nType F.15. in B\nYoung girl (about 19) head S.\nBody in mat.\nAnimal bones in B. dish.\na. malachite.\nb. Crampred skin object with two mud cones on it, each with a fanur down one side.\nc. Pebble.\nd. Comb of ivory and a head.\nPhotos.\nhts. 25 & 34 mm. Prob. sealings.", "reverseCard": "", "comments": "Some of the handwriting was difficult to decipher. I made my best possible judgement. ", "discoveryDate": "Feb. 20th", "cardNumber": "U.19", "excavatorName": ""}, "user_id": 677, "task_id": 62084, "created": "2016-05-18T23:50:54.703364", "finish_time": "2016-05-18T23:50:54.703385", "calibration": null, "user_ip": null, "timeout": null, "project_id": 312, "id": 99226}, {"info": {"description": "Dynasty: Pre.\nMale. B.25.b.\nS.\nP.61. thinner neck.\nlnat. B.27.f\npieces of a mud obj: painted red.\nMiddle aged male, body in mat.\nThe mud obj. was apparantly buried broken. It was made an a care of thick string & was perhaps a serpent. An end piece is shaped.  ", "reverseCard": "", "comments": "Some of the handwriting was difficult to decipher. I made my best possible judgement. ", "discoveryDate": "Feb. 20th", "cardNumber": "U.20", "excavatorName": ""}, "user_id": 677, "task_id": 62085, "created": "2016-05-18T23:54:06.097639", "finish_time": "2016-05-18T23:54:06.097664", "calibration": null, "user_ip": null, "timeout": null, "project_id": 312, "id": 99227}, {"info": {"description": "Dynasty: Pre.\nOval turba badly plundered.\nIn filling.\na. B 26.c.\nb. B. 68.b.\nc. Two Cras line bowls {C.26.3s. C.44.8s}.\nd. A figure of a man, beaila & red on fired clay. ", "reverseCard": "", "comments": "Some of the handwriting was difficult to decipher. I made my best possible judgement. ", "discoveryDate": "Feb.20th", "cardNumber": "U.21", "excavatorName": ""}, "user_id": 677, "task_id": 62086, "created": "2016-05-18T23:56:46.549149", "finish_time": "2016-05-18T23:56:46.549175", "calibration": null, "user_ip": null, "timeout": null, "project_id": 312, "id": 99228}, {"info": {"description": "Plundered out. Bones gone.\nFour bl. beads\nFlint razor\nBone pin\nFrags. of stone vases\nSmall piece of  mud with two small holes ? a selaing", "reverseCard": "reverseCard", "comments": "", "discoveryDate": "1911 Feb 22", "cardNumber": "", "excavatorName": ""}, "user_id": 1032, "task_id": 62087, "created": "2016-05-19T17:59:24.695668", "finish_time": "2016-05-19T17:59:24.695692", "calibration": null, "user_ip": null, "timeout": null, "project_id": 312, "id": 99259}, {"info": {"description": "Completely plundered.  Piece of slate palette. [;] Red pol. vase.", "reverseCard": "reverseCard", "comments": "There are 2 drawings.", "discoveryDate": "Fe. 22", "cardNumber": "U. 23", "excavatorName": ""}, "user_id": 717, "task_id": 62088, "created": "2016-05-20T20:58:25.992315", "finish_time": "2016-05-20T20:58:25.992340", "calibration": null, "user_ip": null, "timeout": null, "project_id": 312, "id": 99361}, {"info": {"description": "S [;] B.22.b [;] Body in mat.", "reverseCard": "", "comments": "Name in Arabic.  A drawing with writing and figures.", "discoveryDate": "Feb. 22", "cardNumber": "U. 24.", "excavatorName": ""}, "user_id": 717, "task_id": 62089, "created": "2016-05-20T21:02:59.775129", "finish_time": "2016-05-20T21:02:59.775150", "calibration": null, "user_ip": null, "timeout": null, "project_id": 312, "id": 99362}, {"info": {"description": "Completely upset. [;] B  35.2 [;] P. 34.c. [;] B. 74.a. [;] B. 47 [;] Flint long pointed. [;] Small triangular flint.", "reverseCard": "", "comments": "Dynasty Pre.", "discoveryDate": "Feb. 23, 1911", "cardNumber": "U. 25.", "excavatorName": ""}, "user_id": 717, "task_id": 62090, "created": "2016-05-20T21:06:41.741148", "finish_time": "2016-05-20T21:06:41.741172", "calibration": null, "user_ip": null, "timeout": null, "project_id": 312, "id": 99363}, {"info": {"description": "Palette a broken half of ? \nHorn objects with black matter in the lines & in holes on top", "reverseCard": "reverseCard", "comments": "Excavator's name has not been translated", "discoveryDate": "Feb 23 1911", "cardNumber": "", "excavatorName": ""}, "user_id": 1032, "task_id": 62091, "created": "2016-05-22T20:19:13.135939", "finish_time": "2016-05-22T20:19:13.135963", "calibration": null, "user_ip": null, "timeout": null, "project_id": 312, "id": 99530}, {"info": {"description": "B.22.c (rotted away). Bases partly disarrayed due to plundering while body fresh. Resin and malachite at x. Wrapping of mat in parts.", "reverseCard": "reverseCard", "comments": "", "discoveryDate": "Feb. 23rd", "cardNumber": "U.27", "excavatorName": ""}, "user_id": 433, "task_id": 62092, "created": "2016-05-23T18:21:43.232534", "finish_time": "2016-05-23T18:21:43.232558", "calibration": null, "user_ip": null, "timeout": null, "project_id": 312, "id": 99600}, {"info": {"description": "Body intact. Almost supine, slightly on L. side. Head S. See photo. No  finds.", "reverseCard": "", "comments": "", "discoveryDate": "Feb 23", "cardNumber": "U.28", "excavatorName": ""}, "user_id": 433, "task_id": 62093, "created": "2016-05-23T18:22:18.055041", "finish_time": "2016-05-23T18:22:18.055065", "calibration": null, "user_ip": null, "timeout": null, "project_id": 312, "id": 99602}, {"info": {"description": "B.22.b. Mat", "reverseCard": "", "comments": "", "discoveryDate": "Feb 25", "cardNumber": "U.29", "excavatorName": ""}, "user_id": 433, "task_id": 62094, "created": "2016-05-23T18:22:48.816117", "finish_time": "2016-05-23T18:22:48.816143", "calibration": null, "user_ip": null, "timeout": null, "project_id": 312, "id": 99603}, {"info": {"description": "B.19.a, Mat.", "reverseCard": "", "comments": "", "discoveryDate": "Feb 25", "cardNumber": "U.30", "excavatorName": ""}, "user_id": 433, "task_id": 62095, "created": "2016-05-23T18:23:12.334757", "finish_time": "2016-05-23T18:23:12.334778", "calibration": null, "user_ip": null, "timeout": null, "project_id": 312, "id": 99604}, {"info": {"description": "B.18.b Three ivory armlets. Child. Mat and cloth. P.22. Carnelian ring beads at neck. Order not clear.", "reverseCard": "", "comments": "", "discoveryDate": "Feb 25", "cardNumber": "U.31", "excavatorName": ""}, "user_id": 433, "task_id": 62096, "created": "2016-05-23T18:24:28.029893", "finish_time": "2016-05-23T18:24:28.029917", "calibration": null, "user_ip": null, "timeout": null, "project_id": 312, "id": 99605}, {"info": {"description": "B.21.b. Small child. Circular turba.", "reverseCard": "", "comments": "", "discoveryDate": "Feb 25", "cardNumber": "U.32", "excavatorName": ""}, "user_id": 433, "task_id": 62097, "created": "2016-05-23T18:25:02.490623", "finish_time": "2016-05-23T18:25:02.490646", "calibration": null, "user_ip": null, "timeout": null, "project_id": 312, "id": 99606}]