[{"info": {"url": "https://farm6.staticflickr.com/5639/22974317982_f91a099288.jpg", "url_m": "https://farm6.staticflickr.com/5639/22974317982_f91a099288_m.jpg", "link": "https://www.flickr.com/photos/25459876@N04/22974317982", "url_b": "https://farm6.staticflickr.com/5639/22974317982_f91a099288_b.jpg", "title": "AB.TC.D"}, "n_answers": 3, "quorum": 0, "calibration": 0, "created": "2016-09-15T08:51:39.635790", "state": "completed", "project_id": 340, "id": 65496, "priority_0": 0.0}, {"info": {"url": "https://farm1.staticflickr.com/572/22961723826_399fa9b33d.jpg", "url_m": "https://farm1.staticflickr.com/572/22961723826_399fa9b33d_m.jpg", "link": "https://www.flickr.com/photos/25459876@N04/22961723826", "url_b": "https://farm1.staticflickr.com/572/22961723826_399fa9b33d_b.jpg", "title": "AB.TC.D.002"}, "n_answers": 3, "quorum": 0, "calibration": 0, "created": "2016-09-15T08:51:39.695563", "state": "completed", "project_id": 340, "id": 65497, "priority_0": 0.0}, {"info": {"url": "https://farm1.staticflickr.com/750/22998857111_1120393521.jpg", "url_m": "https://farm1.staticflickr.com/750/22998857111_1120393521_m.jpg", "link": "https://www.flickr.com/photos/25459876@N04/22998857111", "url_b": "https://farm1.staticflickr.com/750/22998857111_1120393521_b.jpg", "title": "AB.TC.D.003"}, "n_answers": 3, "quorum": 0, "calibration": 0, "created": "2016-09-15T08:51:39.728087", "state": "completed", "project_id": 340, "id": 65498, "priority_0": 0.0}, {"info": {"url": "https://farm6.staticflickr.com/5666/22961723066_3c30e547e2.jpg", "url_m": "https://farm6.staticflickr.com/5666/22961723066_3c30e547e2_m.jpg", "link": "https://www.flickr.com/photos/25459876@N04/22961723066", "url_b": "https://farm6.staticflickr.com/5666/22961723066_3c30e547e2_b.jpg", "title": "AB.TC.D.004"}, "n_answers": 3, "quorum": 0, "calibration": 0, "created": "2016-09-15T08:51:39.762860", "state": "completed", "project_id": 340, "id": 65499, "priority_0": 0.0}, {"info": {"url": "https://farm6.staticflickr.com/5740/22998855981_3716e888ca.jpg", "url_m": "https://farm6.staticflickr.com/5740/22998855981_3716e888ca_m.jpg", "link": "https://www.flickr.com/photos/25459876@N04/22998855981", "url_b": "https://farm6.staticflickr.com/5740/22998855981_3716e888ca_b.jpg", "title": "AB.TC.D.005"}, "n_answers": 3, "quorum": 0, "calibration": 0, "created": "2016-09-15T08:51:39.795915", "state": "completed", "project_id": 340, "id": 65500, "priority_0": 0.0}, {"info": {"url": "https://farm1.staticflickr.com/697/22569393347_8fc9444e7a.jpg", "url_m": "https://farm1.staticflickr.com/697/22569393347_8fc9444e7a_m.jpg", "link": "https://www.flickr.com/photos/25459876@N04/22569393347", "url_b": "https://farm1.staticflickr.com/697/22569393347_8fc9444e7a_b.jpg", "title": "AB.TC.D.007"}, "n_answers": 3, "quorum": 0, "calibration": 0, "created": "2016-09-15T08:51:39.828960", "state": "completed", "project_id": 340, "id": 65501, "priority_0": 0.0}, {"info": {"url": "https://farm1.staticflickr.com/746/22569393047_a4a75b2818.jpg", "url_m": "https://farm1.staticflickr.com/746/22569393047_a4a75b2818_m.jpg", "link": "https://www.flickr.com/photos/25459876@N04/22569393047", "url_b": "https://farm1.staticflickr.com/746/22569393047_a4a75b2818_b.jpg", "title": "AB.TC.D.008"}, "n_answers": 3, "quorum": 0, "calibration": 0, "created": "2016-09-15T08:51:39.863050", "state": "completed", "project_id": 340, "id": 65502, "priority_0": 0.0}, {"info": {"url": "https://farm6.staticflickr.com/5682/22998854831_15114e49a8.jpg", "url_m": "https://farm6.staticflickr.com/5682/22998854831_15114e49a8_m.jpg", "link": "https://www.flickr.com/photos/25459876@N04/22998854831", "url_b": "https://farm6.staticflickr.com/5682/22998854831_15114e49a8_b.jpg", "title": "AB.TC.D.012"}, "n_answers": 3, "quorum": 0, "calibration": 0, "created": "2016-09-15T08:51:39.895324", "state": "completed", "project_id": 340, "id": 65503, "priority_0": 0.0}, {"info": {"url": "https://farm6.staticflickr.com/5673/22569435608_e18b4009f1.jpg", "url_m": "https://farm6.staticflickr.com/5673/22569435608_e18b4009f1_m.jpg", "link": "https://www.flickr.com/photos/25459876@N04/22569435608", "url_b": "https://farm6.staticflickr.com/5673/22569435608_e18b4009f1_b.jpg", "title": "AB.TC.D.013"}, "n_answers": 3, "quorum": 0, "calibration": 0, "created": "2016-09-15T08:51:39.928013", "state": "completed", "project_id": 340, "id": 65504, "priority_0": 0.0}, {"info": {"url": "https://farm1.staticflickr.com/766/22961720096_2511a4f062.jpg", "url_m": "https://farm1.staticflickr.com/766/22961720096_2511a4f062_m.jpg", "link": "https://www.flickr.com/photos/25459876@N04/22961720096", "url_b": "https://farm1.staticflickr.com/766/22961720096_2511a4f062_b.jpg", "title": "AB.TC.D.014"}, "n_answers": 3, "quorum": 0, "calibration": 0, "created": "2016-09-15T08:51:39.961944", "state": "completed", "project_id": 340, "id": 65505, "priority_0": 0.0}, {"info": {"url": "https://farm6.staticflickr.com/5787/22987760665_f83818fba9.jpg", "url_m": "https://farm6.staticflickr.com/5787/22987760665_f83818fba9_m.jpg", "link": "https://www.flickr.com/photos/25459876@N04/22987760665", "url_b": "https://farm6.staticflickr.com/5787/22987760665_f83818fba9_b.jpg", "title": "AB.TC.D.015"}, "n_answers": 3, "quorum": 0, "calibration": 0, "created": "2016-09-15T08:51:39.996249", "state": "completed", "project_id": 340, "id": 65506, "priority_0": 0.0}, {"info": {"url": "https://farm1.staticflickr.com/704/22569390357_5b7ae57094.jpg", "url_m": "https://farm1.staticflickr.com/704/22569390357_5b7ae57094_m.jpg", "link": "https://www.flickr.com/photos/25459876@N04/22569390357", "url_b": "https://farm1.staticflickr.com/704/22569390357_5b7ae57094_b.jpg", "title": "AB.TC.D.016"}, "n_answers": 3, "quorum": 0, "calibration": 0, "created": "2016-09-15T08:51:40.032133", "state": "completed", "project_id": 340, "id": 65507, "priority_0": 0.0}, {"info": {"url": "https://farm1.staticflickr.com/724/22998852741_3d3efcfe9f.jpg", "url_m": "https://farm1.staticflickr.com/724/22998852741_3d3efcfe9f_m.jpg", "link": "https://www.flickr.com/photos/25459876@N04/22998852741", "url_b": "https://farm1.staticflickr.com/724/22998852741_3d3efcfe9f_b.jpg", "title": "AB.TC.D.017"}, "n_answers": 3, "quorum": 0, "calibration": 0, "created": "2016-09-15T08:51:40.077462", "state": "completed", "project_id": 340, "id": 65508, "priority_0": 0.0}, {"info": {"url": "https://farm1.staticflickr.com/565/22569386457_f9f45a949e.jpg", "url_m": "https://farm1.staticflickr.com/565/22569386457_f9f45a949e_m.jpg", "link": "https://www.flickr.com/photos/25459876@N04/22569386457", "url_b": "https://farm1.staticflickr.com/565/22569386457_f9f45a949e_b.jpg", "title": "AB.TC.D.018"}, "n_answers": 3, "quorum": 0, "calibration": 0, "created": "2016-09-15T08:51:40.112719", "state": "completed", "project_id": 340, "id": 65509, "priority_0": 0.0}, {"info": {"url": "https://farm6.staticflickr.com/5650/22569508417_54fa953411.jpg", "url_m": "https://farm6.staticflickr.com/5650/22569508417_54fa953411_m.jpg", "link": "https://www.flickr.com/photos/25459876@N04/22569508417", "url_b": "https://farm6.staticflickr.com/5650/22569508417_54fa953411_b.jpg", "title": "AB.TC.D.021"}, "n_answers": 3, "quorum": 0, "calibration": 0, "created": "2016-09-15T08:51:40.147446", "state": "completed", "project_id": 340, "id": 65510, "priority_0": 0.0}, {"info": {"url": "https://farm6.staticflickr.com/5684/22569549708_3c89c5324d.jpg", "url_m": "https://farm6.staticflickr.com/5684/22569549708_3c89c5324d_m.jpg", "link": "https://www.flickr.com/photos/25459876@N04/22569549708", "url_b": "https://farm6.staticflickr.com/5684/22569549708_3c89c5324d_b.jpg", "title": "AB.TC.D.031"}, "n_answers": 3, "quorum": 0, "calibration": 0, "created": "2016-09-15T08:51:40.178859", "state": "completed", "project_id": 340, "id": 65511, "priority_0": 0.0}, {"info": {"url": "https://farm6.staticflickr.com/5704/22974429412_22b16a3f5d.jpg", "url_m": "https://farm6.staticflickr.com/5704/22974429412_22b16a3f5d_m.jpg", "link": "https://www.flickr.com/photos/25459876@N04/22974429412", "url_b": "https://farm6.staticflickr.com/5704/22974429412_22b16a3f5d_b.jpg", "title": "AB.TC.D.032"}, "n_answers": 3, "quorum": 0, "calibration": 0, "created": "2016-09-15T08:51:40.239169", "state": "completed", "project_id": 340, "id": 65512, "priority_0": 0.0}, {"info": {"url": "https://farm1.staticflickr.com/741/22987874285_e8397165b3.jpg", "url_m": "https://farm1.staticflickr.com/741/22987874285_e8397165b3_m.jpg", "link": "https://www.flickr.com/photos/25459876@N04/22987874285", "url_b": "https://farm1.staticflickr.com/741/22987874285_e8397165b3_b.jpg", "title": "AB.TC.D.033"}, "n_answers": 3, "quorum": 0, "calibration": 0, "created": "2016-09-15T08:51:40.271673", "state": "completed", "project_id": 340, "id": 65513, "priority_0": 0.0}, {"info": {"url": "https://farm6.staticflickr.com/5750/22595565719_dbf29b1c45.jpg", "url_m": "https://farm6.staticflickr.com/5750/22595565719_dbf29b1c45_m.jpg", "link": "https://www.flickr.com/photos/25459876@N04/22595565719", "url_b": "https://farm6.staticflickr.com/5750/22595565719_dbf29b1c45_b.jpg", "title": "AB.TC.D.034"}, "n_answers": 3, "quorum": 0, "calibration": 0, "created": "2016-09-15T08:51:40.304922", "state": "completed", "project_id": 340, "id": 65514, "priority_0": 0.0}, {"info": {"url": "https://farm6.staticflickr.com/5836/22595680409_4def74a22b.jpg", "url_m": "https://farm6.staticflickr.com/5836/22595680409_4def74a22b_m.jpg", "link": "https://www.flickr.com/photos/25459876@N04/22595680409", "url_b": "https://farm6.staticflickr.com/5836/22595680409_4def74a22b_b.jpg", "title": "AB.TC.D.035"}, "n_answers": 3, "quorum": 0, "calibration": 0, "created": "2016-09-15T08:51:40.337956", "state": "completed", "project_id": 340, "id": 65515, "priority_0": 0.0}, {"info": {"url": "https://farm1.staticflickr.com/640/22595679829_e3a032a3b4.jpg", "url_m": "https://farm1.staticflickr.com/640/22595679829_e3a032a3b4_m.jpg", "link": "https://www.flickr.com/photos/25459876@N04/22595679829", "url_b": "https://farm1.staticflickr.com/640/22595679829_e3a032a3b4_b.jpg", "title": "AB.TC.D.037"}, "n_answers": 3, "quorum": 0, "calibration": 0, "created": "2016-09-15T08:51:40.370643", "state": "completed", "project_id": 340, "id": 65516, "priority_0": 0.0}, {"info": {"url": "https://farm1.staticflickr.com/742/22569504557_c4e6fe2377.jpg", "url_m": "https://farm1.staticflickr.com/742/22569504557_c4e6fe2377_m.jpg", "link": "https://www.flickr.com/photos/25459876@N04/22569504557", "url_b": "https://farm1.staticflickr.com/742/22569504557_c4e6fe2377_b.jpg", "title": "AB.TC.D.038"}, "n_answers": 3, "quorum": 0, "calibration": 0, "created": "2016-09-15T08:51:40.403489", "state": "completed", "project_id": 340, "id": 65517, "priority_0": 0.0}, {"info": {"url": "https://farm6.staticflickr.com/5760/22569545968_f42f1fd30b.jpg", "url_m": "https://farm6.staticflickr.com/5760/22569545968_f42f1fd30b_m.jpg", "link": "https://www.flickr.com/photos/25459876@N04/22569545968", "url_b": "https://farm6.staticflickr.com/5760/22569545968_f42f1fd30b_b.jpg", "title": "AB.TC.D.041"}, "n_answers": 3, "quorum": 0, "calibration": 0, "created": "2016-09-15T08:51:40.438015", "state": "completed", "project_id": 340, "id": 65518, "priority_0": 0.0}, {"info": {"url": "https://farm1.staticflickr.com/691/22961831866_6f706a20f2.jpg", "url_m": "https://farm1.staticflickr.com/691/22961831866_6f706a20f2_m.jpg", "link": "https://www.flickr.com/photos/25459876@N04/22961831866", "url_b": "https://farm1.staticflickr.com/691/22961831866_6f706a20f2_b.jpg", "title": "AB.TC.D.050"}, "n_answers": 3, "quorum": 0, "calibration": 0, "created": "2016-09-15T08:51:40.470362", "state": "completed", "project_id": 340, "id": 65519, "priority_0": 0.0}, {"info": {"url": "https://farm6.staticflickr.com/5651/22595677319_b97e2d4779.jpg", "url_m": "https://farm6.staticflickr.com/5651/22595677319_b97e2d4779_m.jpg", "link": "https://www.flickr.com/photos/25459876@N04/22595677319", "url_b": "https://farm6.staticflickr.com/5651/22595677319_b97e2d4779_b.jpg", "title": "AB.TC.D.051"}, "n_answers": 3, "quorum": 0, "calibration": 0, "created": "2016-09-15T08:51:40.504477", "state": "completed", "project_id": 340, "id": 65520, "priority_0": 0.0}, {"info": {"url": "https://farm1.staticflickr.com/716/22998964191_78a010dabc.jpg", "url_m": "https://farm1.staticflickr.com/716/22998964191_78a010dabc_m.jpg", "link": "https://www.flickr.com/photos/25459876@N04/22998964191", "url_b": "https://farm1.staticflickr.com/716/22998964191_78a010dabc_b.jpg", "title": "AB.TC.D.052a"}, "n_answers": 3, "quorum": 0, "calibration": 0, "created": "2016-09-15T08:51:40.537666", "state": "completed", "project_id": 340, "id": 65521, "priority_0": 0.0}, {"info": {"url": "https://farm1.staticflickr.com/678/22569543478_c5f2d7c8d3.jpg", "url_m": "https://farm1.staticflickr.com/678/22569543478_c5f2d7c8d3_m.jpg", "link": "https://www.flickr.com/photos/25459876@N04/22569543478", "url_b": "https://farm1.staticflickr.com/678/22569543478_c5f2d7c8d3_b.jpg", "title": "AB.TC.D.052b"}, "n_answers": 3, "quorum": 0, "calibration": 0, "created": "2016-09-15T08:51:40.570701", "state": "completed", "project_id": 340, "id": 65522, "priority_0": 0.0}, {"info": {"url": "https://farm1.staticflickr.com/764/22569500577_5492706149.jpg", "url_m": "https://farm1.staticflickr.com/764/22569500577_5492706149_m.jpg", "link": "https://www.flickr.com/photos/25459876@N04/22569500577", "url_b": "https://farm1.staticflickr.com/764/22569500577_5492706149_b.jpg", "title": "AB.TC.D.053"}, "n_answers": 3, "quorum": 0, "calibration": 0, "created": "2016-09-15T08:51:40.604290", "state": "completed", "project_id": 340, "id": 65523, "priority_0": 0.0}, {"info": {"url": "https://farm1.staticflickr.com/749/22961828956_273fe88779.jpg", "url_m": "https://farm1.staticflickr.com/749/22961828956_273fe88779_m.jpg", "link": "https://www.flickr.com/photos/25459876@N04/22961828956", "url_b": "https://farm1.staticflickr.com/749/22961828956_273fe88779_b.jpg", "title": "AB.TC.D.054"}, "n_answers": 3, "quorum": 0, "calibration": 0, "created": "2016-09-15T08:51:40.637631", "state": "completed", "project_id": 340, "id": 65524, "priority_0": 0.0}, {"info": {"url": "https://farm1.staticflickr.com/767/22961828356_212d3419b2.jpg", "url_m": "https://farm1.staticflickr.com/767/22961828356_212d3419b2_m.jpg", "link": "https://www.flickr.com/photos/25459876@N04/22961828356", "url_b": "https://farm1.staticflickr.com/767/22961828356_212d3419b2_b.jpg", "title": "AB.TC.D.055"}, "n_answers": 3, "quorum": 0, "calibration": 0, "created": "2016-09-15T08:51:40.670152", "state": "completed", "project_id": 340, "id": 65525, "priority_0": 0.0}, {"info": {"url": "https://farm6.staticflickr.com/5776/22569540978_0c8d050e87.jpg", "url_m": "https://farm6.staticflickr.com/5776/22569540978_0c8d050e87_m.jpg", "link": "https://www.flickr.com/photos/25459876@N04/22569540978", "url_b": "https://farm6.staticflickr.com/5776/22569540978_0c8d050e87_b.jpg", "title": "AB.TC.D.059"}, "n_answers": 3, "quorum": 0, "calibration": 0, "created": "2016-09-15T08:51:40.712160", "state": "completed", "project_id": 340, "id": 65526, "priority_0": 0.0}, {"info": {"url": "https://farm6.staticflickr.com/5752/22569498047_74bd45d7f7.jpg", "url_m": "https://farm6.staticflickr.com/5752/22569498047_74bd45d7f7_m.jpg", "link": "https://www.flickr.com/photos/25459876@N04/22569498047", "url_b": "https://farm6.staticflickr.com/5752/22569498047_74bd45d7f7_b.jpg", "title": "AB.TC.D.061"}, "n_answers": 3, "quorum": 0, "calibration": 0, "created": "2016-09-15T08:51:40.745963", "state": "completed", "project_id": 340, "id": 65527, "priority_0": 0.0}, {"info": {"url": "https://farm6.staticflickr.com/5716/22595671979_146326f7ef.jpg", "url_m": "https://farm6.staticflickr.com/5716/22595671979_146326f7ef_m.jpg", "link": "https://www.flickr.com/photos/25459876@N04/22595671979", "url_b": "https://farm6.staticflickr.com/5716/22595671979_146326f7ef_b.jpg", "title": "AB.TC.D.062"}, "n_answers": 3, "quorum": 0, "calibration": 0, "created": "2016-09-15T08:51:40.779555", "state": "completed", "project_id": 340, "id": 65528, "priority_0": 0.0}, {"info": {"url": "https://farm1.staticflickr.com/680/22569539218_83b6aceca3.jpg", "url_m": "https://farm1.staticflickr.com/680/22569539218_83b6aceca3_m.jpg", "link": "https://www.flickr.com/photos/25459876@N04/22569539218", "url_b": "https://farm1.staticflickr.com/680/22569539218_83b6aceca3_b.jpg", "title": "AB.TC.D.063"}, "n_answers": 3, "quorum": 0, "calibration": 0, "created": "2016-09-15T08:51:40.813261", "state": "completed", "project_id": 340, "id": 65529, "priority_0": 0.0}, {"info": {"url": "https://farm1.staticflickr.com/637/22799818340_be6860bbb4.jpg", "url_m": "https://farm1.staticflickr.com/637/22799818340_be6860bbb4_m.jpg", "link": "https://www.flickr.com/photos/25459876@N04/22799818340", "url_b": "https://farm1.staticflickr.com/637/22799818340_be6860bbb4_b.jpg", "title": "AB.TC.D.064"}, "n_answers": 3, "quorum": 0, "calibration": 0, "created": "2016-09-15T08:51:40.845987", "state": "completed", "project_id": 340, "id": 65530, "priority_0": 0.0}, {"info": {"url": "https://farm1.staticflickr.com/629/22987863995_d30ddd4c4f.jpg", "url_m": "https://farm1.staticflickr.com/629/22987863995_d30ddd4c4f_m.jpg", "link": "https://www.flickr.com/photos/25459876@N04/22987863995", "url_b": "https://farm1.staticflickr.com/629/22987863995_d30ddd4c4f_b.jpg", "title": "AB.TC.D.065"}, "n_answers": 3, "quorum": 0, "calibration": 0, "created": "2016-09-15T08:51:40.879132", "state": "completed", "project_id": 340, "id": 65531, "priority_0": 0.0}, {"info": {"url": "https://farm1.staticflickr.com/614/22569537338_48c3466b4b.jpg", "url_m": "https://farm1.staticflickr.com/614/22569537338_48c3466b4b_m.jpg", "link": "https://www.flickr.com/photos/25459876@N04/22569537338", "url_b": "https://farm1.staticflickr.com/614/22569537338_48c3466b4b_b.jpg", "title": "AB.TC.D.066"}, "n_answers": 3, "quorum": 0, "calibration": 0, "created": "2016-09-15T08:51:40.927671", "state": "completed", "project_id": 340, "id": 65532, "priority_0": 0.0}, {"info": {"url": "https://farm1.staticflickr.com/772/22998956841_0425ac32a1.jpg", "url_m": "https://farm1.staticflickr.com/772/22998956841_0425ac32a1_m.jpg", "link": "https://www.flickr.com/photos/25459876@N04/22998956841", "url_b": "https://farm1.staticflickr.com/772/22998956841_0425ac32a1_b.jpg", "title": "AB.TC.D.067"}, "n_answers": 3, "quorum": 0, "calibration": 0, "created": "2016-09-15T08:51:40.961566", "state": "completed", "project_id": 340, "id": 65533, "priority_0": 0.0}, {"info": {"url": "https://farm6.staticflickr.com/5689/22987862435_c7ecc582ba.jpg", "url_m": "https://farm6.staticflickr.com/5689/22987862435_c7ecc582ba_m.jpg", "link": "https://www.flickr.com/photos/25459876@N04/22987862435", "url_b": "https://farm6.staticflickr.com/5689/22987862435_c7ecc582ba_b.jpg", "title": "AB.TC.D.068a"}, "n_answers": 3, "quorum": 0, "calibration": 0, "created": "2016-09-15T08:51:40.996071", "state": "completed", "project_id": 340, "id": 65534, "priority_0": 0.0}, {"info": {"url": "https://farm1.staticflickr.com/640/22595667989_f97141c8d8.jpg", "url_m": "https://farm1.staticflickr.com/640/22595667989_f97141c8d8_m.jpg", "link": "https://www.flickr.com/photos/25459876@N04/22595667989", "url_b": "https://farm1.staticflickr.com/640/22595667989_f97141c8d8_b.jpg", "title": "AB.TC.D.068b"}, "n_answers": 3, "quorum": 0, "calibration": 0, "created": "2016-09-15T08:51:41.029494", "state": "completed", "project_id": 340, "id": 65535, "priority_0": 0.0}, {"info": {"url": "https://farm6.staticflickr.com/5772/22569534688_49eae4a8f8.jpg", "url_m": "https://farm6.staticflickr.com/5772/22569534688_49eae4a8f8_m.jpg", "link": "https://www.flickr.com/photos/25459876@N04/22569534688", "url_b": "https://farm6.staticflickr.com/5772/22569534688_49eae4a8f8_b.jpg", "title": "AB.TC.D.069a"}, "n_answers": 3, "quorum": 0, "calibration": 0, "created": "2016-09-15T08:51:41.062574", "state": "completed", "project_id": 340, "id": 65536, "priority_0": 0.0}, {"info": {"url": "https://farm6.staticflickr.com/5778/22961821236_e1dcc0e44e.jpg", "url_m": "https://farm6.staticflickr.com/5778/22961821236_e1dcc0e44e_m.jpg", "link": "https://www.flickr.com/photos/25459876@N04/22961821236", "url_b": "https://farm6.staticflickr.com/5778/22961821236_e1dcc0e44e_b.jpg", "title": "AB.TC.D.069b"}, "n_answers": 3, "quorum": 0, "calibration": 0, "created": "2016-09-15T08:51:41.095645", "state": "completed", "project_id": 340, "id": 65537, "priority_0": 0.0}, {"info": {"url": "https://farm1.staticflickr.com/595/22961717876_ebee0186a3.jpg", "url_m": "https://farm1.staticflickr.com/595/22961717876_ebee0186a3_m.jpg", "link": "https://www.flickr.com/photos/25459876@N04/22961717876", "url_b": "https://farm1.staticflickr.com/595/22961717876_ebee0186a3_b.jpg", "title": "AB.TC.D.071"}, "n_answers": 3, "quorum": 0, "calibration": 0, "created": "2016-09-15T08:51:41.129477", "state": "completed", "project_id": 340, "id": 65538, "priority_0": 0.0}, {"info": {"url": "https://farm6.staticflickr.com/5798/22366674583_4c2fd1d82c.jpg", "url_m": "https://farm6.staticflickr.com/5798/22366674583_4c2fd1d82c_m.jpg", "link": "https://www.flickr.com/photos/25459876@N04/22366674583", "url_b": "https://farm6.staticflickr.com/5798/22366674583_4c2fd1d82c_b.jpg", "title": "AB.TC.D.072"}, "n_answers": 3, "quorum": 0, "calibration": 0, "created": "2016-09-15T08:51:41.162536", "state": "completed", "project_id": 340, "id": 65539, "priority_0": 0.0}, {"info": {"url": "https://farm1.staticflickr.com/649/22961819766_2dd394b72d.jpg", "url_m": "https://farm1.staticflickr.com/649/22961819766_2dd394b72d_m.jpg", "link": "https://www.flickr.com/photos/25459876@N04/22961819766", "url_b": "https://farm1.staticflickr.com/649/22961819766_2dd394b72d_b.jpg", "title": "AB.TC.D.073"}, "n_answers": 3, "quorum": 0, "calibration": 0, "created": "2016-09-15T08:51:41.196589", "state": "completed", "project_id": 340, "id": 65540, "priority_0": 0.0}, {"info": {"url": "https://farm1.staticflickr.com/655/22998952851_c528a0a06b.jpg", "url_m": "https://farm1.staticflickr.com/655/22998952851_c528a0a06b_m.jpg", "link": "https://www.flickr.com/photos/25459876@N04/22998952851", "url_b": "https://farm1.staticflickr.com/655/22998952851_c528a0a06b_b.jpg", "title": "AB.TC.D.075"}, "n_answers": 3, "quorum": 0, "calibration": 0, "created": "2016-09-15T08:51:41.230464", "state": "completed", "project_id": 340, "id": 65541, "priority_0": 0.0}, {"info": {"url": "https://farm1.staticflickr.com/758/22569531908_8f610d09f0.jpg", "url_m": "https://farm1.staticflickr.com/758/22569531908_8f610d09f0_m.jpg", "link": "https://www.flickr.com/photos/25459876@N04/22569531908", "url_b": "https://farm1.staticflickr.com/758/22569531908_8f610d09f0_b.jpg", "title": "AB.TC.D.076"}, "n_answers": 3, "quorum": 0, "calibration": 0, "created": "2016-09-15T08:51:41.263251", "state": "completed", "project_id": 340, "id": 65542, "priority_0": 0.0}, {"info": {"url": "https://farm1.staticflickr.com/719/22569531268_f1584965c2.jpg", "url_m": "https://farm1.staticflickr.com/719/22569531268_f1584965c2_m.jpg", "link": "https://www.flickr.com/photos/25459876@N04/22569531268", "url_b": "https://farm1.staticflickr.com/719/22569531268_f1584965c2_b.jpg", "title": "AB.TC.D.077"}, "n_answers": 3, "quorum": 0, "calibration": 0, "created": "2016-09-15T08:51:41.296714", "state": "completed", "project_id": 340, "id": 65543, "priority_0": 0.0}, {"info": {"url": "https://farm1.staticflickr.com/721/22961817256_0cfa198618.jpg", "url_m": "https://farm1.staticflickr.com/721/22961817256_0cfa198618_m.jpg", "link": "https://www.flickr.com/photos/25459876@N04/22961817256", "url_b": "https://farm1.staticflickr.com/721/22961817256_0cfa198618_b.jpg", "title": "AB.TC.D.079"}, "n_answers": 3, "quorum": 0, "calibration": 0, "created": "2016-09-15T08:51:41.329453", "state": "completed", "project_id": 340, "id": 65544, "priority_0": 0.0}, {"info": {"url": "https://farm6.staticflickr.com/5717/22799810200_092715d759.jpg", "url_m": "https://farm6.staticflickr.com/5717/22799810200_092715d759_m.jpg", "link": "https://www.flickr.com/photos/25459876@N04/22799810200", "url_b": "https://farm6.staticflickr.com/5717/22799810200_092715d759_b.jpg", "title": "AB.TC.D.081"}, "n_answers": 3, "quorum": 0, "calibration": 0, "created": "2016-09-15T08:51:41.362374", "state": "completed", "project_id": 340, "id": 65545, "priority_0": 0.0}, {"info": {"url": "https://farm6.staticflickr.com/5684/22569487177_9ba9fb906b.jpg", "url_m": "https://farm6.staticflickr.com/5684/22569487177_9ba9fb906b_m.jpg", "link": "https://www.flickr.com/photos/25459876@N04/22569487177", "url_b": "https://farm6.staticflickr.com/5684/22569487177_9ba9fb906b_b.jpg", "title": "AB.TC.D.082"}, "n_answers": 3, "quorum": 0, "calibration": 0, "created": "2016-09-15T08:51:41.396583", "state": "completed", "project_id": 340, "id": 65546, "priority_0": 0.0}, {"info": {"url": "https://farm6.staticflickr.com/5732/22569486627_f0e937753f.jpg", "url_m": "https://farm6.staticflickr.com/5732/22569486627_f0e937753f_m.jpg", "link": "https://www.flickr.com/photos/25459876@N04/22569486627", "url_b": "https://farm6.staticflickr.com/5732/22569486627_f0e937753f_b.jpg", "title": "AB.TC.D.083,084"}, "n_answers": 3, "quorum": 0, "calibration": 0, "created": "2016-09-15T08:51:41.429946", "state": "completed", "project_id": 340, "id": 65547, "priority_0": 0.0}, {"info": {"url": "https://farm1.staticflickr.com/748/22987854595_e6d81419ab.jpg", "url_m": "https://farm1.staticflickr.com/748/22987854595_e6d81419ab_m.jpg", "link": "https://www.flickr.com/photos/25459876@N04/22987854595", "url_b": "https://farm1.staticflickr.com/748/22987854595_e6d81419ab_b.jpg", "title": "AB.TC.D.102a"}, "n_answers": 3, "quorum": 0, "calibration": 0, "created": "2016-09-15T08:51:41.463292", "state": "completed", "project_id": 340, "id": 65548, "priority_0": 0.0}, {"info": {"url": "https://farm1.staticflickr.com/617/22569527308_8b2881b3b8.jpg", "url_m": "https://farm1.staticflickr.com/617/22569527308_8b2881b3b8_m.jpg", "link": "https://www.flickr.com/photos/25459876@N04/22569527308", "url_b": "https://farm1.staticflickr.com/617/22569527308_8b2881b3b8_b.jpg", "title": "AB.TC.D.102b"}, "n_answers": 3, "quorum": 0, "calibration": 0, "created": "2016-09-15T08:51:41.496218", "state": "completed", "project_id": 340, "id": 65549, "priority_0": 0.0}, {"info": {"url": "https://farm1.staticflickr.com/639/22974406952_263297a136.jpg", "url_m": "https://farm1.staticflickr.com/639/22974406952_263297a136_m.jpg", "link": "https://www.flickr.com/photos/25459876@N04/22974406952", "url_b": "https://farm1.staticflickr.com/639/22974406952_263297a136_b.jpg", "title": "AB.TC.D.102c"}, "n_answers": 3, "quorum": 0, "calibration": 0, "created": "2016-09-15T08:51:41.529558", "state": "completed", "project_id": 340, "id": 65550, "priority_0": 0.0}, {"info": {"url": "https://farm1.staticflickr.com/776/22961812136_c79b5fe65f.jpg", "url_m": "https://farm1.staticflickr.com/776/22961812136_c79b5fe65f_m.jpg", "link": "https://www.flickr.com/photos/25459876@N04/22961812136", "url_b": "https://farm1.staticflickr.com/776/22961812136_c79b5fe65f_b.jpg", "title": "AB.TC.D.104"}, "n_answers": 3, "quorum": 0, "calibration": 0, "created": "2016-09-15T08:51:41.563486", "state": "completed", "project_id": 340, "id": 65551, "priority_0": 0.0}, {"info": {"url": "https://farm1.staticflickr.com/586/22569524808_e9240b6a06.jpg", "url_m": "https://farm1.staticflickr.com/586/22569524808_e9240b6a06_m.jpg", "link": "https://www.flickr.com/photos/25459876@N04/22569524808", "url_b": "https://farm1.staticflickr.com/586/22569524808_e9240b6a06_b.jpg", "title": "AB.TC.D.105a"}, "n_answers": 3, "quorum": 0, "calibration": 0, "created": "2016-09-15T08:51:41.595561", "state": "completed", "project_id": 340, "id": 65552, "priority_0": 0.0}, {"info": {"url": "https://farm6.staticflickr.com/5671/22974404532_e174f06135.jpg", "url_m": "https://farm6.staticflickr.com/5671/22974404532_e174f06135_m.jpg", "link": "https://www.flickr.com/photos/25459876@N04/22974404532", "url_b": "https://farm6.staticflickr.com/5671/22974404532_e174f06135_b.jpg", "title": "AB.TC.D.105b"}, "n_answers": 3, "quorum": 0, "calibration": 0, "created": "2016-09-15T08:51:41.629972", "state": "completed", "project_id": 340, "id": 65553, "priority_0": 0.0}, {"info": {"url": "https://farm1.staticflickr.com/581/22569481347_f9b02d7d62.jpg", "url_m": "https://farm1.staticflickr.com/581/22569481347_f9b02d7d62_m.jpg", "link": "https://www.flickr.com/photos/25459876@N04/22569481347", "url_b": "https://farm1.staticflickr.com/581/22569481347_f9b02d7d62_b.jpg", "title": "AB.TC.D.107"}, "n_answers": 3, "quorum": 0, "calibration": 0, "created": "2016-09-15T08:51:41.663759", "state": "completed", "project_id": 340, "id": 65554, "priority_0": 0.0}, {"info": {"url": "https://farm6.staticflickr.com/5754/22569480717_0e8d24d356.jpg", "url_m": "https://farm6.staticflickr.com/5754/22569480717_0e8d24d356_m.jpg", "link": "https://www.flickr.com/photos/25459876@N04/22569480717", "url_b": "https://farm6.staticflickr.com/5754/22569480717_0e8d24d356_b.jpg", "title": "AB.TC.D.108"}, "n_answers": 3, "quorum": 0, "calibration": 0, "created": "2016-09-15T08:51:41.696230", "state": "completed", "project_id": 340, "id": 65555, "priority_0": 0.0}, {"info": {"url": "https://farm1.staticflickr.com/732/22799802350_886b94cd88.jpg", "url_m": "https://farm1.staticflickr.com/732/22799802350_886b94cd88_m.jpg", "link": "https://www.flickr.com/photos/25459876@N04/22799802350", "url_b": "https://farm1.staticflickr.com/732/22799802350_886b94cd88_b.jpg", "title": "AB.TC.D.109a"}, "n_answers": 3, "quorum": 0, "calibration": 0, "created": "2016-09-15T08:51:41.729717", "state": "completed", "project_id": 340, "id": 65556, "priority_0": 0.0}, {"info": {"url": "https://farm6.staticflickr.com/5681/22365083314_fd04e7c31b.jpg", "url_m": "https://farm6.staticflickr.com/5681/22365083314_fd04e7c31b_m.jpg", "link": "https://www.flickr.com/photos/25459876@N04/22365083314", "url_b": "https://farm6.staticflickr.com/5681/22365083314_fd04e7c31b_b.jpg", "title": "AB.TC.D.109b"}, "n_answers": 3, "quorum": 0, "calibration": 0, "created": "2016-09-15T08:51:41.763021", "state": "completed", "project_id": 340, "id": 65557, "priority_0": 0.0}, {"info": {"url": "https://farm1.staticflickr.com/712/22595653979_6ee2ab80de.jpg", "url_m": "https://farm1.staticflickr.com/712/22595653979_6ee2ab80de_m.jpg", "link": "https://www.flickr.com/photos/25459876@N04/22595653979", "url_b": "https://farm1.staticflickr.com/712/22595653979_6ee2ab80de_b.jpg", "title": "AB.TC.D.110"}, "n_answers": 3, "quorum": 0, "calibration": 0, "created": "2016-09-15T08:51:41.796314", "state": "completed", "project_id": 340, "id": 65558, "priority_0": 0.0}, {"info": {"url": "https://farm6.staticflickr.com/5775/22974400512_27da1fd616.jpg", "url_m": "https://farm6.staticflickr.com/5775/22974400512_27da1fd616_m.jpg", "link": "https://www.flickr.com/photos/25459876@N04/22974400512", "url_b": "https://farm6.staticflickr.com/5775/22974400512_27da1fd616_b.jpg", "title": "AB.TC.D.111"}, "n_answers": 3, "quorum": 0, "calibration": 0, "created": "2016-09-15T08:51:41.829089", "state": "completed", "project_id": 340, "id": 65559, "priority_0": 0.0}, {"info": {"url": "https://farm1.staticflickr.com/715/22365081424_350bbf34c0.jpg", "url_m": "https://farm1.staticflickr.com/715/22365081424_350bbf34c0_m.jpg", "link": "https://www.flickr.com/photos/25459876@N04/22365081424", "url_b": "https://farm1.staticflickr.com/715/22365081424_350bbf34c0_b.jpg", "title": "AB.TC.D.112"}, "n_answers": 3, "quorum": 0, "calibration": 0, "created": "2016-09-15T08:51:41.863153", "state": "completed", "project_id": 340, "id": 65560, "priority_0": 0.0}, {"info": {"url": "https://farm1.staticflickr.com/767/22974399182_682c2ce2fd.jpg", "url_m": "https://farm1.staticflickr.com/767/22974399182_682c2ce2fd_m.jpg", "link": "https://www.flickr.com/photos/25459876@N04/22974399182", "url_b": "https://farm1.staticflickr.com/767/22974399182_682c2ce2fd_b.jpg", "title": "AB.TC.D.114a"}, "n_answers": 3, "quorum": 0, "calibration": 0, "created": "2016-09-15T08:51:41.896902", "state": "completed", "project_id": 340, "id": 65561, "priority_0": 0.0}, {"info": {"url": "https://farm6.staticflickr.com/5725/22987845335_1cf393ec84.jpg", "url_m": "https://farm6.staticflickr.com/5725/22987845335_1cf393ec84_m.jpg", "link": "https://www.flickr.com/photos/25459876@N04/22987845335", "url_b": "https://farm6.staticflickr.com/5725/22987845335_1cf393ec84_b.jpg", "title": "AB.TC.D.114b"}, "n_answers": 3, "quorum": 0, "calibration": 0, "created": "2016-09-15T08:51:41.930770", "state": "completed", "project_id": 340, "id": 65562, "priority_0": 0.0}, {"info": {"url": "https://farm1.staticflickr.com/601/22799798080_e2e158db53.jpg", "url_m": "https://farm1.staticflickr.com/601/22799798080_e2e158db53_m.jpg", "link": "https://www.flickr.com/photos/25459876@N04/22799798080", "url_b": "https://farm1.staticflickr.com/601/22799798080_e2e158db53_b.jpg", "title": "AB.TC.D.114c"}, "n_answers": 3, "quorum": 0, "calibration": 0, "created": "2016-09-15T08:51:41.963374", "state": "completed", "project_id": 340, "id": 65563, "priority_0": 0.0}, {"info": {"url": "https://farm1.staticflickr.com/624/22366657713_d68d9e50d3.jpg", "url_m": "https://farm1.staticflickr.com/624/22366657713_d68d9e50d3_m.jpg", "link": "https://www.flickr.com/photos/25459876@N04/22366657713", "url_b": "https://farm1.staticflickr.com/624/22366657713_d68d9e50d3_b.jpg", "title": "AB.TC.D.114d"}, "n_answers": 3, "quorum": 0, "calibration": 0, "created": "2016-09-15T08:51:41.996664", "state": "completed", "project_id": 340, "id": 65564, "priority_0": 0.0}, {"info": {"url": "https://farm6.staticflickr.com/5643/22961803016_1e48c72c56.jpg", "url_m": "https://farm6.staticflickr.com/5643/22961803016_1e48c72c56_m.jpg", "link": "https://www.flickr.com/photos/25459876@N04/22961803016", "url_b": "https://farm6.staticflickr.com/5643/22961803016_1e48c72c56_b.jpg", "title": "AB.TC.D.115"}, "n_answers": 3, "quorum": 0, "calibration": 0, "created": "2016-09-15T08:51:42.029671", "state": "completed", "project_id": 340, "id": 65565, "priority_0": 0.0}, {"info": {"url": "https://farm6.staticflickr.com/5758/22974395132_761733de36.jpg", "url_m": "https://farm6.staticflickr.com/5758/22974395132_761733de36_m.jpg", "link": "https://www.flickr.com/photos/25459876@N04/22974395132", "url_b": "https://farm6.staticflickr.com/5758/22974395132_761733de36_b.jpg", "title": "AB.TC.D.116"}, "n_answers": 3, "quorum": 0, "calibration": 0, "created": "2016-09-15T08:51:42.062648", "state": "completed", "project_id": 340, "id": 65566, "priority_0": 0.0}, {"info": {"url": "https://farm6.staticflickr.com/5745/22998934551_f86a398d64.jpg", "url_m": "https://farm6.staticflickr.com/5745/22998934551_f86a398d64_m.jpg", "link": "https://www.flickr.com/photos/25459876@N04/22998934551", "url_b": "https://farm6.staticflickr.com/5745/22998934551_f86a398d64_b.jpg", "title": "AB.TC.D.117a"}, "n_answers": 3, "quorum": 0, "calibration": 0, "created": "2016-09-15T08:51:42.095970", "state": "completed", "project_id": 340, "id": 65567, "priority_0": 0.0}, {"info": {"url": "https://farm6.staticflickr.com/5826/22365075474_3dd0686754.jpg", "url_m": "https://farm6.staticflickr.com/5826/22365075474_3dd0686754_m.jpg", "link": "https://www.flickr.com/photos/25459876@N04/22365075474", "url_b": "https://farm6.staticflickr.com/5826/22365075474_3dd0686754_b.jpg", "title": "AB.TC.D.117b"}, "n_answers": 3, "quorum": 0, "calibration": 0, "created": "2016-09-15T08:51:42.130629", "state": "completed", "project_id": 340, "id": 65568, "priority_0": 0.0}, {"info": {"url": "https://farm1.staticflickr.com/665/22998933341_7024b69664.jpg", "url_m": "https://farm1.staticflickr.com/665/22998933341_7024b69664_m.jpg", "link": "https://www.flickr.com/photos/25459876@N04/22998933341", "url_b": "https://farm1.staticflickr.com/665/22998933341_7024b69664_b.jpg", "title": "AB.TC.D.118"}, "n_answers": 3, "quorum": 0, "calibration": 0, "created": "2016-09-15T08:51:42.163281", "state": "completed", "project_id": 340, "id": 65569, "priority_0": 0.0}, {"info": {"url": "https://farm6.staticflickr.com/5743/22365074284_8296dd9c71.jpg", "url_m": "https://farm6.staticflickr.com/5743/22365074284_8296dd9c71_m.jpg", "link": "https://www.flickr.com/photos/25459876@N04/22365074284", "url_b": "https://farm6.staticflickr.com/5743/22365074284_8296dd9c71_b.jpg", "title": "AB.TC.D.119a"}, "n_answers": 3, "quorum": 0, "calibration": 0, "created": "2016-09-15T08:51:42.196834", "state": "completed", "project_id": 340, "id": 65570, "priority_0": 0.0}, {"info": {"url": "https://farm1.staticflickr.com/750/22961798936_8f1b1c4044.jpg", "url_m": "https://farm1.staticflickr.com/750/22961798936_8f1b1c4044_m.jpg", "link": "https://www.flickr.com/photos/25459876@N04/22961798936", "url_b": "https://farm1.staticflickr.com/750/22961798936_8f1b1c4044_b.jpg", "title": "AB.TC.D.119b"}, "n_answers": 3, "quorum": 0, "calibration": 0, "created": "2016-09-15T08:51:42.230052", "state": "completed", "project_id": 340, "id": 65571, "priority_0": 0.0}, {"info": {"url": "https://farm6.staticflickr.com/5622/22799792230_a76e2cce30.jpg", "url_m": "https://farm6.staticflickr.com/5622/22799792230_a76e2cce30_m.jpg", "link": "https://www.flickr.com/photos/25459876@N04/22799792230", "url_b": "https://farm6.staticflickr.com/5622/22799792230_a76e2cce30_b.jpg", "title": "AB.TC.D.120a"}, "n_answers": 3, "quorum": 0, "calibration": 0, "created": "2016-09-15T08:51:42.263290", "state": "completed", "project_id": 340, "id": 65572, "priority_0": 0.0}, {"info": {"url": "https://farm6.staticflickr.com/5699/22799791300_1c50865246.jpg", "url_m": "https://farm6.staticflickr.com/5699/22799791300_1c50865246_m.jpg", "link": "https://www.flickr.com/photos/25459876@N04/22799791300", "url_b": "https://farm6.staticflickr.com/5699/22799791300_1c50865246_b.jpg", "title": "AB.TC.D.120b"}, "n_answers": 3, "quorum": 0, "calibration": 0, "created": "2016-09-15T08:51:42.297140", "state": "completed", "project_id": 340, "id": 65573, "priority_0": 0.0}, {"info": {"url": "https://farm6.staticflickr.com/5728/22364993284_102c07b091.jpg", "url_m": "https://farm6.staticflickr.com/5728/22364993284_102c07b091_m.jpg", "link": "https://www.flickr.com/photos/25459876@N04/22364993284", "url_b": "https://farm6.staticflickr.com/5728/22364993284_102c07b091_b.jpg", "title": "AB.TC.D.121"}, "n_answers": 3, "quorum": 0, "calibration": 0, "created": "2016-09-15T08:51:42.329871", "state": "completed", "project_id": 340, "id": 65574, "priority_0": 0.0}, {"info": {"url": "https://farm6.staticflickr.com/5783/22987837325_a9444e577b.jpg", "url_m": "https://farm6.staticflickr.com/5783/22987837325_a9444e577b_m.jpg", "link": "https://www.flickr.com/photos/25459876@N04/22987837325", "url_b": "https://farm6.staticflickr.com/5783/22987837325_a9444e577b_b.jpg", "title": "AB.TC.D.122"}, "n_answers": 3, "quorum": 0, "calibration": 0, "created": "2016-09-15T08:51:42.363697", "state": "completed", "project_id": 340, "id": 65575, "priority_0": 0.0}, {"info": {"url": "https://farm6.staticflickr.com/5714/22595642569_928651c332.jpg", "url_m": "https://farm6.staticflickr.com/5714/22595642569_928651c332_m.jpg", "link": "https://www.flickr.com/photos/25459876@N04/22595642569", "url_b": "https://farm6.staticflickr.com/5714/22595642569_928651c332_b.jpg", "title": "AB.TC.D.123"}, "n_answers": 3, "quorum": 0, "calibration": 0, "created": "2016-09-15T08:51:42.397135", "state": "completed", "project_id": 340, "id": 65576, "priority_0": 0.0}, {"info": {"url": "https://farm1.staticflickr.com/625/22961795776_8bbb6cbd4d.jpg", "url_m": "https://farm1.staticflickr.com/625/22961795776_8bbb6cbd4d_m.jpg", "link": "https://www.flickr.com/photos/25459876@N04/22961795776", "url_b": "https://farm1.staticflickr.com/625/22961795776_8bbb6cbd4d_b.jpg", "title": "AB.TC.D.125"}, "n_answers": 3, "quorum": 0, "calibration": 0, "created": "2016-09-15T08:51:42.430043", "state": "completed", "project_id": 340, "id": 65577, "priority_0": 0.0}, {"info": {"url": "https://farm6.staticflickr.com/5787/22987835325_0182055616.jpg", "url_m": "https://farm6.staticflickr.com/5787/22987835325_0182055616_m.jpg", "link": "https://www.flickr.com/photos/25459876@N04/22987835325", "url_b": "https://farm6.staticflickr.com/5787/22987835325_0182055616_b.jpg", "title": "AB.TC.D.126"}, "n_answers": 3, "quorum": 0, "calibration": 0, "created": "2016-09-15T08:51:42.463754", "state": "completed", "project_id": 340, "id": 65578, "priority_0": 0.0}, {"info": {"url": "https://farm1.staticflickr.com/778/22961794296_71c47ba4e3.jpg", "url_m": "https://farm1.staticflickr.com/778/22961794296_71c47ba4e3_m.jpg", "link": "https://www.flickr.com/photos/25459876@N04/22961794296", "url_b": "https://farm1.staticflickr.com/778/22961794296_71c47ba4e3_b.jpg", "title": "AB.TC.D.127"}, "n_answers": 3, "quorum": 0, "calibration": 0, "created": "2016-09-15T08:51:42.497417", "state": "completed", "project_id": 340, "id": 65579, "priority_0": 0.0}, {"info": {"url": "https://farm6.staticflickr.com/5667/22569507628_f4bf3edb3c.jpg", "url_m": "https://farm6.staticflickr.com/5667/22569507628_f4bf3edb3c_m.jpg", "link": "https://www.flickr.com/photos/25459876@N04/22569507628", "url_b": "https://farm6.staticflickr.com/5667/22569507628_f4bf3edb3c_b.jpg", "title": "AB.TC.D.128"}, "n_answers": 3, "quorum": 0, "calibration": 0, "created": "2016-09-15T08:51:42.529739", "state": "completed", "project_id": 340, "id": 65580, "priority_0": 0.0}, {"info": {"url": "https://farm6.staticflickr.com/5762/22569507178_3a572fd3c4.jpg", "url_m": "https://farm6.staticflickr.com/5762/22569507178_3a572fd3c4_m.jpg", "link": "https://www.flickr.com/photos/25459876@N04/22569507178", "url_b": "https://farm6.staticflickr.com/5762/22569507178_3a572fd3c4_b.jpg", "title": "AB.TC.D.129a"}, "n_answers": 3, "quorum": 0, "calibration": 0, "created": "2016-09-15T08:51:42.563249", "state": "completed", "project_id": 340, "id": 65581, "priority_0": 0.0}, {"info": {"url": "https://farm1.staticflickr.com/598/22799786760_58be59c328.jpg", "url_m": "https://farm1.staticflickr.com/598/22799786760_58be59c328_m.jpg", "link": "https://www.flickr.com/photos/25459876@N04/22799786760", "url_b": "https://farm1.staticflickr.com/598/22799786760_58be59c328_b.jpg", "title": "AB.TC.D.129b"}, "n_answers": 3, "quorum": 0, "calibration": 0, "created": "2016-09-15T08:51:42.596598", "state": "completed", "project_id": 340, "id": 65582, "priority_0": 0.0}, {"info": {"url": "https://farm6.staticflickr.com/5661/22569505878_db9cdc57a0.jpg", "url_m": "https://farm6.staticflickr.com/5661/22569505878_db9cdc57a0_m.jpg", "link": "https://www.flickr.com/photos/25459876@N04/22569505878", "url_b": "https://farm6.staticflickr.com/5661/22569505878_db9cdc57a0_b.jpg", "title": "AB.TC.D.130"}, "n_answers": 3, "quorum": 0, "calibration": 0, "created": "2016-09-15T08:51:42.630736", "state": "completed", "project_id": 340, "id": 65583, "priority_0": 0.0}, {"info": {"url": "https://farm6.staticflickr.com/5752/22799785500_3c6af51dce.jpg", "url_m": "https://farm6.staticflickr.com/5752/22799785500_3c6af51dce_m.jpg", "link": "https://www.flickr.com/photos/25459876@N04/22799785500", "url_b": "https://farm6.staticflickr.com/5752/22799785500_3c6af51dce_b.jpg", "title": "AB.TC.D.131"}, "n_answers": 3, "quorum": 0, "calibration": 0, "created": "2016-09-15T08:51:42.664728", "state": "completed", "project_id": 340, "id": 65584, "priority_0": 0.0}, {"info": {"url": "https://farm1.staticflickr.com/782/22366644823_6bf69c7877.jpg", "url_m": "https://farm1.staticflickr.com/782/22366644823_6bf69c7877_m.jpg", "link": "https://www.flickr.com/photos/25459876@N04/22366644823", "url_b": "https://farm1.staticflickr.com/782/22366644823_6bf69c7877_b.jpg", "title": "AB.TC.D.132"}, "n_answers": 3, "quorum": 0, "calibration": 0, "created": "2016-09-15T08:51:42.697283", "state": "completed", "project_id": 340, "id": 65585, "priority_0": 0.0}, {"info": {"url": "https://farm6.staticflickr.com/5656/22569461447_d310783b06.jpg", "url_m": "https://farm6.staticflickr.com/5656/22569461447_d310783b06_m.jpg", "link": "https://www.flickr.com/photos/25459876@N04/22569461447", "url_b": "https://farm6.staticflickr.com/5656/22569461447_d310783b06_b.jpg", "title": "AB.TC.D.133"}, "n_answers": 3, "quorum": 0, "calibration": 0, "created": "2016-09-15T08:51:42.729926", "state": "completed", "project_id": 340, "id": 65586, "priority_0": 0.0}, {"info": {"url": "https://farm1.staticflickr.com/675/22569460977_cd43ae4d1f.jpg", "url_m": "https://farm1.staticflickr.com/675/22569460977_cd43ae4d1f_m.jpg", "link": "https://www.flickr.com/photos/25459876@N04/22569460977", "url_b": "https://farm1.staticflickr.com/675/22569460977_cd43ae4d1f_b.jpg", "title": "AB.TC.D.134"}, "n_answers": 3, "quorum": 0, "calibration": 0, "created": "2016-09-15T08:51:42.762835", "state": "completed", "project_id": 340, "id": 65587, "priority_0": 0.0}, {"info": {"url": "https://farm6.staticflickr.com/5719/22961789346_cb80155b25.jpg", "url_m": "https://farm6.staticflickr.com/5719/22961789346_cb80155b25_m.jpg", "link": "https://www.flickr.com/photos/25459876@N04/22961789346", "url_b": "https://farm6.staticflickr.com/5719/22961789346_cb80155b25_b.jpg", "title": "AB.TC.D.135"}, "n_answers": 3, "quorum": 0, "calibration": 0, "created": "2016-09-15T08:51:42.796469", "state": "completed", "project_id": 340, "id": 65588, "priority_0": 0.0}, {"info": {"url": "https://farm6.staticflickr.com/5801/22569459687_06e2c64b0a.jpg", "url_m": "https://farm6.staticflickr.com/5801/22569459687_06e2c64b0a_m.jpg", "link": "https://www.flickr.com/photos/25459876@N04/22569459687", "url_b": "https://farm6.staticflickr.com/5801/22569459687_06e2c64b0a_b.jpg", "title": "AB.TC.D.136"}, "n_answers": 3, "quorum": 0, "calibration": 0, "created": "2016-09-15T08:51:42.830422", "state": "completed", "project_id": 340, "id": 65589, "priority_0": 0.0}, {"info": {"url": "https://farm1.staticflickr.com/635/22961788006_d69155b6d9.jpg", "url_m": "https://farm1.staticflickr.com/635/22961788006_d69155b6d9_m.jpg", "link": "https://www.flickr.com/photos/25459876@N04/22961788006", "url_b": "https://farm1.staticflickr.com/635/22961788006_d69155b6d9_b.jpg", "title": "AB.TC.D.137"}, "n_answers": 3, "quorum": 0, "calibration": 0, "created": "2016-09-15T08:51:42.864117", "state": "completed", "project_id": 340, "id": 65590, "priority_0": 0.0}, {"info": {"url": "https://farm1.staticflickr.com/662/22799781240_7b80751a4b.jpg", "url_m": "https://farm1.staticflickr.com/662/22799781240_7b80751a4b_m.jpg", "link": "https://www.flickr.com/photos/25459876@N04/22799781240", "url_b": "https://farm1.staticflickr.com/662/22799781240_7b80751a4b_b.jpg", "title": "AB.TC.D.141"}, "n_answers": 3, "quorum": 0, "calibration": 0, "created": "2016-09-15T08:51:42.896557", "state": "completed", "project_id": 340, "id": 65591, "priority_0": 0.0}, {"info": {"url": "https://farm6.staticflickr.com/5759/22365061054_a94bea420f.jpg", "url_m": "https://farm6.staticflickr.com/5759/22365061054_a94bea420f_m.jpg", "link": "https://www.flickr.com/photos/25459876@N04/22365061054", "url_b": "https://farm6.staticflickr.com/5759/22365061054_a94bea420f_b.jpg", "title": "AB.TC.D.142"}, "n_answers": 3, "quorum": 0, "calibration": 0, "created": "2016-09-15T08:51:42.930008", "state": "completed", "project_id": 340, "id": 65592, "priority_0": 0.0}, {"info": {"url": "https://farm1.staticflickr.com/720/22998919541_fedb771e4b.jpg", "url_m": "https://farm1.staticflickr.com/720/22998919541_fedb771e4b_m.jpg", "link": "https://www.flickr.com/photos/25459876@N04/22998919541", "url_b": "https://farm1.staticflickr.com/720/22998919541_fedb771e4b_b.jpg", "title": "AB.TC.D.143"}, "n_answers": 3, "quorum": 0, "calibration": 0, "created": "2016-09-15T08:51:42.963768", "state": "completed", "project_id": 340, "id": 65593, "priority_0": 0.0}, {"info": {"url": "https://farm1.staticflickr.com/738/22595631009_e5b2e0706f.jpg", "url_m": "https://farm1.staticflickr.com/738/22595631009_e5b2e0706f_m.jpg", "link": "https://www.flickr.com/photos/25459876@N04/22595631009", "url_b": "https://farm1.staticflickr.com/738/22595631009_e5b2e0706f_b.jpg", "title": "AB.TC.D.144"}, "n_answers": 3, "quorum": 0, "calibration": 0, "created": "2016-09-15T08:51:42.996715", "state": "completed", "project_id": 340, "id": 65594, "priority_0": 0.0}, {"info": {"url": "https://farm6.staticflickr.com/5803/22799778640_4cac0bcfd0.jpg", "url_m": "https://farm6.staticflickr.com/5803/22799778640_4cac0bcfd0_m.jpg", "link": "https://www.flickr.com/photos/25459876@N04/22799778640", "url_b": "https://farm6.staticflickr.com/5803/22799778640_4cac0bcfd0_b.jpg", "title": "AB.TC.D.145"}, "n_answers": 3, "quorum": 0, "calibration": 0, "created": "2016-09-15T08:51:43.030220", "state": "completed", "project_id": 340, "id": 65595, "priority_0": 0.0}, {"info": {"url": "https://farm6.staticflickr.com/5754/22974376952_b1a08a1b65.jpg", "url_m": "https://farm6.staticflickr.com/5754/22974376952_b1a08a1b65_m.jpg", "link": "https://www.flickr.com/photos/25459876@N04/22974376952", "url_b": "https://farm6.staticflickr.com/5754/22974376952_b1a08a1b65_b.jpg", "title": "AB.TC.D.146a"}, "n_answers": 3, "quorum": 0, "calibration": 0, "created": "2016-09-15T08:51:43.063295", "state": "completed", "project_id": 340, "id": 65596, "priority_0": 0.0}, {"info": {"url": "https://farm6.staticflickr.com/5834/22595628819_afed7fc81d.jpg", "url_m": "https://farm6.staticflickr.com/5834/22595628819_afed7fc81d_m.jpg", "link": "https://www.flickr.com/photos/25459876@N04/22595628819", "url_b": "https://farm6.staticflickr.com/5834/22595628819_afed7fc81d_b.jpg", "title": "AB.TC.D.146b"}, "n_answers": 3, "quorum": 0, "calibration": 0, "created": "2016-09-15T08:51:43.097169", "state": "completed", "project_id": 340, "id": 65597, "priority_0": 0.0}, {"info": {"url": "https://farm1.staticflickr.com/730/22998915921_15e49f454a.jpg", "url_m": "https://farm1.staticflickr.com/730/22998915921_15e49f454a_m.jpg", "link": "https://www.flickr.com/photos/25459876@N04/22998915921", "url_b": "https://farm1.staticflickr.com/730/22998915921_15e49f454a_b.jpg", "title": "AB.TC.D.147"}, "n_answers": 3, "quorum": 0, "calibration": 0, "created": "2016-09-15T08:51:43.130760", "state": "completed", "project_id": 340, "id": 65598, "priority_0": 0.0}, {"info": {"url": "https://farm1.staticflickr.com/621/22974374842_e8cfde5b75.jpg", "url_m": "https://farm1.staticflickr.com/621/22974374842_e8cfde5b75_m.jpg", "link": "https://www.flickr.com/photos/25459876@N04/22974374842", "url_b": "https://farm1.staticflickr.com/621/22974374842_e8cfde5b75_b.jpg", "title": "AB.TC.D.148"}, "n_answers": 3, "quorum": 0, "calibration": 0, "created": "2016-09-15T08:51:43.163834", "state": "completed", "project_id": 340, "id": 65599, "priority_0": 0.0}, {"info": {"url": "https://farm6.staticflickr.com/5664/22987821455_9eb909818a.jpg", "url_m": "https://farm6.staticflickr.com/5664/22987821455_9eb909818a_m.jpg", "link": "https://www.flickr.com/photos/25459876@N04/22987821455", "url_b": "https://farm6.staticflickr.com/5664/22987821455_9eb909818a_b.jpg", "title": "AB.TC.D.149"}, "n_answers": 3, "quorum": 0, "calibration": 0, "created": "2016-09-15T08:51:43.347295", "state": "completed", "project_id": 340, "id": 65600, "priority_0": 0.0}, {"info": {"url": "https://farm6.staticflickr.com/5734/22961780456_2e4bde93dc.jpg", "url_m": "https://farm6.staticflickr.com/5734/22961780456_2e4bde93dc_m.jpg", "link": "https://www.flickr.com/photos/25459876@N04/22961780456", "url_b": "https://farm6.staticflickr.com/5734/22961780456_2e4bde93dc_b.jpg", "title": "AB.TC.D.151"}, "n_answers": 3, "quorum": 0, "calibration": 0, "created": "2016-09-15T08:51:43.390040", "state": "completed", "project_id": 340, "id": 65601, "priority_0": 0.0}, {"info": {"url": "https://farm6.staticflickr.com/5789/22595625899_1712d80820.jpg", "url_m": "https://farm6.staticflickr.com/5789/22595625899_1712d80820_m.jpg", "link": "https://www.flickr.com/photos/25459876@N04/22595625899", "url_b": "https://farm6.staticflickr.com/5789/22595625899_1712d80820_b.jpg", "title": "AB.TC.D.152a"}, "n_answers": 3, "quorum": 0, "calibration": 0, "created": "2016-09-15T08:51:43.422683", "state": "completed", "project_id": 340, "id": 65602, "priority_0": 0.0}, {"info": {"url": "https://farm6.staticflickr.com/5797/22987819685_3977a0c697.jpg", "url_m": "https://farm6.staticflickr.com/5797/22987819685_3977a0c697_m.jpg", "link": "https://www.flickr.com/photos/25459876@N04/22987819685", "url_b": "https://farm6.staticflickr.com/5797/22987819685_3977a0c697_b.jpg", "title": "AB.TC.D.152b"}, "n_answers": 3, "quorum": 0, "calibration": 0, "created": "2016-09-15T08:51:43.455570", "state": "completed", "project_id": 340, "id": 65603, "priority_0": 0.0}, {"info": {"url": "https://farm1.staticflickr.com/582/22961778646_237a40fc03.jpg", "url_m": "https://farm1.staticflickr.com/582/22961778646_237a40fc03_m.jpg", "link": "https://www.flickr.com/photos/25459876@N04/22961778646", "url_b": "https://farm1.staticflickr.com/582/22961778646_237a40fc03_b.jpg", "title": "AB.TC.D.153"}, "n_answers": 3, "quorum": 0, "calibration": 0, "created": "2016-09-15T08:51:43.488582", "state": "completed", "project_id": 340, "id": 65604, "priority_0": 0.0}, {"info": {"url": "https://farm1.staticflickr.com/775/22569448657_d588734e78.jpg", "url_m": "https://farm1.staticflickr.com/775/22569448657_d588734e78_m.jpg", "link": "https://www.flickr.com/photos/25459876@N04/22569448657", "url_b": "https://farm1.staticflickr.com/775/22569448657_d588734e78_b.jpg", "title": "AB.TC.D.154a"}, "n_answers": 3, "quorum": 0, "calibration": 0, "created": "2016-09-15T08:51:43.521962", "state": "completed", "project_id": 340, "id": 65605, "priority_0": 0.0}, {"info": {"url": "https://farm1.staticflickr.com/770/22569490978_1b6dec935e.jpg", "url_m": "https://farm1.staticflickr.com/770/22569490978_1b6dec935e_m.jpg", "link": "https://www.flickr.com/photos/25459876@N04/22569490978", "url_b": "https://farm1.staticflickr.com/770/22569490978_1b6dec935e_b.jpg", "title": "AB.TC.D.154b"}, "n_answers": 3, "quorum": 0, "calibration": 0, "created": "2016-09-15T08:51:43.556484", "state": "completed", "project_id": 340, "id": 65606, "priority_0": 0.0}, {"info": {"url": "https://farm1.staticflickr.com/620/22366630473_61fd347cfc.jpg", "url_m": "https://farm1.staticflickr.com/620/22366630473_61fd347cfc_m.jpg", "link": "https://www.flickr.com/photos/25459876@N04/22366630473", "url_b": "https://farm1.staticflickr.com/620/22366630473_61fd347cfc_b.jpg", "title": "AB.TC.D.155"}, "n_answers": 3, "quorum": 0, "calibration": 0, "created": "2016-09-15T08:51:43.589116", "state": "completed", "project_id": 340, "id": 65607, "priority_0": 0.0}, {"info": {"url": "https://farm6.staticflickr.com/5648/22569489878_c071d83b3b.jpg", "url_m": "https://farm6.staticflickr.com/5648/22569489878_c071d83b3b_m.jpg", "link": "https://www.flickr.com/photos/25459876@N04/22569489878", "url_b": "https://farm6.staticflickr.com/5648/22569489878_c071d83b3b_b.jpg", "title": "AB.TC.D.156"}, "n_answers": 3, "quorum": 0, "calibration": 0, "created": "2016-09-15T08:51:43.622830", "state": "completed", "project_id": 340, "id": 65608, "priority_0": 0.0}, {"info": {"url": "https://farm6.staticflickr.com/5742/22998909081_41b3d63c84.jpg", "url_m": "https://farm6.staticflickr.com/5742/22998909081_41b3d63c84_m.jpg", "link": "https://www.flickr.com/photos/25459876@N04/22998909081", "url_b": "https://farm6.staticflickr.com/5742/22998909081_41b3d63c84_b.jpg", "title": "AB.TC.D.161"}, "n_answers": 3, "quorum": 0, "calibration": 0, "created": "2016-09-15T08:51:43.656043", "state": "completed", "project_id": 340, "id": 65609, "priority_0": 0.0}, {"info": {"url": "https://farm1.staticflickr.com/585/22961774386_5f1dae9750.jpg", "url_m": "https://farm1.staticflickr.com/585/22961774386_5f1dae9750_m.jpg", "link": "https://www.flickr.com/photos/25459876@N04/22961774386", "url_b": "https://farm1.staticflickr.com/585/22961774386_5f1dae9750_b.jpg", "title": "AB.TC.D.162"}, "n_answers": 3, "quorum": 0, "calibration": 0, "created": "2016-09-15T08:51:43.688779", "state": "completed", "project_id": 340, "id": 65610, "priority_0": 0.0}, {"info": {"url": "https://farm1.staticflickr.com/759/22998907621_4b0c427ff7.jpg", "url_m": "https://farm1.staticflickr.com/759/22998907621_4b0c427ff7_m.jpg", "link": "https://www.flickr.com/photos/25459876@N04/22998907621", "url_b": "https://farm1.staticflickr.com/759/22998907621_4b0c427ff7_b.jpg", "title": "AB.TC.D.163"}, "n_answers": 3, "quorum": 0, "calibration": 0, "created": "2016-09-15T08:51:43.722108", "state": "completed", "project_id": 340, "id": 65611, "priority_0": 0.0}, {"info": {"url": "https://farm1.staticflickr.com/585/22998906991_c46ac283ec.jpg", "url_m": "https://farm1.staticflickr.com/585/22998906991_c46ac283ec_m.jpg", "link": "https://www.flickr.com/photos/25459876@N04/22998906991", "url_b": "https://farm1.staticflickr.com/585/22998906991_c46ac283ec_b.jpg", "title": "AB.TC.D.164"}, "n_answers": 3, "quorum": 0, "calibration": 0, "created": "2016-09-15T08:51:43.755114", "state": "completed", "project_id": 340, "id": 65612, "priority_0": 0.0}, {"info": {"url": "https://farm6.staticflickr.com/5809/22799767490_90e39374bf.jpg", "url_m": "https://farm6.staticflickr.com/5809/22799767490_90e39374bf_m.jpg", "link": "https://www.flickr.com/photos/25459876@N04/22799767490", "url_b": "https://farm6.staticflickr.com/5809/22799767490_90e39374bf_b.jpg", "title": "AB.TC.D.166a"}, "n_answers": 3, "quorum": 0, "calibration": 0, "created": "2016-09-15T08:51:43.789373", "state": "completed", "project_id": 340, "id": 65613, "priority_0": 0.0}, {"info": {"url": "https://farm6.staticflickr.com/5755/22799766730_bd4fc29eba.jpg", "url_m": "https://farm6.staticflickr.com/5755/22799766730_bd4fc29eba_m.jpg", "link": "https://www.flickr.com/photos/25459876@N04/22799766730", "url_b": "https://farm6.staticflickr.com/5755/22799766730_bd4fc29eba_b.jpg", "title": "AB.TC.D.166b"}, "n_answers": 3, "quorum": 0, "calibration": 0, "created": "2016-09-15T08:51:43.822677", "state": "completed", "project_id": 340, "id": 65614, "priority_0": 0.0}, {"info": {"url": "https://farm1.staticflickr.com/613/22569442277_863771bb98.jpg", "url_m": "https://farm1.staticflickr.com/613/22569442277_863771bb98_m.jpg", "link": "https://www.flickr.com/photos/25459876@N04/22569442277", "url_b": "https://farm1.staticflickr.com/613/22569442277_863771bb98_b.jpg", "title": "AB.TC.D.167a"}, "n_answers": 3, "quorum": 0, "calibration": 0, "created": "2016-09-15T08:51:43.855660", "state": "completed", "project_id": 340, "id": 65615, "priority_0": 0.0}, {"info": {"url": "https://farm6.staticflickr.com/5799/22366624683_9c5c745c97.jpg", "url_m": "https://farm6.staticflickr.com/5799/22366624683_9c5c745c97_m.jpg", "link": "https://www.flickr.com/photos/25459876@N04/22366624683", "url_b": "https://farm6.staticflickr.com/5799/22366624683_9c5c745c97_b.jpg", "title": "AB.TC.D.167b"}, "n_answers": 3, "quorum": 0, "calibration": 0, "created": "2016-09-15T08:51:43.889225", "state": "completed", "project_id": 340, "id": 65616, "priority_0": 0.0}, {"info": {"url": "https://farm1.staticflickr.com/696/22799764570_d5a4b1111c.jpg", "url_m": "https://farm1.staticflickr.com/696/22799764570_d5a4b1111c_m.jpg", "link": "https://www.flickr.com/photos/25459876@N04/22799764570", "url_b": "https://farm1.staticflickr.com/696/22799764570_d5a4b1111c_b.jpg", "title": "AB.TC.D.168A"}, "n_answers": 3, "quorum": 0, "calibration": 0, "created": "2016-09-15T08:51:43.923618", "state": "completed", "project_id": 340, "id": 65617, "priority_0": 0.0}, {"info": {"url": "https://farm1.staticflickr.com/578/22569440087_915d936dab.jpg", "url_m": "https://farm1.staticflickr.com/578/22569440087_915d936dab_m.jpg", "link": "https://www.flickr.com/photos/25459876@N04/22569440087", "url_b": "https://farm1.staticflickr.com/578/22569440087_915d936dab_b.jpg", "title": "AB.TC.D.168Ba"}, "n_answers": 3, "quorum": 0, "calibration": 0, "created": "2016-09-15T08:51:43.955733", "state": "completed", "project_id": 340, "id": 65618, "priority_0": 0.0}, {"info": {"url": "https://farm1.staticflickr.com/624/22366622073_7bca7700e4.jpg", "url_m": "https://farm1.staticflickr.com/624/22366622073_7bca7700e4_m.jpg", "link": "https://www.flickr.com/photos/25459876@N04/22366622073", "url_b": "https://farm1.staticflickr.com/624/22366622073_7bca7700e4_b.jpg", "title": "AB.TC.D.168Bb"}, "n_answers": 3, "quorum": 0, "calibration": 0, "created": "2016-09-15T08:51:43.988725", "state": "completed", "project_id": 340, "id": 65619, "priority_0": 0.0}, {"info": {"url": "https://farm1.staticflickr.com/747/22595614069_ddb8775b48.jpg", "url_m": "https://farm1.staticflickr.com/747/22595614069_ddb8775b48_m.jpg", "link": "https://www.flickr.com/photos/25459876@N04/22595614069", "url_b": "https://farm1.staticflickr.com/747/22595614069_ddb8775b48_b.jpg", "title": "AB.TC.D.176"}, "n_answers": 3, "quorum": 0, "calibration": 0, "created": "2016-09-15T08:51:44.022866", "state": "completed", "project_id": 340, "id": 65620, "priority_0": 0.0}, {"info": {"url": "https://farm6.staticflickr.com/5754/22595613649_5720c7ab44.jpg", "url_m": "https://farm6.staticflickr.com/5754/22595613649_5720c7ab44_m.jpg", "link": "https://www.flickr.com/photos/25459876@N04/22595613649", "url_b": "https://farm6.staticflickr.com/5754/22595613649_5720c7ab44_b.jpg", "title": "AB.TC.D.181a"}, "n_answers": 3, "quorum": 0, "calibration": 0, "created": "2016-09-15T08:51:44.056767", "state": "completed", "project_id": 340, "id": 65621, "priority_0": 0.0}, {"info": {"url": "https://farm6.staticflickr.com/5800/22569480938_5512855604.jpg", "url_m": "https://farm6.staticflickr.com/5800/22569480938_5512855604_m.jpg", "link": "https://www.flickr.com/photos/25459876@N04/22569480938", "url_b": "https://farm6.staticflickr.com/5800/22569480938_5512855604_b.jpg", "title": "AB.TC.D.181b"}, "n_answers": 3, "quorum": 0, "calibration": 0, "created": "2016-09-15T08:51:44.089248", "state": "completed", "project_id": 340, "id": 65622, "priority_0": 0.0}, {"info": {"url": "https://farm6.staticflickr.com/5828/22974359182_cd445d8509.jpg", "url_m": "https://farm6.staticflickr.com/5828/22974359182_cd445d8509_m.jpg", "link": "https://www.flickr.com/photos/25459876@N04/22974359182", "url_b": "https://farm6.staticflickr.com/5828/22974359182_cd445d8509_b.jpg", "title": "AB.TC.D.182a"}, "n_answers": 3, "quorum": 0, "calibration": 0, "created": "2016-09-15T08:51:44.122490", "state": "completed", "project_id": 340, "id": 65623, "priority_0": 0.0}, {"info": {"url": "https://farm1.staticflickr.com/748/22365040474_efb73539ca.jpg", "url_m": "https://farm1.staticflickr.com/748/22365040474_efb73539ca_m.jpg", "link": "https://www.flickr.com/photos/25459876@N04/22365040474", "url_b": "https://farm1.staticflickr.com/748/22365040474_efb73539ca_b.jpg", "title": "AB.TC.D.182b"}, "n_answers": 3, "quorum": 0, "calibration": 0, "created": "2016-09-15T08:51:44.155671", "state": "completed", "project_id": 340, "id": 65624, "priority_0": 0.0}, {"info": {"url": "https://farm6.staticflickr.com/5684/22961763696_2585c54eea.jpg", "url_m": "https://farm6.staticflickr.com/5684/22961763696_2585c54eea_m.jpg", "link": "https://www.flickr.com/photos/25459876@N04/22961763696", "url_b": "https://farm6.staticflickr.com/5684/22961763696_2585c54eea_b.jpg", "title": "AB.TC.D.183"}, "n_answers": 3, "quorum": 0, "calibration": 0, "created": "2016-09-15T08:51:44.188782", "state": "completed", "project_id": 340, "id": 65625, "priority_0": 0.0}, {"info": {"url": "https://farm6.staticflickr.com/5796/22595610349_a08a7cf0e8.jpg", "url_m": "https://farm6.staticflickr.com/5796/22595610349_a08a7cf0e8_m.jpg", "link": "https://www.flickr.com/photos/25459876@N04/22595610349", "url_b": "https://farm6.staticflickr.com/5796/22595610349_a08a7cf0e8_b.jpg", "title": "AB.TC.D.184"}, "n_answers": 3, "quorum": 0, "calibration": 0, "created": "2016-09-15T08:51:44.221744", "state": "completed", "project_id": 340, "id": 65626, "priority_0": 0.0}, {"info": {"url": "https://farm6.staticflickr.com/5825/22366616843_82e535f7c7.jpg", "url_m": "https://farm6.staticflickr.com/5825/22366616843_82e535f7c7_m.jpg", "link": "https://www.flickr.com/photos/25459876@N04/22366616843", "url_b": "https://farm6.staticflickr.com/5825/22366616843_82e535f7c7_b.jpg", "title": "AB.TC.D.201"}, "n_answers": 3, "quorum": 0, "calibration": 0, "created": "2016-09-15T08:51:44.255194", "state": "completed", "project_id": 340, "id": 65627, "priority_0": 0.0}, {"info": {"url": "https://farm6.staticflickr.com/5789/22569476838_163cf8562b.jpg", "url_m": "https://farm6.staticflickr.com/5789/22569476838_163cf8562b_m.jpg", "link": "https://www.flickr.com/photos/25459876@N04/22569476838", "url_b": "https://farm6.staticflickr.com/5789/22569476838_163cf8562b_b.jpg", "title": "AB.TC.D.202"}, "n_answers": 3, "quorum": 0, "calibration": 0, "created": "2016-09-15T08:51:44.290573", "state": "completed", "project_id": 340, "id": 65628, "priority_0": 0.0}, {"info": {"url": "https://farm6.staticflickr.com/5736/22998895151_6bde5774a5.jpg", "url_m": "https://farm6.staticflickr.com/5736/22998895151_6bde5774a5_m.jpg", "link": "https://www.flickr.com/photos/25459876@N04/22998895151", "url_b": "https://farm6.staticflickr.com/5736/22998895151_6bde5774a5_b.jpg", "title": "AB.TC.D.203"}, "n_answers": 3, "quorum": 0, "calibration": 0, "created": "2016-09-15T08:51:44.322177", "state": "completed", "project_id": 340, "id": 65629, "priority_0": 0.0}, {"info": {"url": "https://farm6.staticflickr.com/5830/22366614963_cee5ca05ba.jpg", "url_m": "https://farm6.staticflickr.com/5830/22366614963_cee5ca05ba_m.jpg", "link": "https://www.flickr.com/photos/25459876@N04/22366614963", "url_b": "https://farm6.staticflickr.com/5830/22366614963_cee5ca05ba_b.jpg", "title": "AB.TC.D.204"}, "n_answers": 3, "quorum": 0, "calibration": 0, "created": "2016-09-15T08:51:44.355811", "state": "completed", "project_id": 340, "id": 65630, "priority_0": 0.0}, {"info": {"url": "https://farm1.staticflickr.com/676/22365036354_eb305c185b.jpg", "url_m": "https://farm1.staticflickr.com/676/22365036354_eb305c185b_m.jpg", "link": "https://www.flickr.com/photos/25459876@N04/22365036354", "url_b": "https://farm1.staticflickr.com/676/22365036354_eb305c185b_b.jpg", "title": "AB.TC.D.205"}, "n_answers": 3, "quorum": 0, "calibration": 0, "created": "2016-09-15T08:51:44.389119", "state": "completed", "project_id": 340, "id": 65631, "priority_0": 0.0}, {"info": {"url": "https://farm1.staticflickr.com/711/22961759246_abb32d78e9.jpg", "url_m": "https://farm1.staticflickr.com/711/22961759246_abb32d78e9_m.jpg", "link": "https://www.flickr.com/photos/25459876@N04/22961759246", "url_b": "https://farm1.staticflickr.com/711/22961759246_abb32d78e9_b.jpg", "title": "AB.TC.D.206"}, "n_answers": 3, "quorum": 0, "calibration": 0, "created": "2016-09-15T08:51:44.421455", "state": "completed", "project_id": 340, "id": 65632, "priority_0": 0.0}, {"info": {"url": "https://farm6.staticflickr.com/5821/22366613503_8370f86e09.jpg", "url_m": "https://farm6.staticflickr.com/5821/22366613503_8370f86e09_m.jpg", "link": "https://www.flickr.com/photos/25459876@N04/22366613503", "url_b": "https://farm6.staticflickr.com/5821/22366613503_8370f86e09_b.jpg", "title": "AB.TC.D.211"}, "n_answers": 3, "quorum": 0, "calibration": 0, "created": "2016-09-15T08:51:44.455356", "state": "completed", "project_id": 340, "id": 65633, "priority_0": 0.0}, {"info": {"url": "https://farm6.staticflickr.com/5709/22569429957_b5b2177e93.jpg", "url_m": "https://farm6.staticflickr.com/5709/22569429957_b5b2177e93_m.jpg", "link": "https://www.flickr.com/photos/25459876@N04/22569429957", "url_b": "https://farm6.staticflickr.com/5709/22569429957_b5b2177e93_b.jpg", "title": "AB.TC.D.212"}, "n_answers": 3, "quorum": 0, "calibration": 0, "created": "2016-09-15T08:51:44.489632", "state": "completed", "project_id": 340, "id": 65634, "priority_0": 0.0}, {"info": {"url": "https://farm1.staticflickr.com/633/22998891441_0b8568c42e.jpg", "url_m": "https://farm1.staticflickr.com/633/22998891441_0b8568c42e_m.jpg", "link": "https://www.flickr.com/photos/25459876@N04/22998891441", "url_b": "https://farm1.staticflickr.com/633/22998891441_0b8568c42e_b.jpg", "title": "AB.TC.D.213"}, "n_answers": 3, "quorum": 0, "calibration": 0, "created": "2016-09-15T08:51:44.523077", "state": "completed", "project_id": 340, "id": 65635, "priority_0": 0.0}, {"info": {"url": "https://farm1.staticflickr.com/639/22365033204_c41a1c71b7.jpg", "url_m": "https://farm1.staticflickr.com/639/22365033204_c41a1c71b7_m.jpg", "link": "https://www.flickr.com/photos/25459876@N04/22365033204", "url_b": "https://farm1.staticflickr.com/639/22365033204_c41a1c71b7_b.jpg", "title": "AB.TC.D.214"}, "n_answers": 3, "quorum": 0, "calibration": 0, "created": "2016-09-15T08:51:44.556157", "state": "completed", "project_id": 340, "id": 65636, "priority_0": 0.0}, {"info": {"url": "https://farm6.staticflickr.com/5754/22569427837_6c74056309.jpg", "url_m": "https://farm6.staticflickr.com/5754/22569427837_6c74056309_m.jpg", "link": "https://www.flickr.com/photos/25459876@N04/22569427837", "url_b": "https://farm6.staticflickr.com/5754/22569427837_6c74056309_b.jpg", "title": "AB.TC.D.215"}, "n_answers": 3, "quorum": 0, "calibration": 0, "created": "2016-09-15T08:51:44.588778", "state": "completed", "project_id": 340, "id": 65637, "priority_0": 0.0}, {"info": {"url": "https://farm1.staticflickr.com/631/22987796965_fcd9d4865e.jpg", "url_m": "https://farm1.staticflickr.com/631/22987796965_fcd9d4865e_m.jpg", "link": "https://www.flickr.com/photos/25459876@N04/22987796965", "url_b": "https://farm1.staticflickr.com/631/22987796965_fcd9d4865e_b.jpg", "title": "AB.TC.D.216"}, "n_answers": 3, "quorum": 0, "calibration": 0, "created": "2016-09-15T08:51:44.622710", "state": "completed", "project_id": 340, "id": 65638, "priority_0": 0.0}, {"info": {"url": "https://farm6.staticflickr.com/5764/22961755196_fa31101ce2.jpg", "url_m": "https://farm6.staticflickr.com/5764/22961755196_fa31101ce2_m.jpg", "link": "https://www.flickr.com/photos/25459876@N04/22961755196", "url_b": "https://farm6.staticflickr.com/5764/22961755196_fa31101ce2_b.jpg", "title": "AB.TC.D.219a"}, "n_answers": 3, "quorum": 0, "calibration": 0, "created": "2016-09-15T08:51:44.656319", "state": "completed", "project_id": 340, "id": 65639, "priority_0": 0.0}, {"info": {"url": "https://farm6.staticflickr.com/5780/22595601449_fafe2ae0d8.jpg", "url_m": "https://farm6.staticflickr.com/5780/22595601449_fafe2ae0d8_m.jpg", "link": "https://www.flickr.com/photos/25459876@N04/22595601449", "url_b": "https://farm6.staticflickr.com/5780/22595601449_fafe2ae0d8_b.jpg", "title": "AB.TC.D.219b"}, "n_answers": 3, "quorum": 0, "calibration": 0, "created": "2016-09-15T08:51:44.689148", "state": "completed", "project_id": 340, "id": 65640, "priority_0": 0.0}, {"info": {"url": "https://farm6.staticflickr.com/5646/22595600949_b12cb7fed0.jpg", "url_m": "https://farm6.staticflickr.com/5646/22595600949_b12cb7fed0_m.jpg", "link": "https://www.flickr.com/photos/25459876@N04/22595600949", "url_b": "https://farm6.staticflickr.com/5646/22595600949_b12cb7fed0_b.jpg", "title": "AB.TC.D.220"}, "n_answers": 3, "quorum": 0, "calibration": 0, "created": "2016-09-15T08:51:44.722723", "state": "completed", "project_id": 340, "id": 65641, "priority_0": 0.0}, {"info": {"url": "https://farm1.staticflickr.com/678/22974346722_467bef2567.jpg", "url_m": "https://farm1.staticflickr.com/678/22974346722_467bef2567_m.jpg", "link": "https://www.flickr.com/photos/25459876@N04/22974346722", "url_b": "https://farm1.staticflickr.com/678/22974346722_467bef2567_b.jpg", "title": "AB.TC.D.221"}, "n_answers": 3, "quorum": 0, "calibration": 0, "created": "2016-09-15T08:51:44.756333", "state": "completed", "project_id": 340, "id": 65642, "priority_0": 0.0}, {"info": {"url": "https://farm1.staticflickr.com/589/22961752066_0a9735b277.jpg", "url_m": "https://farm1.staticflickr.com/589/22961752066_0a9735b277_m.jpg", "link": "https://www.flickr.com/photos/25459876@N04/22961752066", "url_b": "https://farm1.staticflickr.com/589/22961752066_0a9735b277_b.jpg", "title": "AB.TC.D.222"}, "n_answers": 3, "quorum": 0, "calibration": 0, "created": "2016-09-15T08:51:44.789846", "state": "completed", "project_id": 340, "id": 65643, "priority_0": 0.0}, {"info": {"url": "https://farm1.staticflickr.com/718/22799747140_df67a47bf5.jpg", "url_m": "https://farm1.staticflickr.com/718/22799747140_df67a47bf5_m.jpg", "link": "https://www.flickr.com/photos/25459876@N04/22799747140", "url_b": "https://farm1.staticflickr.com/718/22799747140_df67a47bf5_b.jpg", "title": "AB.TC.D.223a"}, "n_answers": 3, "quorum": 0, "calibration": 0, "created": "2016-09-15T08:51:44.822408", "state": "completed", "project_id": 340, "id": 65644, "priority_0": 0.0}, {"info": {"url": "https://farm6.staticflickr.com/5801/22366605493_3d1db77d7e.jpg", "url_m": "https://farm6.staticflickr.com/5801/22366605493_3d1db77d7e_m.jpg", "link": "https://www.flickr.com/photos/25459876@N04/22366605493", "url_b": "https://farm6.staticflickr.com/5801/22366605493_3d1db77d7e_b.jpg", "title": "AB.TC.D.223b"}, "n_answers": 3, "quorum": 0, "calibration": 0, "created": "2016-09-15T08:51:44.855514", "state": "completed", "project_id": 340, "id": 65645, "priority_0": 0.0}, {"info": {"url": "https://farm1.staticflickr.com/724/22974344062_5fd2c1b305.jpg", "url_m": "https://farm1.staticflickr.com/724/22974344062_5fd2c1b305_m.jpg", "link": "https://www.flickr.com/photos/25459876@N04/22974344062", "url_b": "https://farm1.staticflickr.com/724/22974344062_5fd2c1b305_b.jpg", "title": "AB.TC.D.224"}, "n_answers": 3, "quorum": 0, "calibration": 0, "created": "2016-09-15T08:51:44.889446", "state": "completed", "project_id": 340, "id": 65646, "priority_0": 0.0}, {"info": {"url": "https://farm6.staticflickr.com/5722/22799745420_6a0a5d1000.jpg", "url_m": "https://farm6.staticflickr.com/5722/22799745420_6a0a5d1000_m.jpg", "link": "https://www.flickr.com/photos/25459876@N04/22799745420", "url_b": "https://farm6.staticflickr.com/5722/22799745420_6a0a5d1000_b.jpg", "title": "AB.TC.D.225"}, "n_answers": 3, "quorum": 0, "calibration": 0, "created": "2016-09-15T08:51:44.922481", "state": "completed", "project_id": 340, "id": 65647, "priority_0": 0.0}, {"info": {"url": "https://farm1.staticflickr.com/732/22569464058_6f672191ce.jpg", "url_m": "https://farm1.staticflickr.com/732/22569464058_6f672191ce_m.jpg", "link": "https://www.flickr.com/photos/25459876@N04/22569464058", "url_b": "https://farm1.staticflickr.com/732/22569464058_6f672191ce_b.jpg", "title": "AB.TC.D.226"}, "n_answers": 3, "quorum": 0, "calibration": 0, "created": "2016-09-15T08:51:44.956165", "state": "completed", "project_id": 340, "id": 65648, "priority_0": 0.0}, {"info": {"url": "https://farm1.staticflickr.com/704/22569463578_07ffc6ee7b.jpg", "url_m": "https://farm1.staticflickr.com/704/22569463578_07ffc6ee7b_m.jpg", "link": "https://www.flickr.com/photos/25459876@N04/22569463578", "url_b": "https://farm1.staticflickr.com/704/22569463578_07ffc6ee7b_b.jpg", "title": "AB.TC.D.229"}, "n_answers": 3, "quorum": 0, "calibration": 0, "created": "2016-09-15T08:51:44.989038", "state": "completed", "project_id": 340, "id": 65649, "priority_0": 0.0}, {"info": {"url": "https://farm1.staticflickr.com/602/22569462778_b7ba0191f7.jpg", "url_m": "https://farm1.staticflickr.com/602/22569462778_b7ba0191f7_m.jpg", "link": "https://www.flickr.com/photos/25459876@N04/22569462778", "url_b": "https://farm1.staticflickr.com/602/22569462778_b7ba0191f7_b.jpg", "title": "AB.TC.D.230"}, "n_answers": 3, "quorum": 0, "calibration": 0, "created": "2016-09-15T08:51:45.023362", "state": "completed", "project_id": 340, "id": 65650, "priority_0": 0.0}, {"info": {"url": "https://farm1.staticflickr.com/643/22569462168_5d8022ab26.jpg", "url_m": "https://farm1.staticflickr.com/643/22569462168_5d8022ab26_m.jpg", "link": "https://www.flickr.com/photos/25459876@N04/22569462168", "url_b": "https://farm1.staticflickr.com/643/22569462168_5d8022ab26_b.jpg", "title": "AB.TC.D.231"}, "n_answers": 3, "quorum": 0, "calibration": 0, "created": "2016-09-15T08:51:45.055965", "state": "completed", "project_id": 340, "id": 65651, "priority_0": 0.0}, {"info": {"url": "https://farm1.staticflickr.com/607/22998880621_e954222253.jpg", "url_m": "https://farm1.staticflickr.com/607/22998880621_e954222253_m.jpg", "link": "https://www.flickr.com/photos/25459876@N04/22998880621", "url_b": "https://farm1.staticflickr.com/607/22998880621_e954222253_b.jpg", "title": "AB.TC.D.232"}, "n_answers": 3, "quorum": 0, "calibration": 0, "created": "2016-09-15T08:51:45.088625", "state": "completed", "project_id": 340, "id": 65652, "priority_0": 0.0}, {"info": {"url": "https://farm1.staticflickr.com/629/22987786585_e0ea0b2ec4.jpg", "url_m": "https://farm1.staticflickr.com/629/22987786585_e0ea0b2ec4_m.jpg", "link": "https://www.flickr.com/photos/25459876@N04/22987786585", "url_b": "https://farm1.staticflickr.com/629/22987786585_e0ea0b2ec4_b.jpg", "title": "AB.TC.D.233"}, "n_answers": 3, "quorum": 0, "calibration": 0, "created": "2016-09-15T08:51:45.122675", "state": "completed", "project_id": 340, "id": 65653, "priority_0": 0.0}, {"info": {"url": "https://farm1.staticflickr.com/714/22974338442_89bfec06f0.jpg", "url_m": "https://farm1.staticflickr.com/714/22974338442_89bfec06f0_m.jpg", "link": "https://www.flickr.com/photos/25459876@N04/22974338442", "url_b": "https://farm1.staticflickr.com/714/22974338442_89bfec06f0_b.jpg", "title": "AB.TC.D.234a"}, "n_answers": 3, "quorum": 0, "calibration": 0, "created": "2016-09-15T08:51:45.157239", "state": "completed", "project_id": 340, "id": 65654, "priority_0": 0.0}, {"info": {"url": "https://farm6.staticflickr.com/5639/22799739840_e54bce21f3.jpg", "url_m": "https://farm6.staticflickr.com/5639/22799739840_e54bce21f3_m.jpg", "link": "https://www.flickr.com/photos/25459876@N04/22799739840", "url_b": "https://farm6.staticflickr.com/5639/22799739840_e54bce21f3_b.jpg", "title": "AB.TC.D.234b"}, "n_answers": 3, "quorum": 0, "calibration": 0, "created": "2016-09-15T08:51:45.190001", "state": "completed", "project_id": 340, "id": 65655, "priority_0": 0.0}, {"info": {"url": "https://farm6.staticflickr.com/5762/22365019794_f60d02a49c.jpg", "url_m": "https://farm6.staticflickr.com/5762/22365019794_f60d02a49c_m.jpg", "link": "https://www.flickr.com/photos/25459876@N04/22365019794", "url_b": "https://farm6.staticflickr.com/5762/22365019794_f60d02a49c_b.jpg", "title": "AB.TC.D.234c"}, "n_answers": 3, "quorum": 0, "calibration": 0, "created": "2016-09-15T08:51:45.222997", "state": "completed", "project_id": 340, "id": 65656, "priority_0": 0.0}, {"info": {"url": "https://farm1.staticflickr.com/656/22365018854_1179bb9ccb.jpg", "url_m": "https://farm1.staticflickr.com/656/22365018854_1179bb9ccb_m.jpg", "link": "https://www.flickr.com/photos/25459876@N04/22365018854", "url_b": "https://farm1.staticflickr.com/656/22365018854_1179bb9ccb_b.jpg", "title": "AB.TC.D.234d"}, "n_answers": 3, "quorum": 0, "calibration": 0, "created": "2016-09-15T08:51:45.255862", "state": "completed", "project_id": 340, "id": 65657, "priority_0": 0.0}, {"info": {"url": "https://farm6.staticflickr.com/5645/22366595573_89d3b94f58.jpg", "url_m": "https://farm6.staticflickr.com/5645/22366595573_89d3b94f58_m.jpg", "link": "https://www.flickr.com/photos/25459876@N04/22366595573", "url_b": "https://farm6.staticflickr.com/5645/22366595573_89d3b94f58_b.jpg", "title": "AB.TC.D.235"}, "n_answers": 3, "quorum": 0, "calibration": 0, "created": "2016-09-15T08:51:45.289455", "state": "completed", "project_id": 340, "id": 65658, "priority_0": 0.0}, {"info": {"url": "https://farm6.staticflickr.com/5707/22365017044_5085e00e60.jpg", "url_m": "https://farm6.staticflickr.com/5707/22365017044_5085e00e60_m.jpg", "link": "https://www.flickr.com/photos/25459876@N04/22365017044", "url_b": "https://farm6.staticflickr.com/5707/22365017044_5085e00e60_b.jpg", "title": "AB.TC.D.236"}, "n_answers": 3, "quorum": 0, "calibration": 0, "created": "2016-09-15T08:51:45.322033", "state": "completed", "project_id": 340, "id": 65659, "priority_0": 0.0}, {"info": {"url": "https://farm1.staticflickr.com/626/22569411257_4491898b4a.jpg", "url_m": "https://farm1.staticflickr.com/626/22569411257_4491898b4a_m.jpg", "link": "https://www.flickr.com/photos/25459876@N04/22569411257", "url_b": "https://farm1.staticflickr.com/626/22569411257_4491898b4a_b.jpg", "title": "AB.TC.D.237"}, "n_answers": 3, "quorum": 0, "calibration": 0, "created": "2016-09-15T08:51:45.356672", "state": "completed", "project_id": 340, "id": 65660, "priority_0": 0.0}, {"info": {"url": "https://farm6.staticflickr.com/5746/22366593233_955853fa3c.jpg", "url_m": "https://farm6.staticflickr.com/5746/22366593233_955853fa3c_m.jpg", "link": "https://www.flickr.com/photos/25459876@N04/22366593233", "url_b": "https://farm6.staticflickr.com/5746/22366593233_955853fa3c_b.jpg", "title": "AB.TC.D.238"}, "n_answers": 3, "quorum": 0, "calibration": 0, "created": "2016-09-15T08:51:45.390849", "state": "completed", "project_id": 340, "id": 65661, "priority_0": 0.0}, {"info": {"url": "https://farm1.staticflickr.com/753/22365015004_29ac9efd03.jpg", "url_m": "https://farm1.staticflickr.com/753/22365015004_29ac9efd03_m.jpg", "link": "https://www.flickr.com/photos/25459876@N04/22365015004", "url_b": "https://farm1.staticflickr.com/753/22365015004_29ac9efd03_b.jpg", "title": "AB.TC.D.239a"}, "n_answers": 3, "quorum": 0, "calibration": 0, "created": "2016-09-15T08:51:45.422924", "state": "completed", "project_id": 340, "id": 65662, "priority_0": 0.0}, {"info": {"url": "https://farm1.staticflickr.com/591/22987778875_47b34cd394.jpg", "url_m": "https://farm1.staticflickr.com/591/22987778875_47b34cd394_m.jpg", "link": "https://www.flickr.com/photos/25459876@N04/22987778875", "url_b": "https://farm1.staticflickr.com/591/22987778875_47b34cd394_b.jpg", "title": "AB.TC.D.239b"}, "n_answers": 3, "quorum": 0, "calibration": 0, "created": "2016-09-15T08:51:45.456588", "state": "completed", "project_id": 340, "id": 65663, "priority_0": 0.0}, {"info": {"url": "https://farm1.staticflickr.com/693/22569452638_b2a7f5a2d9.jpg", "url_m": "https://farm1.staticflickr.com/693/22569452638_b2a7f5a2d9_m.jpg", "link": "https://www.flickr.com/photos/25459876@N04/22569452638", "url_b": "https://farm1.staticflickr.com/693/22569452638_b2a7f5a2d9_b.jpg", "title": "AB.TC.D.240A"}, "n_answers": 3, "quorum": 0, "calibration": 0, "created": "2016-09-15T08:51:45.490124", "state": "completed", "project_id": 340, "id": 65664, "priority_0": 0.0}, {"info": {"url": "https://farm1.staticflickr.com/754/22961736866_937b887872.jpg", "url_m": "https://farm1.staticflickr.com/754/22961736866_937b887872_m.jpg", "link": "https://www.flickr.com/photos/25459876@N04/22961736866", "url_b": "https://farm1.staticflickr.com/754/22961736866_937b887872_b.jpg", "title": "AB.TC.D.240B"}, "n_answers": 3, "quorum": 0, "calibration": 0, "created": "2016-09-15T08:51:45.523223", "state": "completed", "project_id": 340, "id": 65665, "priority_0": 0.0}, {"info": {"url": "https://farm6.staticflickr.com/5646/22961736266_ba753aba59.jpg", "url_m": "https://farm6.staticflickr.com/5646/22961736266_ba753aba59_m.jpg", "link": "https://www.flickr.com/photos/25459876@N04/22961736266", "url_b": "https://farm6.staticflickr.com/5646/22961736266_ba753aba59_b.jpg", "title": "AB.TC.D.241a"}, "n_answers": 3, "quorum": 0, "calibration": 0, "created": "2016-09-15T08:51:45.556032", "state": "completed", "project_id": 340, "id": 65666, "priority_0": 0.0}, {"info": {"url": "https://farm1.staticflickr.com/671/22961716726_91f278c480.jpg", "url_m": "https://farm1.staticflickr.com/671/22961716726_91f278c480_m.jpg", "link": "https://www.flickr.com/photos/25459876@N04/22961716726", "url_b": "https://farm1.staticflickr.com/671/22961716726_91f278c480_b.jpg", "title": "AB.TC.D.241b"}, "n_answers": 3, "quorum": 0, "calibration": 0, "created": "2016-09-15T08:51:45.589295", "state": "completed", "project_id": 340, "id": 65667, "priority_0": 0.0}, {"info": {"url": "https://farm1.staticflickr.com/602/22961735496_53eba96956.jpg", "url_m": "https://farm1.staticflickr.com/602/22961735496_53eba96956_m.jpg", "link": "https://www.flickr.com/photos/25459876@N04/22961735496", "url_b": "https://farm1.staticflickr.com/602/22961735496_53eba96956_b.jpg", "title": "AB.TC.D.241c"}, "n_answers": 3, "quorum": 0, "calibration": 0, "created": "2016-09-15T08:51:45.623735", "state": "completed", "project_id": 340, "id": 65668, "priority_0": 0.0}, {"info": {"url": "https://farm1.staticflickr.com/741/22987775805_139706ea25.jpg", "url_m": "https://farm1.staticflickr.com/741/22987775805_139706ea25_m.jpg", "link": "https://www.flickr.com/photos/25459876@N04/22987775805", "url_b": "https://farm1.staticflickr.com/741/22987775805_139706ea25_b.jpg", "title": "AB.TC.D.243"}, "n_answers": 3, "quorum": 0, "calibration": 0, "created": "2016-09-15T08:51:45.657355", "state": "completed", "project_id": 340, "id": 65669, "priority_0": 0.0}, {"info": {"url": "https://farm6.staticflickr.com/5636/22569449768_1b72539f84.jpg", "url_m": "https://farm6.staticflickr.com/5636/22569449768_1b72539f84_m.jpg", "link": "https://www.flickr.com/photos/25459876@N04/22569449768", "url_b": "https://farm6.staticflickr.com/5636/22569449768_1b72539f84_b.jpg", "title": "AB.TC.D.244"}, "n_answers": 3, "quorum": 0, "calibration": 0, "created": "2016-09-15T08:51:45.690764", "state": "completed", "project_id": 340, "id": 65670, "priority_0": 0.0}, {"info": {"url": "https://farm6.staticflickr.com/5721/22569449268_2a0d71d076.jpg", "url_m": "https://farm6.staticflickr.com/5721/22569449268_2a0d71d076_m.jpg", "link": "https://www.flickr.com/photos/25459876@N04/22569449268", "url_b": "https://farm6.staticflickr.com/5721/22569449268_2a0d71d076_b.jpg", "title": "AB.TC.D.245"}, "n_answers": 3, "quorum": 0, "calibration": 0, "created": "2016-09-15T08:51:45.723987", "state": "completed", "project_id": 340, "id": 65671, "priority_0": 0.0}, {"info": {"url": "https://farm1.staticflickr.com/769/22366586983_ef79ab3b2a.jpg", "url_m": "https://farm1.staticflickr.com/769/22366586983_ef79ab3b2a_m.jpg", "link": "https://www.flickr.com/photos/25459876@N04/22366586983", "url_b": "https://farm1.staticflickr.com/769/22366586983_ef79ab3b2a_b.jpg", "title": "AB.TC.D.246"}, "n_answers": 3, "quorum": 0, "calibration": 0, "created": "2016-09-15T08:51:45.757300", "state": "completed", "project_id": 340, "id": 65672, "priority_0": 0.0}, {"info": {"url": "https://farm1.staticflickr.com/571/22998866771_02185f210b.jpg", "url_m": "https://farm1.staticflickr.com/571/22998866771_02185f210b_m.jpg", "link": "https://www.flickr.com/photos/25459876@N04/22998866771", "url_b": "https://farm1.staticflickr.com/571/22998866771_02185f210b_b.jpg", "title": "AB.TC.D.248"}, "n_answers": 3, "quorum": 0, "calibration": 0, "created": "2016-09-15T08:51:45.786432", "state": "completed", "project_id": 340, "id": 65673, "priority_0": 0.0}, {"info": {"url": "https://farm1.staticflickr.com/563/22799727760_af6fb2b2a8.jpg", "url_m": "https://farm1.staticflickr.com/563/22799727760_af6fb2b2a8_m.jpg", "link": "https://www.flickr.com/photos/25459876@N04/22799727760", "url_b": "https://farm1.staticflickr.com/563/22799727760_af6fb2b2a8_b.jpg", "title": "AB.TC.D.252"}, "n_answers": 3, "quorum": 0, "calibration": 0, "created": "2016-09-15T08:51:45.822659", "state": "completed", "project_id": 340, "id": 65674, "priority_0": 0.0}, {"info": {"url": "https://farm1.staticflickr.com/677/22366585463_491dbb37bb.jpg", "url_m": "https://farm1.staticflickr.com/677/22366585463_491dbb37bb_m.jpg", "link": "https://www.flickr.com/photos/25459876@N04/22366585463", "url_b": "https://farm1.staticflickr.com/677/22366585463_491dbb37bb_b.jpg", "title": "AB.TC.D.253a"}, "n_answers": 3, "quorum": 0, "calibration": 0, "created": "2016-09-15T08:51:45.856774", "state": "completed", "project_id": 340, "id": 65675, "priority_0": 0.0}, {"info": {"url": "https://farm1.staticflickr.com/574/22365007084_b17830ec00.jpg", "url_m": "https://farm1.staticflickr.com/574/22365007084_b17830ec00_m.jpg", "link": "https://www.flickr.com/photos/25459876@N04/22365007084", "url_b": "https://farm1.staticflickr.com/574/22365007084_b17830ec00_b.jpg", "title": "AB.TC.D.253b"}, "n_answers": 3, "quorum": 0, "calibration": 0, "created": "2016-09-15T08:51:45.890092", "state": "completed", "project_id": 340, "id": 65676, "priority_0": 0.0}, {"info": {"url": "https://farm1.staticflickr.com/741/22365006434_6469d83d16.jpg", "url_m": "https://farm1.staticflickr.com/741/22365006434_6469d83d16_m.jpg", "link": "https://www.flickr.com/photos/25459876@N04/22365006434", "url_b": "https://farm1.staticflickr.com/741/22365006434_6469d83d16_b.jpg", "title": "AB.TC.D.301"}, "n_answers": 3, "quorum": 0, "calibration": 0, "created": "2016-09-15T08:51:45.931305", "state": "completed", "project_id": 340, "id": 65677, "priority_0": 0.0}, {"info": {"url": "https://farm6.staticflickr.com/5654/22974323612_0dce4af35a.jpg", "url_m": "https://farm6.staticflickr.com/5654/22974323612_0dce4af35a_m.jpg", "link": "https://www.flickr.com/photos/25459876@N04/22974323612", "url_b": "https://farm6.staticflickr.com/5654/22974323612_0dce4af35a_b.jpg", "title": "AB.TC.D.302"}, "n_answers": 3, "quorum": 0, "calibration": 0, "created": "2016-09-15T08:51:45.965221", "state": "completed", "project_id": 340, "id": 65678, "priority_0": 0.0}, {"info": {"url": "https://farm6.staticflickr.com/5660/22366583133_934c00a50c.jpg", "url_m": "https://farm6.staticflickr.com/5660/22366583133_934c00a50c_m.jpg", "link": "https://www.flickr.com/photos/25459876@N04/22366583133", "url_b": "https://farm6.staticflickr.com/5660/22366583133_934c00a50c_b.jpg", "title": "AB.TC.D.303a"}, "n_answers": 3, "quorum": 0, "calibration": 0, "created": "2016-09-15T08:51:45.998406", "state": "completed", "project_id": 340, "id": 65679, "priority_0": 0.0}, {"info": {"url": "https://farm1.staticflickr.com/781/22366582383_fb201ddb19.jpg", "url_m": "https://farm1.staticflickr.com/781/22366582383_fb201ddb19_m.jpg", "link": "https://www.flickr.com/photos/25459876@N04/22366582383", "url_b": "https://farm1.staticflickr.com/781/22366582383_fb201ddb19_b.jpg", "title": "AB.TC.D.303b"}, "n_answers": 3, "quorum": 0, "calibration": 0, "created": "2016-09-15T08:51:46.031268", "state": "completed", "project_id": 340, "id": 65680, "priority_0": 0.0}, {"info": {"url": "https://farm6.staticflickr.com/5655/22365003854_33915f73b5.jpg", "url_m": "https://farm6.staticflickr.com/5655/22365003854_33915f73b5_m.jpg", "link": "https://www.flickr.com/photos/25459876@N04/22365003854", "url_b": "https://farm6.staticflickr.com/5655/22365003854_33915f73b5_b.jpg", "title": "AB.TC.D.303c"}, "n_answers": 3, "quorum": 0, "calibration": 0, "created": "2016-09-15T08:51:46.064899", "state": "completed", "project_id": 340, "id": 65681, "priority_0": 0.0}, {"info": {"url": "https://farm1.staticflickr.com/711/22366580913_b054f76744.jpg", "url_m": "https://farm1.staticflickr.com/711/22366580913_b054f76744_m.jpg", "link": "https://www.flickr.com/photos/25459876@N04/22366580913", "url_b": "https://farm1.staticflickr.com/711/22366580913_b054f76744_b.jpg", "title": "AB.TC.D.304"}, "n_answers": 3, "quorum": 0, "calibration": 0, "created": "2016-09-15T08:51:46.098099", "state": "completed", "project_id": 340, "id": 65682, "priority_0": 0.0}, {"info": {"url": "https://farm6.staticflickr.com/5781/22595574359_7b4c723dec.jpg", "url_m": "https://farm6.staticflickr.com/5781/22595574359_7b4c723dec_m.jpg", "link": "https://www.flickr.com/photos/25459876@N04/22595574359", "url_b": "https://farm6.staticflickr.com/5781/22595574359_7b4c723dec_b.jpg", "title": "AB.TC.D.305"}, "n_answers": 3, "quorum": 0, "calibration": 0, "created": "2016-09-15T08:51:46.132465", "state": "completed", "project_id": 340, "id": 65683, "priority_0": 0.0}, {"info": {"url": "https://farm6.staticflickr.com/5645/22569397337_b6bfe5f0dc.jpg", "url_m": "https://farm6.staticflickr.com/5645/22569397337_b6bfe5f0dc_m.jpg", "link": "https://www.flickr.com/photos/25459876@N04/22569397337", "url_b": "https://farm6.staticflickr.com/5645/22569397337_b6bfe5f0dc_b.jpg", "title": "AB.TC.D.306"}, "n_answers": 3, "quorum": 0, "calibration": 0, "created": "2016-09-15T08:51:46.164968", "state": "completed", "project_id": 340, "id": 65684, "priority_0": 0.0}, {"info": {"url": "https://farm6.staticflickr.com/5677/22799720600_3938df7cff.jpg", "url_m": "https://farm6.staticflickr.com/5677/22799720600_3938df7cff_m.jpg", "link": "https://www.flickr.com/photos/25459876@N04/22799720600", "url_b": "https://farm6.staticflickr.com/5677/22799720600_3938df7cff_b.jpg", "title": "AB.TC.D.307"}, "n_answers": 3, "quorum": 0, "calibration": 0, "created": "2016-09-15T08:51:46.198276", "state": "completed", "project_id": 340, "id": 65685, "priority_0": 0.0}]