[{"info": {"url": "https://farm6.staticflickr.com/5744/22440157904_946251004a.jpg", "url_m": "https://farm6.staticflickr.com/5744/22440157904_946251004a_m.jpg", "link": "https://www.flickr.com/photos/25459876@N04/22440157904", "url_b": "https://farm6.staticflickr.com/5744/22440157904_946251004a_b.jpg", "title": "AB.TC.X.01a,02a"}, "n_answers": 2, "quorum": 0, "calibration": 0, "created": "2016-05-12T22:07:59.967028", "state": "completed", "project_id": 310, "id": 62005, "priority_0": 0.0}, {"info": {"url": "https://farm1.staticflickr.com/626/22441732533_97552a77af.jpg", "url_m": "https://farm1.staticflickr.com/626/22441732533_97552a77af_m.jpg", "link": "https://www.flickr.com/photos/25459876@N04/22441732533", "url_b": "https://farm1.staticflickr.com/626/22441732533_97552a77af_b.jpg", "title": "AB.TC.X.01b,02b"}, "n_answers": 2, "quorum": 0, "calibration": 0, "created": "2016-05-12T22:08:00.060961", "state": "completed", "project_id": 310, "id": 62006, "priority_0": 0.0}, {"info": {"url": "https://farm6.staticflickr.com/5690/22644530938_413ef97fc4.jpg", "url_m": "https://farm6.staticflickr.com/5690/22644530938_413ef97fc4_m.jpg", "link": "https://www.flickr.com/photos/25459876@N04/22644530938", "url_b": "https://farm6.staticflickr.com/5690/22644530938_413ef97fc4_b.jpg", "title": "AB.TC.X.03a"}, "n_answers": 2, "quorum": 0, "calibration": 0, "created": "2016-05-12T22:08:00.093392", "state": "completed", "project_id": 310, "id": 62007, "priority_0": 0.0}, {"info": {"url": "https://farm6.staticflickr.com/5673/22440156484_8c9366b188.jpg", "url_m": "https://farm6.staticflickr.com/5673/22440156484_8c9366b188_m.jpg", "link": "https://www.flickr.com/photos/25459876@N04/22440156484", "url_b": "https://farm6.staticflickr.com/5673/22440156484_8c9366b188_b.jpg", "title": "AB.TC.X.03b"}, "n_answers": 2, "quorum": 0, "calibration": 0, "created": "2016-05-12T22:08:00.126402", "state": "completed", "project_id": 310, "id": 62008, "priority_0": 0.0}, {"info": {"url": "https://farm6.staticflickr.com/5715/22644530228_ebdc65202c.jpg", "url_m": "https://farm6.staticflickr.com/5715/22644530228_ebdc65202c_m.jpg", "link": "https://www.flickr.com/photos/25459876@N04/22644530228", "url_b": "https://farm6.staticflickr.com/5715/22644530228_ebdc65202c_b.jpg", "title": "AB.TC.X.04"}, "n_answers": 2, "quorum": 0, "calibration": 0, "created": "2016-05-12T22:08:00.160083", "state": "completed", "project_id": 310, "id": 62009, "priority_0": 0.0}, {"info": {"url": "https://farm6.staticflickr.com/5708/22644586057_8451e0ac85.jpg", "url_m": "https://farm6.staticflickr.com/5708/22644586057_8451e0ac85_m.jpg", "link": "https://www.flickr.com/photos/25459876@N04/22644586057", "url_b": "https://farm6.staticflickr.com/5708/22644586057_8451e0ac85_b.jpg", "title": "AB.TC.X.05"}, "n_answers": 2, "quorum": 0, "calibration": 0, "created": "2016-05-12T22:08:00.193068", "state": "completed", "project_id": 310, "id": 62010, "priority_0": 0.0}, {"info": {"url": "https://farm1.staticflickr.com/637/22670657629_af3d37c2d7.jpg", "url_m": "https://farm1.staticflickr.com/637/22670657629_af3d37c2d7_m.jpg", "link": "https://www.flickr.com/photos/25459876@N04/22670657629", "url_b": "https://farm1.staticflickr.com/637/22670657629_af3d37c2d7_b.jpg", "title": "AB.TC.X.06"}, "n_answers": 2, "quorum": 0, "calibration": 0, "created": "2016-05-12T22:08:00.226469", "state": "completed", "project_id": 310, "id": 62011, "priority_0": 0.0}, {"info": {"url": "https://farm6.staticflickr.com/5712/23049338912_d0d475be1b.jpg", "url_m": "https://farm6.staticflickr.com/5712/23049338912_d0d475be1b_m.jpg", "link": "https://www.flickr.com/photos/25459876@N04/23049338912", "url_b": "https://farm6.staticflickr.com/5712/23049338912_d0d475be1b_b.jpg", "title": "AB.TC.X.07"}, "n_answers": 2, "quorum": 0, "calibration": 0, "created": "2016-05-12T22:08:00.259646", "state": "completed", "project_id": 310, "id": 62012, "priority_0": 0.0}, {"info": {"url": "https://farm6.staticflickr.com/5643/22441729653_b723f39f2b.jpg", "url_m": "https://farm6.staticflickr.com/5643/22441729653_b723f39f2b_m.jpg", "link": "https://www.flickr.com/photos/25459876@N04/22441729653", "url_b": "https://farm6.staticflickr.com/5643/22441729653_b723f39f2b_b.jpg", "title": "AB.TC.X.08,09"}, "n_answers": 2, "quorum": 0, "calibration": 0, "created": "2016-05-12T22:08:00.293486", "state": "completed", "project_id": 310, "id": 62013, "priority_0": 0.0}, {"info": {"url": "https://farm6.staticflickr.com/5700/22644528088_13800d721e.jpg", "url_m": "https://farm6.staticflickr.com/5700/22644528088_13800d721e_m.jpg", "link": "https://www.flickr.com/photos/25459876@N04/22644528088", "url_b": "https://farm6.staticflickr.com/5700/22644528088_13800d721e_b.jpg", "title": "AB.TC.X.10,11,12"}, "n_answers": 2, "quorum": 0, "calibration": 0, "created": "2016-05-12T22:08:00.326327", "state": "completed", "project_id": 310, "id": 62014, "priority_0": 0.0}, {"info": {"url": "https://farm6.staticflickr.com/5767/23049337362_61aec89e63.jpg", "url_m": "https://farm6.staticflickr.com/5767/23049337362_61aec89e63_m.jpg", "link": "https://www.flickr.com/photos/25459876@N04/23049337362", "url_b": "https://farm6.staticflickr.com/5767/23049337362_61aec89e63_b.jpg", "title": "AB.TC.X.20,21"}, "n_answers": 2, "quorum": 0, "calibration": 0, "created": "2016-05-12T22:08:00.360008", "state": "completed", "project_id": 310, "id": 62015, "priority_0": 0.0}, {"info": {"url": "https://farm6.staticflickr.com/5651/23062932215_3b0c32fd9c.jpg", "url_m": "https://farm6.staticflickr.com/5651/23062932215_3b0c32fd9c_m.jpg", "link": "https://www.flickr.com/photos/25459876@N04/23062932215", "url_b": "https://farm6.staticflickr.com/5651/23062932215_3b0c32fd9c_b.jpg", "title": "AB.TC.X.22,23"}, "n_answers": 2, "quorum": 0, "calibration": 0, "created": "2016-05-12T22:08:00.395694", "state": "completed", "project_id": 310, "id": 62016, "priority_0": 0.0}, {"info": {"url": "https://farm1.staticflickr.com/768/23062931925_ee5fd4e513.jpg", "url_m": "https://farm1.staticflickr.com/768/23062931925_ee5fd4e513_m.jpg", "link": "https://www.flickr.com/photos/25459876@N04/23062931925", "url_b": "https://farm1.staticflickr.com/768/23062931925_ee5fd4e513_b.jpg", "title": "AB.TC.X.24,25a"}, "n_answers": 2, "quorum": 0, "calibration": 0, "created": "2016-05-12T22:08:00.430059", "state": "completed", "project_id": 310, "id": 62017, "priority_0": 0.0}, {"info": {"url": "https://farm6.staticflickr.com/5736/22670654429_480a1c2542.jpg", "url_m": "https://farm6.staticflickr.com/5736/22670654429_480a1c2542_m.jpg", "link": "https://www.flickr.com/photos/25459876@N04/22670654429", "url_b": "https://farm6.staticflickr.com/5736/22670654429_480a1c2542_b.jpg", "title": "AB.TC.X.25b"}, "n_answers": 2, "quorum": 0, "calibration": 0, "created": "2016-05-12T22:08:00.465424", "state": "completed", "project_id": 310, "id": 62018, "priority_0": 0.0}, {"info": {"url": "https://farm1.staticflickr.com/658/23049335702_4d0128cd94.jpg", "url_m": "https://farm1.staticflickr.com/658/23049335702_4d0128cd94_m.jpg", "link": "https://www.flickr.com/photos/25459876@N04/23049335702", "url_b": "https://farm1.staticflickr.com/658/23049335702_4d0128cd94_b.jpg", "title": "AB.TC.X.30"}, "n_answers": 2, "quorum": 0, "calibration": 0, "created": "2016-05-12T22:08:00.498668", "state": "completed", "project_id": 310, "id": 62019, "priority_0": 0.0}, {"info": {"url": "https://farm1.staticflickr.com/640/23074102111_c16a233b13.jpg", "url_m": "https://farm1.staticflickr.com/640/23074102111_c16a233b13_m.jpg", "link": "https://www.flickr.com/photos/25459876@N04/23074102111", "url_b": "https://farm1.staticflickr.com/640/23074102111_c16a233b13_b.jpg", "title": "AB.TC.X.31,32,35"}, "n_answers": 2, "quorum": 0, "calibration": 0, "created": "2016-05-12T22:08:00.531915", "state": "completed", "project_id": 310, "id": 62020, "priority_0": 0.0}, {"info": {"url": "https://farm1.staticflickr.com/657/22441725463_5952264d3a.jpg", "url_m": "https://farm1.staticflickr.com/657/22441725463_5952264d3a_m.jpg", "link": "https://www.flickr.com/photos/25459876@N04/22441725463", "url_b": "https://farm1.staticflickr.com/657/22441725463_5952264d3a_b.jpg", "title": "AB.TC.X.33"}, "n_answers": 2, "quorum": 0, "calibration": 0, "created": "2016-05-12T22:08:00.563191", "state": "completed", "project_id": 310, "id": 62021, "priority_0": 0.0}, {"info": {"url": "https://farm1.staticflickr.com/637/23062929635_bd8eebc8a7.jpg", "url_m": "https://farm1.staticflickr.com/637/23062929635_bd8eebc8a7_m.jpg", "link": "https://www.flickr.com/photos/25459876@N04/23062929635", "url_b": "https://farm1.staticflickr.com/637/23062929635_bd8eebc8a7_b.jpg", "title": "AB.TC.X.34"}, "n_answers": 2, "quorum": 0, "calibration": 0, "created": "2016-05-12T22:08:00.596293", "state": "completed", "project_id": 310, "id": 62022, "priority_0": 0.0}, {"info": {"url": "https://farm6.staticflickr.com/5759/23062922715_ec552e6f74.jpg", "url_m": "https://farm6.staticflickr.com/5759/23062922715_ec552e6f74_m.jpg", "link": "https://www.flickr.com/photos/25459876@N04/23062922715", "url_b": "https://farm6.staticflickr.com/5759/23062922715_ec552e6f74_b.jpg", "title": "AB.TC.X.36,37"}, "n_answers": 2, "quorum": 0, "calibration": 0, "created": "2016-05-12T22:08:00.629898", "state": "completed", "project_id": 310, "id": 62023, "priority_0": 0.0}, {"info": {"url": "https://farm6.staticflickr.com/5814/22644524208_b062649cee.jpg", "url_m": "https://farm6.staticflickr.com/5814/22644524208_b062649cee_m.jpg", "link": "https://www.flickr.com/photos/25459876@N04/22644524208", "url_b": "https://farm6.staticflickr.com/5814/22644524208_b062649cee_b.jpg", "title": "AB.TC.X.38,39"}, "n_answers": 2, "quorum": 0, "calibration": 0, "created": "2016-05-12T22:08:00.664066", "state": "completed", "project_id": 310, "id": 62024, "priority_0": 0.0}, {"info": {"url": "https://farm1.staticflickr.com/658/22644523808_27742c5f3c.jpg", "url_m": "https://farm1.staticflickr.com/658/22644523808_27742c5f3c_m.jpg", "link": "https://www.flickr.com/photos/25459876@N04/22644523808", "url_b": "https://farm1.staticflickr.com/658/22644523808_27742c5f3c_b.jpg", "title": "AB.TC.X.40"}, "n_answers": 2, "quorum": 0, "calibration": 0, "created": "2016-05-12T22:08:00.697104", "state": "completed", "project_id": 310, "id": 62025, "priority_0": 0.0}, {"info": {"url": "https://farm6.staticflickr.com/5670/22441723803_33a4959852.jpg", "url_m": "https://farm6.staticflickr.com/5670/22441723803_33a4959852_m.jpg", "link": "https://www.flickr.com/photos/25459876@N04/22441723803", "url_b": "https://farm6.staticflickr.com/5670/22441723803_33a4959852_b.jpg", "title": "AB.TC.X.41"}, "n_answers": 2, "quorum": 0, "calibration": 0, "created": "2016-05-12T22:08:00.732770", "state": "completed", "project_id": 310, "id": 62026, "priority_0": 0.0}, {"info": {"url": "https://farm6.staticflickr.com/5647/22644578857_e7f44f766c.jpg", "url_m": "https://farm6.staticflickr.com/5647/22644578857_e7f44f766c_m.jpg", "link": "https://www.flickr.com/photos/25459876@N04/22644578857", "url_b": "https://farm6.staticflickr.com/5647/22644578857_e7f44f766c_b.jpg", "title": "AB.TC.X.50a"}, "n_answers": 2, "quorum": 0, "calibration": 0, "created": "2016-05-12T22:08:00.763134", "state": "completed", "project_id": 310, "id": 62027, "priority_0": 0.0}, {"info": {"url": "https://farm6.staticflickr.com/5672/22441722873_dd94254233.jpg", "url_m": "https://farm6.staticflickr.com/5672/22441722873_dd94254233_m.jpg", "link": "https://www.flickr.com/photos/25459876@N04/22441722873", "url_b": "https://farm6.staticflickr.com/5672/22441722873_dd94254233_b.jpg", "title": "AB.TC.X.50b"}, "n_answers": 2, "quorum": 0, "calibration": 0, "created": "2016-05-12T22:08:00.798478", "state": "completed", "project_id": 310, "id": 62028, "priority_0": 0.0}, {"info": {"url": "https://farm6.staticflickr.com/5644/23074098481_3582995c1e.jpg", "url_m": "https://farm6.staticflickr.com/5644/23074098481_3582995c1e_m.jpg", "link": "https://www.flickr.com/photos/25459876@N04/23074098481", "url_b": "https://farm6.staticflickr.com/5644/23074098481_3582995c1e_b.jpg", "title": "AB.TC.X.51a"}, "n_answers": 2, "quorum": 0, "calibration": 0, "created": "2016-05-12T22:08:00.831140", "state": "completed", "project_id": 310, "id": 62029, "priority_0": 0.0}, {"info": {"url": "https://farm6.staticflickr.com/5641/22644577447_0b176158d8.jpg", "url_m": "https://farm6.staticflickr.com/5641/22644577447_0b176158d8_m.jpg", "link": "https://www.flickr.com/photos/25459876@N04/22644577447", "url_b": "https://farm6.staticflickr.com/5641/22644577447_0b176158d8_b.jpg", "title": "AB.TC.X.51b"}, "n_answers": 2, "quorum": 0, "calibration": 0, "created": "2016-05-12T22:08:00.864517", "state": "completed", "project_id": 310, "id": 62030, "priority_0": 0.0}, {"info": {"url": "https://farm1.staticflickr.com/711/23062925955_c4fddabfdb.jpg", "url_m": "https://farm1.staticflickr.com/711/23062925955_c4fddabfdb_m.jpg", "link": "https://www.flickr.com/photos/25459876@N04/23062925955", "url_b": "https://farm1.staticflickr.com/711/23062925955_c4fddabfdb_b.jpg", "title": "AB.TC.X.52a"}, "n_answers": 2, "quorum": 0, "calibration": 0, "created": "2016-05-12T22:08:00.897953", "state": "completed", "project_id": 310, "id": 62031, "priority_0": 0.0}, {"info": {"url": "https://farm1.staticflickr.com/734/22441721153_a000215684.jpg", "url_m": "https://farm1.staticflickr.com/734/22441721153_a000215684_m.jpg", "link": "https://www.flickr.com/photos/25459876@N04/22441721153", "url_b": "https://farm1.staticflickr.com/734/22441721153_a000215684_b.jpg", "title": "AB.TC.X.52b"}, "n_answers": 2, "quorum": 0, "calibration": 0, "created": "2016-05-12T22:08:00.939198", "state": "completed", "project_id": 310, "id": 62032, "priority_0": 0.0}, {"info": {"url": "https://farm6.staticflickr.com/5653/22441720853_ab3376df9a.jpg", "url_m": "https://farm6.staticflickr.com/5653/22441720853_ab3376df9a_m.jpg", "link": "https://www.flickr.com/photos/25459876@N04/22441720853", "url_b": "https://farm6.staticflickr.com/5653/22441720853_ab3376df9a_b.jpg", "title": "AB.TC.X.55"}, "n_answers": 2, "quorum": 0, "calibration": 0, "created": "2016-05-12T22:08:00.971490", "state": "completed", "project_id": 310, "id": 62033, "priority_0": 0.0}, {"info": {"url": "https://farm6.staticflickr.com/5804/23074096481_98109b4cc5.jpg", "url_m": "https://farm6.staticflickr.com/5804/23074096481_98109b4cc5_m.jpg", "link": "https://www.flickr.com/photos/25459876@N04/23074096481", "url_b": "https://farm6.staticflickr.com/5804/23074096481_98109b4cc5_b.jpg", "title": "AB.TC.X.56"}, "n_answers": 2, "quorum": 0, "calibration": 0, "created": "2016-05-12T22:08:01.004474", "state": "completed", "project_id": 310, "id": 62034, "priority_0": 0.0}, {"info": {"url": "https://farm1.staticflickr.com/702/22644519508_b92ed658c9.jpg", "url_m": "https://farm1.staticflickr.com/702/22644519508_b92ed658c9_m.jpg", "link": "https://www.flickr.com/photos/25459876@N04/22644519508", "url_b": "https://farm1.staticflickr.com/702/22644519508_b92ed658c9_b.jpg", "title": "AB.TC.X.57"}, "n_answers": 2, "quorum": 0, "calibration": 0, "created": "2016-05-12T22:08:01.039835", "state": "completed", "project_id": 310, "id": 62035, "priority_0": 0.0}, {"info": {"url": "https://farm1.staticflickr.com/650/22644575337_3b5f70c133.jpg", "url_m": "https://farm1.staticflickr.com/650/22644575337_3b5f70c133_m.jpg", "link": "https://www.flickr.com/photos/25459876@N04/22644575337", "url_b": "https://farm1.staticflickr.com/650/22644575337_3b5f70c133_b.jpg", "title": "AB.TC.X.58,59"}, "n_answers": 2, "quorum": 0, "calibration": 0, "created": "2016-05-12T22:08:01.071902", "state": "completed", "project_id": 310, "id": 62036, "priority_0": 0.0}, {"info": {"url": "https://farm6.staticflickr.com/5768/23062923425_af379a1daf.jpg", "url_m": "https://farm6.staticflickr.com/5768/23062923425_af379a1daf_m.jpg", "link": "https://www.flickr.com/photos/25459876@N04/23062923425", "url_b": "https://farm6.staticflickr.com/5768/23062923425_af379a1daf_b.jpg", "title": "AB.TC.X.60,61,62"}, "n_answers": 2, "quorum": 0, "calibration": 0, "created": "2016-05-12T22:08:01.104901", "state": "completed", "project_id": 310, "id": 62037, "priority_0": 0.0}, {"info": {"url": "https://farm6.staticflickr.com/5816/22644574027_1068f7948e.jpg", "url_m": "https://farm6.staticflickr.com/5816/22644574027_1068f7948e_m.jpg", "link": "https://www.flickr.com/photos/25459876@N04/22644574027", "url_b": "https://farm6.staticflickr.com/5816/22644574027_1068f7948e_b.jpg", "title": "AB.TC.X.63,64"}, "n_answers": 2, "quorum": 0, "calibration": 0, "created": "2016-05-12T22:08:01.138616", "state": "completed", "project_id": 310, "id": 62038, "priority_0": 0.0}]