[{"info": {"url": "https://farm6.staticflickr.com/5788/23032921386_59868ffd64.jpg", "url_m": "https://farm6.staticflickr.com/5788/23032921386_59868ffd64_m.jpg", "link": "https://www.flickr.com/photos/25459876@N04/23032921386", "url_b": "https://farm6.staticflickr.com/5788/23032921386_59868ffd64_b.jpg", "title": "AB.TC.P.alpha-a"}, "n_answers": 3, "quorum": 0, "calibration": 0, "created": "2016-04-28T22:07:21.826061", "state": "completed", "project_id": 307, "id": 61670, "priority_0": 0.0}, {"info": {"url": "https://farm1.staticflickr.com/629/23058971375_d74c709497.jpg", "url_m": "https://farm1.staticflickr.com/629/23058971375_d74c709497_m.jpg", "link": "https://www.flickr.com/photos/25459876@N04/23058971375", "url_b": "https://farm1.staticflickr.com/629/23058971375_d74c709497_b.jpg", "title": "AB.TC.P.alpha-b"}, "n_answers": 3, "quorum": 0, "calibration": 0, "created": "2016-04-28T22:07:21.874341", "state": "completed", "project_id": 307, "id": 61671, "priority_0": 0.0}, {"info": {"url": "https://farm6.staticflickr.com/5730/22640568968_64911e7fc6.jpg", "url_m": "https://farm6.staticflickr.com/5730/22640568968_64911e7fc6_m.jpg", "link": "https://www.flickr.com/photos/25459876@N04/22640568968", "url_b": "https://farm6.staticflickr.com/5730/22640568968_64911e7fc6_b.jpg", "title": "AB.TC.P.beta-a"}, "n_answers": 3, "quorum": 0, "calibration": 0, "created": "2016-04-28T22:07:21.907225", "state": "completed", "project_id": 307, "id": 61672, "priority_0": 0.0}, {"info": {"url": "https://farm1.staticflickr.com/741/23070137731_404a09a5a5.jpg", "url_m": "https://farm1.staticflickr.com/741/23070137731_404a09a5a5_m.jpg", "link": "https://www.flickr.com/photos/25459876@N04/23070137731", "url_b": "https://farm1.staticflickr.com/741/23070137731_404a09a5a5_b.jpg", "title": "AB.TC.P.beta-b"}, "n_answers": 3, "quorum": 0, "calibration": 0, "created": "2016-04-28T22:07:21.940097", "state": "completed", "project_id": 307, "id": 61673, "priority_0": 0.0}, {"info": {"url": "https://farm1.staticflickr.com/763/22666700969_554715396b.jpg", "url_m": "https://farm1.staticflickr.com/763/22666700969_554715396b_m.jpg", "link": "https://www.flickr.com/photos/25459876@N04/22666700969", "url_b": "https://farm1.staticflickr.com/763/22666700969_554715396b_b.jpg", "title": "AB.TC.P.beta-c"}, "n_answers": 3, "quorum": 0, "calibration": 0, "created": "2016-04-28T22:07:21.982993", "state": "completed", "project_id": 307, "id": 61674, "priority_0": 0.0}, {"info": {"url": "https://farm1.staticflickr.com/594/22666700439_caef201f68.jpg", "url_m": "https://farm1.staticflickr.com/594/22666700439_caef201f68_m.jpg", "link": "https://www.flickr.com/photos/25459876@N04/22666700439", "url_b": "https://farm1.staticflickr.com/594/22666700439_caef201f68_b.jpg", "title": "AB.TC.P.beta-d"}, "n_answers": 3, "quorum": 0, "calibration": 0, "created": "2016-04-28T22:07:22.016559", "state": "completed", "project_id": 307, "id": 61675, "priority_0": 0.0}, {"info": {"url": "https://farm1.staticflickr.com/670/22436187324_c946e35a35.jpg", "url_m": "https://farm1.staticflickr.com/670/22436187324_c946e35a35_m.jpg", "link": "https://www.flickr.com/photos/25459876@N04/22436187324", "url_b": "https://farm1.staticflickr.com/670/22436187324_c946e35a35_b.jpg", "title": "AB.TC.P.beta-e"}, "n_answers": 3, "quorum": 0, "calibration": 0, "created": "2016-04-28T22:07:22.049415", "state": "completed", "project_id": 307, "id": 61676, "priority_0": 0.0}, {"info": {"url": "https://farm6.staticflickr.com/5666/22640573898_27de3002a5.jpg", "url_m": "https://farm6.staticflickr.com/5666/22640573898_27de3002a5_m.jpg", "link": "https://www.flickr.com/photos/25459876@N04/22640573898", "url_b": "https://farm6.staticflickr.com/5666/22640573898_27de3002a5_b.jpg", "title": "AB.TC.P.beta-f"}, "n_answers": 3, "quorum": 0, "calibration": 0, "created": "2016-04-28T22:07:22.083101", "state": "completed", "project_id": 307, "id": 61677, "priority_0": 0.0}, {"info": {"url": "https://farm1.staticflickr.com/648/23058967915_9f98e8b28a.jpg", "url_m": "https://farm1.staticflickr.com/648/23058967915_9f98e8b28a_m.jpg", "link": "https://www.flickr.com/photos/25459876@N04/23058967915", "url_b": "https://farm1.staticflickr.com/648/23058967915_9f98e8b28a_b.jpg", "title": "AB.TC.P.beta-g"}, "n_answers": 3, "quorum": 0, "calibration": 0, "created": "2016-04-28T22:07:22.115994", "state": "completed", "project_id": 307, "id": 61678, "priority_0": 0.0}, {"info": {"url": "https://farm1.staticflickr.com/602/22640572818_cbbf5acf6b.jpg", "url_m": "https://farm1.staticflickr.com/602/22640572818_cbbf5acf6b_m.jpg", "link": "https://www.flickr.com/photos/25459876@N04/22640572818", "url_b": "https://farm1.staticflickr.com/602/22640572818_cbbf5acf6b_b.jpg", "title": "AB.TC.P.beta-h"}, "n_answers": 3, "quorum": 0, "calibration": 0, "created": "2016-04-28T22:07:22.149021", "state": "completed", "project_id": 307, "id": 61679, "priority_0": 0.0}, {"info": {"url": "https://farm1.staticflickr.com/598/22640616727_dc6abf956f.jpg", "url_m": "https://farm1.staticflickr.com/598/22640616727_dc6abf956f_m.jpg", "link": "https://www.flickr.com/photos/25459876@N04/22640616727", "url_b": "https://farm1.staticflickr.com/598/22640616727_dc6abf956f_b.jpg", "title": "AB.TC.P.beta-i"}, "n_answers": 3, "quorum": 0, "calibration": 0, "created": "2016-04-28T22:07:22.182756", "state": "completed", "project_id": 307, "id": 61680, "priority_0": 0.0}, {"info": {"url": "https://farm6.staticflickr.com/5816/22437769563_b6524e7e59.jpg", "url_m": "https://farm6.staticflickr.com/5816/22437769563_b6524e7e59_m.jpg", "link": "https://www.flickr.com/photos/25459876@N04/22437769563", "url_b": "https://farm6.staticflickr.com/5816/22437769563_b6524e7e59_b.jpg", "title": "AB.TC.P.gamma"}, "n_answers": 3, "quorum": 0, "calibration": 0, "created": "2016-04-28T22:07:22.216032", "state": "completed", "project_id": 307, "id": 61681, "priority_0": 0.0}, {"info": {"url": "https://farm1.staticflickr.com/667/22436183584_69d285a15c.jpg", "url_m": "https://farm1.staticflickr.com/667/22436183584_69d285a15c_m.jpg", "link": "https://www.flickr.com/photos/25459876@N04/22436183584", "url_b": "https://farm1.staticflickr.com/667/22436183584_69d285a15c_b.jpg", "title": "AB.TC.P.kappa-a"}, "n_answers": 3, "quorum": 0, "calibration": 0, "created": "2016-04-28T22:07:22.249078", "state": "completed", "project_id": 307, "id": 61682, "priority_0": 0.0}, {"info": {"url": "https://farm6.staticflickr.com/5785/22666695479_a584ebb39d.jpg", "url_m": "https://farm6.staticflickr.com/5785/22666695479_a584ebb39d_m.jpg", "link": "https://www.flickr.com/photos/25459876@N04/22666695479", "url_b": "https://farm6.staticflickr.com/5785/22666695479_a584ebb39d_b.jpg", "title": "AB.TC.P.kappa-b"}, "n_answers": 3, "quorum": 0, "calibration": 0, "created": "2016-04-28T22:07:22.283099", "state": "completed", "project_id": 307, "id": 61683, "priority_0": 0.0}, {"info": {"url": "https://farm6.staticflickr.com/5833/22666696689_3435c76f23.jpg", "url_m": "https://farm6.staticflickr.com/5833/22666696689_3435c76f23_m.jpg", "link": "https://www.flickr.com/photos/25459876@N04/22666696689", "url_b": "https://farm6.staticflickr.com/5833/22666696689_3435c76f23_b.jpg", "title": "AB.TC.P.kappa.a"}, "n_answers": 3, "quorum": 0, "calibration": 0, "created": "2016-04-28T22:07:22.316554", "state": "completed", "project_id": 307, "id": 61684, "priority_0": 0.0}, {"info": {"url": "https://farm6.staticflickr.com/5761/23070131481_a2b81e96fd.jpg", "url_m": "https://farm6.staticflickr.com/5761/23070131481_a2b81e96fd_m.jpg", "link": "https://www.flickr.com/photos/25459876@N04/23070131481", "url_b": "https://farm6.staticflickr.com/5761/23070131481_a2b81e96fd_b.jpg", "title": "AB.TC.Pa"}, "n_answers": 3, "quorum": 0, "calibration": 0, "created": "2016-04-28T22:07:22.349367", "state": "completed", "project_id": 307, "id": 61685, "priority_0": 0.0}, {"info": {"url": "https://farm1.staticflickr.com/572/22437766313_eb4a48aa25.jpg", "url_m": "https://farm1.staticflickr.com/572/22437766313_eb4a48aa25_m.jpg", "link": "https://www.flickr.com/photos/25459876@N04/22437766313", "url_b": "https://farm1.staticflickr.com/572/22437766313_eb4a48aa25_b.jpg", "title": "AB.TC.Pb"}, "n_answers": 3, "quorum": 0, "calibration": 0, "created": "2016-04-28T22:07:22.383740", "state": "completed", "project_id": 307, "id": 61686, "priority_0": 0.0}]