[{"info": {"description": "Cemetery: Beyond gabb\u00e2m\nTomb: L.1.\nDate: Dec. 15th\nPlundered\nRectangular shaft, narrow type.\nFour chambers & north, 2 south.\nAll absolutely empty, except corner on South side which gave\n1 large carnel. bead\n8 small carnel. beads\nSmall bl. gmaze beads.\nTwo beads of bl. gl. from shaft.", "reverseCard": "reverseCard", "comments": "", "discoveryDate": "", "cardNumber": "", "excavatorName": ""}, "user_id": 580, "task_id": 66781, "created": "2016-09-18T10:43:48.804448", "finish_time": "2016-09-18T10:43:48.804472", "calibration": null, "user_ip": null, "timeout": null, "project_id": 347, "id": 106484}, {"info": {"description": "Cemetery: L. beyond gabb\u00e2na\nTomb: L.2.\nDate: Dec. 17th\nPlundered\nA very small rectangulat shallow trench, plundered out.\nNo body.\nFew blue glaze beads in filling.", "reverseCard": "", "comments": "", "discoveryDate": "", "cardNumber": "", "excavatorName": "Ahmed Sirhan."}, "user_id": 580, "task_id": 66782, "created": "2016-09-18T10:46:06.087947", "finish_time": "2016-09-18T10:46:06.087973", "calibration": null, "user_ip": null, "timeout": null, "project_id": 347, "id": 106485}, {"info": {"description": "Cemetery: N. of D\u00ear\nTomb: M.1\nDate: Dec 17th.\nRectangular shaft 175 x 102 cm.\nN-w & S-E\nChamber to N.W., broken from above, shaped as a vault [drawing] orig. semi circular\nBurials all disturbed, 8 skulls\na. An earthenware pilgrim bottle.\nb. Monkey shaped kohl vase & stand\nc. Bone borer\nd. One shell\ne. Small bronze figure of Osiris [see others loose at M]\nSee over\nIn the filling 2 scarabs\n(a) Small red stone [drawing]\n(b) Large bud green glaze [drawing]\n(c) Two beads", "reverseCard": "", "comments": "", "discoveryDate": "", "cardNumber": "", "excavatorName": "Mohammed 'Awad"}, "user_id": 580, "task_id": 66783, "created": "2016-09-18T10:56:05.063728", "finish_time": "2016-09-18T10:56:05.063753", "calibration": null, "user_ip": null, "timeout": null, "project_id": 347, "id": 106486}, {"info": {"description": "f. Two green glaze scarabs [drawings]\ng. Small bl. gl. figure (Bes?)\nh. Pair bronze callipers.\nj. Fragment of bronze\nk. Few bl. glaze beads.\nl. Stucco & wood nose. (damaged)\nm. Stucco rosette.\nn. Fragt. pf wooden head rest.", "reverseCard": "", "comments": "", "discoveryDate": "", "cardNumber": "", "excavatorName": ""}, "user_id": 580, "task_id": 66784, "created": "2016-09-18T10:57:46.468984", "finish_time": "2016-09-18T10:57:46.469011", "calibration": null, "user_ip": null, "timeout": null, "project_id": 347, "id": 106487}, {"info": {"description": "Cemetery: N. E of D\u00ear\nTomb: M.2.\nDate: Dec. 18th\nRectangular shaft. One chamber South, two North, the lower sealed but plundered from the upper.\nFrom S. chamber\n(a) Pottery offering table. (?) *\n(b) Nine green gl. amulets\n(c) Large amethyst amulet.\n(d) Carnelian hippo-head amulet\n(e) Four carnel., 1 ameth. & some blue gl. beads\n*Prob. from the sand above which had caved in.", "reverseCard": "", "comments": "", "discoveryDate": "", "cardNumber": "", "excavatorName": "Muhammed 'Awad"}, "user_id": 580, "task_id": 66785, "created": "2016-09-18T11:01:13.609974", "finish_time": "2016-09-18T11:01:13.609999", "calibration": null, "user_ip": null, "timeout": null, "project_id": 347, "id": 106488}, {"info": {"description": "Cemetery: Beyond gabb\u00e2na\nTomb: N.1\nDate: Dec. 25\nRectangular narrow shaft. Six chambers, 3 & 3, lower N. Chamber v. small indeed.\nFrom lower N\n(a) Carnel. beads, 4.\n(b) Shell\n(c) 3 bl. gl. beads\nFrom S. lower\n(a) 9 large spherical bl. gl. beads\n(b) One small gl. bead, & few odd beads\nFrom filling\n2 fragts. of horns.", "reverseCard": "", "comments": "", "discoveryDate": "", "cardNumber": "", "excavatorName": "Ahmed 'Aise"}, "user_id": 580, "task_id": 66786, "created": "2016-09-18T11:04:07.515809", "finish_time": "2016-09-18T11:04:07.515834", "calibration": null, "user_ip": null, "timeout": null, "project_id": 347, "id": 106489}, {"info": {"description": "Cemetery: Beyond gabb\u00e2na\nTomb: N.2.\nDate: Dec. 26th\nNarrow rectangular shaft. Two upper chambers, 2 lower\nUpper S. ch. broken above\n3 bl. gl. beads in filling", "reverseCard": "", "comments": "", "discoveryDate": "", "cardNumber": "", "excavatorName": "Ulbarak el Bed\u00e2ur"}, "user_id": 580, "task_id": 66787, "created": "2016-09-18T11:05:33.070749", "finish_time": "2016-09-18T11:05:33.070775", "calibration": null, "user_ip": null, "timeout": null, "project_id": 347, "id": 106490}, {"info": {"description": "Cemetery: Beyond gabb\u00e2na\nTomb: N.3.\nDate: Dec. 26th\nNarrow rectangular shaft\nIn top of filling small alab. stand. 20mm.\n[plan]", "reverseCard": "", "comments": "", "discoveryDate": "", "cardNumber": "", "excavatorName": "Ahmed 'Aise"}, "user_id": 580, "task_id": 66788, "created": "2016-09-18T11:06:53.997355", "finish_time": "2016-09-18T11:06:53.997381", "calibration": null, "user_ip": null, "timeout": null, "project_id": 347, "id": 106491}, {"info": {"description": "Plundered\nRectangular shaft, narrow type.\nFour chambers 2 north, 2 south\nAll absolutely empty, except \n[...] on South side which gave \n1 large carnel. bead\n8 small    \"        \"\nsmall bl. glaze beads\n\nTwo beads of bl. gl. from shaft. \n", "reverseCard": "reverseCard", "comments": "", "discoveryDate": "15 Dec 1909-10", "cardNumber": "L. 1", "excavatorName": "n/a"}, "user_id": 1401, "task_id": 66781, "created": "2016-09-18T11:36:26.719858", "finish_time": "2016-09-18T11:36:26.719884", "calibration": null, "user_ip": null, "timeout": null, "project_id": 347, "id": 106500}, {"info": {"description": "Plundered\nA very small rectangular shallow\ntrench, plundered out. \n[ crossed out text]\nno body.\nfew blue glaze beads in filling", "reverseCard": "", "comments": "", "discoveryDate": "17th December 1909-10", "cardNumber": "L. 2", "excavatorName": "Ahmed Suilan"}, "user_id": 1401, "task_id": 66782, "created": "2016-09-18T11:37:50.676497", "finish_time": "2016-09-18T11:37:50.676521", "calibration": null, "user_ip": null, "timeout": null, "project_id": 347, "id": 106501}, {"info": {"description": "Cemetery: N. of Der\n\nRectangular shaft 175 x 102 cm.\nN-W & S-E\nChamber to N.W, broken from above, \nshaped as a vault   orig semicircular\nBurials all disturbed, 8 skulls\na. an earthenware pilgrim [...]\nb. monkey shaped kohl vase & stand\nc. bone [...]\nd. [...] shell\ne. small [...] figure of Osiris {see others [...] at M}\nsee over\n\nIn the filling 2 scarabs\na. small, red stone \nb. [..] bad green glaze\nx. two beads ", "reverseCard": "", "comments": "", "discoveryDate": "17 Decemeber 1909 - 10", "cardNumber": "M. 1", "excavatorName": "Mohammed 'Awad"}, "user_id": 1401, "task_id": 66783, "created": "2016-09-18T11:42:28.089390", "finish_time": "2016-09-18T11:42:28.089417", "calibration": null, "user_ip": null, "timeout": null, "project_id": 347, "id": 106504}, {"info": {"description": "f. two green glaze scarab\ng. small bl. gl. figure, (Bes?)\nh. pair bronze callipers\nj. fragment of [...]\nk. few bl. glaze beads\nl. stucco & wood rose. (damaged)\nm. stucco rosette\nn. frag of wooden head rest", "reverseCard": "", "comments": "", "discoveryDate": "n/a", "cardNumber": "n/a", "excavatorName": "n/a"}, "user_id": 1401, "task_id": 66784, "created": "2016-09-18T11:44:22.398347", "finish_time": "2016-09-18T11:44:22.398370", "calibration": null, "user_ip": null, "timeout": null, "project_id": 347, "id": 106505}, {"info": {"description": "Rectangular shaft. One chamber\nSouth, two north, the lower\nsealed but plundered from the \nupper.\nFrom S. chamber\na. pottery offering table (?) *\nb. nine green gl. amulets \nc. large amethyst amulet\nd. carnelian hippo head amulet\ne. four carnel, 1 ameth & some \nblue gl. beads\n\n* Prob from the sand above which \nhad caved in ", "reverseCard": "", "comments": "", "discoveryDate": "18th December 1909-10", "cardNumber": "M. 2", "excavatorName": "Muhamed 'Awad"}, "user_id": 1401, "task_id": 66785, "created": "2016-09-18T11:47:21.498507", "finish_time": "2016-09-18T11:47:21.498536", "calibration": null, "user_ip": null, "timeout": null, "project_id": 347, "id": 106506}, {"info": {"description": "Rectangular narrow shaft \nSix chambers 3 & 3, lower N. chamber \nv. small indeed\nFrom lower IV\na. carnel beads 4\nb. shell\nc. 3 bl. gl. beads\nFrom S. lower\na. 9 large spherical bl. gl beads\nb. one small gl. bead, & few odd beads\nfrom filling \n2 fragts of lotus[?]", "reverseCard": "", "comments": "not sure about final word lotus or horus???", "discoveryDate": "25 December 1909-10", "cardNumber": "N. 1", "excavatorName": "Ahmed 'Aise"}, "user_id": 1401, "task_id": 66786, "created": "2016-09-18T11:53:34.221679", "finish_time": "2016-09-18T11:53:34.221710", "calibration": null, "user_ip": null, "timeout": null, "project_id": 347, "id": 106508}, {"info": {"description": "narrow rectangular shaft\ntwo upper chambers, 2 lower\nupper S. ch. broken above\n3 bl. gl. beads in filling ", "reverseCard": "", "comments": "", "discoveryDate": "26 december 1909-10", "cardNumber": "N. 2", "excavatorName": "Umbarak el Bedour"}, "user_id": 1401, "task_id": 66787, "created": "2016-09-18T11:54:48.239198", "finish_time": "2016-09-18T11:54:48.239224", "calibration": null, "user_ip": null, "timeout": null, "project_id": 347, "id": 106509}, {"info": {"description": "Narrow rectangular shaft.\n\nIn top of filling small slab. stand 20 mm", "reverseCard": "", "comments": "", "discoveryDate": "26 december 1909-10", "cardNumber": "N. 3.", "excavatorName": "Ahmed 'Aise"}, "user_id": 1401, "task_id": 66788, "created": "2016-09-18T12:02:36.600008", "finish_time": "2016-09-18T12:02:36.600034", "calibration": null, "user_ip": null, "timeout": null, "project_id": 347, "id": 106510}, {"info": {"description": "Plundered\nRectangular shaft, narrow type.\nFour chambers 2 north, 2 south\nAll absolutely empty except \ncorner on south side which gave\n1 larger camel bead\n8 small camel bead\nsmall bl. glaze beads.\n\nTow beads of bl. gr. from shaft.", "reverseCard": "reverseCard", "comments": "There was no name on the card. ", "discoveryDate": "December 15th", "cardNumber": "L.1.", "excavatorName": ""}, "user_id": 1347, "task_id": 66781, "created": "2016-09-20T02:15:22.931543", "finish_time": "2016-09-20T02:15:22.931567", "calibration": null, "user_ip": null, "timeout": null, "project_id": 347, "id": 106882}, {"info": {"description": "Plundered\nA very small rectangular shallow \ntrench, plundered out.\n\nNo body.\nFew blue glaze beads in filling.", "reverseCard": "", "comments": "A section of this card was crossed off, and you are unable to read what was crossed off underneath.", "discoveryDate": "December 17th", "cardNumber": "L.2.", "excavatorName": "Ahmed Sirham"}, "user_id": 1347, "task_id": 66782, "created": "2016-09-20T02:19:55.934248", "finish_time": "2016-09-20T02:19:55.934272", "calibration": null, "user_ip": null, "timeout": null, "project_id": 347, "id": 106884}, {"info": {"description": "f. Two green glaze scarabs\ng. Small bl.gl figure (Bes?)\nh. Pair bronze callipers\nj. Fragment of bronze\nk. Few bl. glaze beads\nl. Stuco and wood nose. (damaged)\nm. Stucco nosette\nn. Fragment of wooden head rest.", "reverseCard": "reverseCard", "comments": "", "discoveryDate": "", "cardNumber": "", "excavatorName": ""}, "user_id": 1, "task_id": 66784, "created": "2016-09-20T10:45:58.816266", "finish_time": "2016-09-20T10:45:58.816290", "calibration": null, "user_ip": null, "timeout": null, "project_id": 347, "id": 107009}, {"info": {"description": "Rectangular shaft. 175 x 102 cm.\nN-W + S-E.\nChamber to N.W., broken from above,\nshaped as a vault\nBurials all disturbed, 8 skulls\na. An earthenware pilgrim [...]\nb. monkey shaped kohl vase and stand\nc.bane borer\nd. cone shell\ne. small bronze figure of Osiris\n\nIn the filling 2\na. small, red stone\nb. large bad green glaze\nc. Two beads", "reverseCard": "reverseCard", "comments": "Some words were difficult to be read and should be checked including the first list of a, b, c, and d.", "discoveryDate": "December 17", "cardNumber": "M. 1", "excavatorName": "Mohammed Awad"}, "user_id": 1347, "task_id": 66783, "created": "2016-09-21T00:26:07.406100", "finish_time": "2016-09-21T00:26:07.406126", "calibration": null, "user_ip": null, "timeout": null, "project_id": 347, "id": 107107}, {"info": {"description": "Rectangular shaft. One chamber\nSouth, two north, the lower\nsealed but plundered from the upper.\n\nFrom S. chamber\na. Pottery offering table (?) *\nb. nine green gl. amulets\nc. large amethyst amulet\nd. Carnelian hippo head amulet\ne. Four camel, 1 ameth, and some \nblue gl. beads\n\n*Prob. from the sand above which had caved in", "reverseCard": "", "comments": "", "discoveryDate": "Dec. 18th", "cardNumber": "M. 2", "excavatorName": "Mohammed Awad"}, "user_id": 1347, "task_id": 66785, "created": "2016-09-21T00:30:13.482762", "finish_time": "2016-09-21T00:30:13.482786", "calibration": null, "user_ip": null, "timeout": null, "project_id": 347, "id": 107109}, {"info": {"description": "Rectangular narrow shaft.\nSix chambers, 3+3, lower N. Chamber\nv. small indeed\nFrom lover IV\na. Camel beads. 4.\nb. Shell\nc. 3 bl. gl. beads\nFrom S. Lower\na. 9 large spherical bl. gl. beads\nOne small gl. bead, + few odd beads\nFrom filling\n2 frag. of horns", "reverseCard": "", "comments": "The last two lines were difficult to read and so was the last name.", "discoveryDate": "Dec. 25th", "cardNumber": "N.1", "excavatorName": "Ahmed Cuse"}, "user_id": 1347, "task_id": 66786, "created": "2016-09-21T00:35:33.044295", "finish_time": "2016-09-21T00:35:33.044318", "calibration": null, "user_ip": null, "timeout": null, "project_id": 347, "id": 107111}, {"info": {"description": "Narrow rectangular shaft\nTwo upper chambers, 2 lower\nupper S. ch.broken above\n3 bl. gl. beads in filling", "reverseCard": "", "comments": "The name was hard to read.", "discoveryDate": "Dec. 26th", "cardNumber": "N.2.", "excavatorName": "Umbarale el Beaur"}, "user_id": 1347, "task_id": 66787, "created": "2016-09-21T00:37:21.078303", "finish_time": "2016-09-21T00:37:21.078329", "calibration": null, "user_ip": null, "timeout": null, "project_id": 347, "id": 107112}, {"info": {"description": "Narrow Rectangular shaft\n\nIn top of filling small chab. stand 20 mm", "reverseCard": "", "comments": "Some words were difficult to read and so was the name", "discoveryDate": "Dec. 26th", "cardNumber": "N.3.", "excavatorName": "Ahmed 'Aise"}, "user_id": 1347, "task_id": 66788, "created": "2016-09-21T00:40:04.826775", "finish_time": "2016-09-21T00:40:04.826799", "calibration": null, "user_ip": null, "timeout": null, "project_id": 347, "id": 107114}]