[{"info": {"url": "https://farm6.staticflickr.com/5830/22666602219_25cf762212.jpg", "url_m": "https://farm6.staticflickr.com/5830/22666602219_25cf762212_m.jpg", "link": "https://www.flickr.com/photos/25459876@N04/22666602219", "url_b": "https://farm6.staticflickr.com/5830/22666602219_25cf762212_b.jpg", "title": "AB.TC.K.1.1a"}, "n_answers": 3, "quorum": 0, "calibration": 0, "created": "2016-09-15T09:33:46.020981", "state": "completed", "project_id": 344, "id": 66427, "priority_0": 0.0}, {"info": {"url": "https://farm6.staticflickr.com/5831/23045281892_c2209590fc.jpg", "url_m": "https://farm6.staticflickr.com/5831/23045281892_c2209590fc_m.jpg", "link": "https://www.flickr.com/photos/25459876@N04/23045281892", "url_b": "https://farm6.staticflickr.com/5831/23045281892_c2209590fc_b.jpg", "title": "AB.TC.K.1.1b"}, "n_answers": 3, "quorum": 0, "calibration": 0, "created": "2016-09-15T09:33:46.075971", "state": "completed", "project_id": 344, "id": 66428, "priority_0": 0.0}, {"info": {"url": "https://farm1.staticflickr.com/621/22640475588_4e367d70d5.jpg", "url_m": "https://farm1.staticflickr.com/621/22640475588_4e367d70d5_m.jpg", "link": "https://www.flickr.com/photos/25459876@N04/22640475588", "url_b": "https://farm1.staticflickr.com/621/22640475588_4e367d70d5_b.jpg", "title": "AB.TC.K.1.2a"}, "n_answers": 3, "quorum": 0, "calibration": 0, "created": "2016-09-15T09:33:46.108371", "state": "completed", "project_id": 344, "id": 66429, "priority_0": 0.0}, {"info": {"url": "https://farm6.staticflickr.com/5623/22640474818_c045385b0c.jpg", "url_m": "https://farm6.staticflickr.com/5623/22640474818_c045385b0c_m.jpg", "link": "https://www.flickr.com/photos/25459876@N04/22640474818", "url_b": "https://farm6.staticflickr.com/5623/22640474818_c045385b0c_b.jpg", "title": "AB.TC.K.1.2b"}, "n_answers": 3, "quorum": 0, "calibration": 0, "created": "2016-09-15T09:33:46.142108", "state": "completed", "project_id": 344, "id": 66430, "priority_0": 0.0}, {"info": {"url": "https://farm6.staticflickr.com/5755/22666599279_0e2334f862.jpg", "url_m": "https://farm6.staticflickr.com/5755/22666599279_0e2334f862_m.jpg", "link": "https://www.flickr.com/photos/25459876@N04/22666599279", "url_b": "https://farm6.staticflickr.com/5755/22666599279_0e2334f862_b.jpg", "title": "AB.TC.K.2a"}, "n_answers": 3, "quorum": 0, "calibration": 0, "created": "2016-09-15T09:33:46.175928", "state": "completed", "project_id": 344, "id": 66431, "priority_0": 0.0}, {"info": {"url": "https://farm6.staticflickr.com/5637/22666598429_413a6167a4.jpg", "url_m": "https://farm6.staticflickr.com/5637/22666598429_413a6167a4_m.jpg", "link": "https://www.flickr.com/photos/25459876@N04/22666598429", "url_b": "https://farm6.staticflickr.com/5637/22666598429_413a6167a4_b.jpg", "title": "AB.TC.K.2b"}, "n_answers": 3, "quorum": 0, "calibration": 0, "created": "2016-09-15T09:33:46.208732", "state": "completed", "project_id": 344, "id": 66432, "priority_0": 0.0}, {"info": {"url": "https://farm1.staticflickr.com/757/23032816736_e07876e76a.jpg", "url_m": "https://farm1.staticflickr.com/757/23032816736_e07876e76a_m.jpg", "link": "https://www.flickr.com/photos/25459876@N04/23032816736", "url_b": "https://farm1.staticflickr.com/757/23032816736_e07876e76a_b.jpg", "title": "AB.TC.K.3"}, "n_answers": 3, "quorum": 0, "calibration": 0, "created": "2016-09-15T09:33:46.241869", "state": "completed", "project_id": 344, "id": 66433, "priority_0": 0.0}, {"info": {"url": "https://farm1.staticflickr.com/741/22437669703_0ea05669e8.jpg", "url_m": "https://farm1.staticflickr.com/741/22437669703_0ea05669e8_m.jpg", "link": "https://www.flickr.com/photos/25459876@N04/22437669703", "url_b": "https://farm1.staticflickr.com/741/22437669703_0ea05669e8_b.jpg", "title": "AB.TC.K.4,5,6"}, "n_answers": 3, "quorum": 0, "calibration": 0, "created": "2016-09-15T09:33:46.275167", "state": "completed", "project_id": 344, "id": 66434, "priority_0": 0.0}, {"info": {"url": "https://farm1.staticflickr.com/642/23045276822_40cd0200b4.jpg", "url_m": "https://farm1.staticflickr.com/642/23045276822_40cd0200b4_m.jpg", "link": "https://www.flickr.com/photos/25459876@N04/23045276822", "url_b": "https://farm1.staticflickr.com/642/23045276822_40cd0200b4_b.jpg", "title": "AB.TC.K.8"}, "n_answers": 3, "quorum": 0, "calibration": 0, "created": "2016-09-15T09:33:46.308563", "state": "completed", "project_id": 344, "id": 66435, "priority_0": 0.0}]