[{"info": {"url": "https://farm6.staticflickr.com/5658/22436109754_262dbc1046.jpg", "url_m": "https://farm6.staticflickr.com/5658/22436109754_262dbc1046_m.jpg", "link": "https://www.flickr.com/photos/25459876@N04/22436109754", "url_b": "https://farm6.staticflickr.com/5658/22436109754_262dbc1046_b.jpg", "title": "AB.TC.L.1"}, "n_answers": 3, "quorum": 0, "calibration": 0, "created": "2016-09-15T11:11:57.517100", "state": "completed", "project_id": 347, "id": 66781, "priority_0": 0.0}, {"info": {"url": "https://farm6.staticflickr.com/5737/22437694763_cbe8c0ba32.jpg", "url_m": "https://farm6.staticflickr.com/5737/22437694763_cbe8c0ba32_m.jpg", "link": "https://www.flickr.com/photos/25459876@N04/22437694763", "url_b": "https://farm6.staticflickr.com/5737/22437694763_cbe8c0ba32_b.jpg", "title": "AB.TC.L.2"}, "n_answers": 3, "quorum": 0, "calibration": 0, "created": "2016-09-15T11:11:57.574221", "state": "completed", "project_id": 347, "id": 66782, "priority_0": 0.0}, {"info": {"url": "https://farm6.staticflickr.com/5813/22640560167_94df4f12f1.jpg", "url_m": "https://farm6.staticflickr.com/5813/22640560167_94df4f12f1_m.jpg", "link": "https://www.flickr.com/photos/25459876@N04/22640560167", "url_b": "https://farm6.staticflickr.com/5813/22640560167_94df4f12f1_b.jpg", "title": "AB.TC.M.1a"}, "n_answers": 3, "quorum": 0, "calibration": 0, "created": "2016-09-15T11:12:15.572980", "state": "completed", "project_id": 347, "id": 66783, "priority_0": 0.0}, {"info": {"url": "https://farm1.staticflickr.com/605/22666639759_e576ce2fda.jpg", "url_m": "https://farm1.staticflickr.com/605/22666639759_e576ce2fda_m.jpg", "link": "https://www.flickr.com/photos/25459876@N04/22666639759", "url_b": "https://farm1.staticflickr.com/605/22666639759_e576ce2fda_b.jpg", "title": "AB.TC.M.1b"}, "n_answers": 3, "quorum": 0, "calibration": 0, "created": "2016-09-15T11:12:16.172509", "state": "completed", "project_id": 347, "id": 66784, "priority_0": 0.0}, {"info": {"url": "https://farm6.staticflickr.com/5750/23058907005_6f8612cff1.jpg", "url_m": "https://farm6.staticflickr.com/5750/23058907005_6f8612cff1_m.jpg", "link": "https://www.flickr.com/photos/25459876@N04/23058907005", "url_b": "https://farm6.staticflickr.com/5750/23058907005_6f8612cff1_b.jpg", "title": "AB.TC.M.2"}, "n_answers": 3, "quorum": 0, "calibration": 0, "created": "2016-09-15T11:12:16.472838", "state": "completed", "project_id": 347, "id": 66785, "priority_0": 0.0}, {"info": {"url": "https://farm6.staticflickr.com/5695/22640576337_da40ab8fb9.jpg", "url_m": "https://farm6.staticflickr.com/5695/22640576337_da40ab8fb9_m.jpg", "link": "https://www.flickr.com/photos/25459876@N04/22640576337", "url_b": "https://farm6.staticflickr.com/5695/22640576337_da40ab8fb9_b.jpg", "title": "AB.TC.N.1"}, "n_answers": 3, "quorum": 0, "calibration": 0, "created": "2016-09-15T11:12:30.306647", "state": "completed", "project_id": 347, "id": 66786, "priority_0": 0.0}, {"info": {"url": "https://farm6.staticflickr.com/5656/22666656119_84419455ed.jpg", "url_m": "https://farm6.staticflickr.com/5656/22666656119_84419455ed_m.jpg", "link": "https://www.flickr.com/photos/25459876@N04/22666656119", "url_b": "https://farm6.staticflickr.com/5656/22666656119_84419455ed_b.jpg", "title": "AB.TC.N.2"}, "n_answers": 3, "quorum": 0, "calibration": 0, "created": "2016-09-15T11:12:30.378707", "state": "completed", "project_id": 347, "id": 66787, "priority_0": 0.0}, {"info": {"url": "https://farm6.staticflickr.com/5824/22436141614_81d112a511.jpg", "url_m": "https://farm6.staticflickr.com/5824/22436141614_81d112a511_m.jpg", "link": "https://www.flickr.com/photos/25459876@N04/22436141614", "url_b": "https://farm6.staticflickr.com/5824/22436141614_81d112a511_b.jpg", "title": "AB.TC.N.3"}, "n_answers": 3, "quorum": 0, "calibration": 0, "created": "2016-09-15T11:12:30.418779", "state": "completed", "project_id": 347, "id": 66788, "priority_0": 0.0}]