[{"info": {"url": "https://farm6.staticflickr.com/5723/22799622160_207ea44c9a.jpg", "url_m": "https://farm6.staticflickr.com/5723/22799622160_207ea44c9a_m.jpg", "link": "https://www.flickr.com/photos/25459876@N04/22799622160", "url_b": "https://farm6.staticflickr.com/5723/22799622160_207ea44c9a_b.jpg", "title": "AB.TC.C"}, "n_answers": 3, "quorum": 0, "calibration": 0, "created": "2016-09-14T15:36:40.427517", "state": "completed", "project_id": 337, "id": 65395, "priority_0": 0.0}, {"info": {"url": "https://farm1.staticflickr.com/727/22987668305_177c8bcc3f.jpg", "url_m": "https://farm1.staticflickr.com/727/22987668305_177c8bcc3f_m.jpg", "link": "https://www.flickr.com/photos/25459876@N04/22987668305", "url_b": "https://farm1.staticflickr.com/727/22987668305_177c8bcc3f_b.jpg", "title": "AB.TC.C.02"}, "n_answers": 3, "quorum": 0, "calibration": 0, "created": "2016-09-14T15:36:40.613825", "state": "completed", "project_id": 337, "id": 65396, "priority_0": 0.0}, {"info": {"url": "https://farm1.staticflickr.com/581/22961625036_50f768c23a.jpg", "url_m": "https://farm1.staticflickr.com/581/22961625036_50f768c23a_m.jpg", "link": "https://www.flickr.com/photos/25459876@N04/22961625036", "url_b": "https://farm1.staticflickr.com/581/22961625036_50f768c23a_b.jpg", "title": "AB.TC.C.03"}, "n_answers": 3, "quorum": 0, "calibration": 0, "created": "2016-09-14T15:36:40.646389", "state": "completed", "project_id": 337, "id": 65397, "priority_0": 0.0}, {"info": {"url": "https://farm1.staticflickr.com/732/22569296347_29262577c5.jpg", "url_m": "https://farm1.staticflickr.com/732/22569296347_29262577c5_m.jpg", "link": "https://www.flickr.com/photos/25459876@N04/22569296347", "url_b": "https://farm1.staticflickr.com/732/22569296347_29262577c5_b.jpg", "title": "AB.TC.C.05"}, "n_answers": 3, "quorum": 0, "calibration": 0, "created": "2016-09-14T15:36:40.681752", "state": "completed", "project_id": 337, "id": 65398, "priority_0": 0.0}, {"info": {"url": "https://farm6.staticflickr.com/5799/22364900334_e73769cda2.jpg", "url_m": "https://farm6.staticflickr.com/5799/22364900334_e73769cda2_m.jpg", "link": "https://www.flickr.com/photos/25459876@N04/22364900334", "url_b": "https://farm6.staticflickr.com/5799/22364900334_e73769cda2_b.jpg", "title": "AB.TC.C.06"}, "n_answers": 3, "quorum": 0, "calibration": 0, "created": "2016-09-14T15:36:40.720924", "state": "completed", "project_id": 337, "id": 65399, "priority_0": 0.0}, {"info": {"url": "https://farm6.staticflickr.com/5626/22998757771_5e4becbe78.jpg", "url_m": "https://farm6.staticflickr.com/5626/22998757771_5e4becbe78_m.jpg", "link": "https://www.flickr.com/photos/25459876@N04/22998757771", "url_b": "https://farm6.staticflickr.com/5626/22998757771_5e4becbe78_b.jpg", "title": "AB.TC.C.07"}, "n_answers": 3, "quorum": 0, "calibration": 0, "created": "2016-09-14T15:36:40.755813", "state": "completed", "project_id": 337, "id": 65400, "priority_0": 0.0}, {"info": {"url": "https://farm1.staticflickr.com/730/22961622976_dd75d2e0f0.jpg", "url_m": "https://farm1.staticflickr.com/730/22961622976_dd75d2e0f0_m.jpg", "link": "https://www.flickr.com/photos/25459876@N04/22961622976", "url_b": "https://farm1.staticflickr.com/730/22961622976_dd75d2e0f0_b.jpg", "title": "AB.TC.C.09"}, "n_answers": 3, "quorum": 0, "calibration": 0, "created": "2016-09-14T15:36:40.788869", "state": "completed", "project_id": 337, "id": 65401, "priority_0": 0.0}, {"info": {"url": "https://farm6.staticflickr.com/5787/22799618640_099c21f025.jpg", "url_m": "https://farm6.staticflickr.com/5787/22799618640_099c21f025_m.jpg", "link": "https://www.flickr.com/photos/25459876@N04/22799618640", "url_b": "https://farm6.staticflickr.com/5787/22799618640_099c21f025_b.jpg", "title": "AB.TC.C.11"}, "n_answers": 3, "quorum": 0, "calibration": 0, "created": "2016-09-14T15:36:40.820720", "state": "completed", "project_id": 337, "id": 65402, "priority_0": 0.0}, {"info": {"url": "https://farm1.staticflickr.com/698/22595471199_b2c50e10c1.jpg", "url_m": "https://farm1.staticflickr.com/698/22595471199_b2c50e10c1_m.jpg", "link": "https://www.flickr.com/photos/25459876@N04/22595471199", "url_b": "https://farm1.staticflickr.com/698/22595471199_b2c50e10c1_b.jpg", "title": "AB.TC.C.12"}, "n_answers": 3, "quorum": 0, "calibration": 0, "created": "2016-09-14T15:36:40.854073", "state": "completed", "project_id": 337, "id": 65403, "priority_0": 0.0}, {"info": {"url": "https://farm6.staticflickr.com/5667/22595470709_2e40552d22.jpg", "url_m": "https://farm6.staticflickr.com/5667/22595470709_2e40552d22_m.jpg", "link": "https://www.flickr.com/photos/25459876@N04/22595470709", "url_b": "https://farm6.staticflickr.com/5667/22595470709_2e40552d22_b.jpg", "title": "AB.TC.C.13"}, "n_answers": 3, "quorum": 0, "calibration": 0, "created": "2016-09-14T15:36:40.888151", "state": "completed", "project_id": 337, "id": 65404, "priority_0": 0.0}, {"info": {"url": "https://farm6.staticflickr.com/5682/22366473823_83e1619910.jpg", "url_m": "https://farm6.staticflickr.com/5682/22366473823_83e1619910_m.jpg", "link": "https://www.flickr.com/photos/25459876@N04/22366473823", "url_b": "https://farm6.staticflickr.com/5682/22366473823_83e1619910_b.jpg", "title": "AB.TC.C.21"}, "n_answers": 3, "quorum": 0, "calibration": 0, "created": "2016-09-14T15:36:40.921615", "state": "completed", "project_id": 337, "id": 65405, "priority_0": 0.0}, {"info": {"url": "https://farm1.staticflickr.com/589/22366464713_06001307c1.jpg", "url_m": "https://farm1.staticflickr.com/589/22366464713_06001307c1_m.jpg", "link": "https://www.flickr.com/photos/25459876@N04/22366464713", "url_b": "https://farm1.staticflickr.com/589/22366464713_06001307c1_b.jpg", "title": "AB.TC.C.51"}, "n_answers": 3, "quorum": 0, "calibration": 0, "created": "2016-09-14T15:36:40.954920", "state": "completed", "project_id": 337, "id": 65406, "priority_0": 0.0}, {"info": {"url": "https://farm1.staticflickr.com/664/22569291937_d623450d2c.jpg", "url_m": "https://farm1.staticflickr.com/664/22569291937_d623450d2c_m.jpg", "link": "https://www.flickr.com/photos/25459876@N04/22569291937", "url_b": "https://farm1.staticflickr.com/664/22569291937_d623450d2c_b.jpg", "title": "AB.TC.C.52a"}, "n_answers": 3, "quorum": 0, "calibration": 0, "created": "2016-09-14T15:36:40.987551", "state": "completed", "project_id": 337, "id": 65407, "priority_0": 0.0}, {"info": {"url": "https://farm6.staticflickr.com/5660/22987662705_ea3017d53e.jpg", "url_m": "https://farm6.staticflickr.com/5660/22987662705_ea3017d53e_m.jpg", "link": "https://www.flickr.com/photos/25459876@N04/22987662705", "url_b": "https://farm6.staticflickr.com/5660/22987662705_ea3017d53e_b.jpg", "title": "AB.TC.C.52b"}, "n_answers": 3, "quorum": 0, "calibration": 0, "created": "2016-09-14T15:36:41.021311", "state": "completed", "project_id": 337, "id": 65408, "priority_0": 0.0}, {"info": {"url": "https://farm1.staticflickr.com/710/22364894834_37e80d67d7.jpg", "url_m": "https://farm1.staticflickr.com/710/22364894834_37e80d67d7_m.jpg", "link": "https://www.flickr.com/photos/25459876@N04/22364894834", "url_b": "https://farm1.staticflickr.com/710/22364894834_37e80d67d7_b.jpg", "title": "AB.TC.C.53"}, "n_answers": 3, "quorum": 0, "calibration": 0, "created": "2016-09-14T15:36:41.054273", "state": "completed", "project_id": 337, "id": 65409, "priority_0": 0.0}, {"info": {"url": "https://farm1.staticflickr.com/687/22364894484_c05de89dfd.jpg", "url_m": "https://farm1.staticflickr.com/687/22364894484_c05de89dfd_m.jpg", "link": "https://www.flickr.com/photos/25459876@N04/22364894484", "url_b": "https://farm1.staticflickr.com/687/22364894484_c05de89dfd_b.jpg", "title": "AB.TC.C.54"}, "n_answers": 3, "quorum": 0, "calibration": 0, "created": "2016-09-14T15:36:41.087564", "state": "completed", "project_id": 337, "id": 65410, "priority_0": 0.0}, {"info": {"url": "https://farm1.staticflickr.com/699/22569332688_51bea0bb5b.jpg", "url_m": "https://farm1.staticflickr.com/699/22569332688_51bea0bb5b_m.jpg", "link": "https://www.flickr.com/photos/25459876@N04/22569332688", "url_b": "https://farm1.staticflickr.com/699/22569332688_51bea0bb5b_b.jpg", "title": "AB.TC.C.55"}, "n_answers": 3, "quorum": 0, "calibration": 0, "created": "2016-09-14T15:36:41.120560", "state": "completed", "project_id": 337, "id": 65411, "priority_0": 0.0}, {"info": {"url": "https://farm1.staticflickr.com/618/22961616396_dcf75a6c80.jpg", "url_m": "https://farm1.staticflickr.com/618/22961616396_dcf75a6c80_m.jpg", "link": "https://www.flickr.com/photos/25459876@N04/22961616396", "url_b": "https://farm1.staticflickr.com/618/22961616396_dcf75a6c80_b.jpg", "title": "AB.TC.C.56"}, "n_answers": 3, "quorum": 0, "calibration": 0, "created": "2016-09-14T15:36:41.153961", "state": "completed", "project_id": 337, "id": 65412, "priority_0": 0.0}, {"info": {"url": "https://farm6.staticflickr.com/5770/22364892444_567b93b116.jpg", "url_m": "https://farm6.staticflickr.com/5770/22364892444_567b93b116_m.jpg", "link": "https://www.flickr.com/photos/25459876@N04/22364892444", "url_b": "https://farm6.staticflickr.com/5770/22364892444_567b93b116_b.jpg", "title": "AB.TC.C.62"}, "n_answers": 3, "quorum": 0, "calibration": 0, "created": "2016-09-14T15:36:41.187175", "state": "completed", "project_id": 337, "id": 65413, "priority_0": 0.0}, {"info": {"url": "https://farm1.staticflickr.com/768/22364892014_6394df9040.jpg", "url_m": "https://farm1.staticflickr.com/768/22364892014_6394df9040_m.jpg", "link": "https://www.flickr.com/photos/25459876@N04/22364892014", "url_b": "https://farm1.staticflickr.com/768/22364892014_6394df9040_b.jpg", "title": "AB.TC.C.63"}, "n_answers": 3, "quorum": 0, "calibration": 0, "created": "2016-09-14T15:36:41.220547", "state": "completed", "project_id": 337, "id": 65414, "priority_0": 0.0}, {"info": {"url": "https://farm6.staticflickr.com/5829/22366468093_39bdfd53e3.jpg", "url_m": "https://farm6.staticflickr.com/5829/22366468093_39bdfd53e3_m.jpg", "link": "https://www.flickr.com/photos/25459876@N04/22366468093", "url_b": "https://farm6.staticflickr.com/5829/22366468093_39bdfd53e3_b.jpg", "title": "AB.TC.C.64"}, "n_answers": 3, "quorum": 0, "calibration": 0, "created": "2016-09-14T15:36:41.254701", "state": "completed", "project_id": 337, "id": 65415, "priority_0": 0.0}, {"info": {"url": "https://farm1.staticflickr.com/754/22569285947_facb896b64.jpg", "url_m": "https://farm1.staticflickr.com/754/22569285947_facb896b64_m.jpg", "link": "https://www.flickr.com/photos/25459876@N04/22569285947", "url_b": "https://farm1.staticflickr.com/754/22569285947_facb896b64_b.jpg", "title": "AB.TC.C.65"}, "n_answers": 3, "quorum": 0, "calibration": 0, "created": "2016-09-14T15:36:41.287337", "state": "completed", "project_id": 337, "id": 65416, "priority_0": 0.0}, {"info": {"url": "https://farm1.staticflickr.com/631/22569285377_47500ae6b6.jpg", "url_m": "https://farm1.staticflickr.com/631/22569285377_47500ae6b6_m.jpg", "link": "https://www.flickr.com/photos/25459876@N04/22569285377", "url_b": "https://farm1.staticflickr.com/631/22569285377_47500ae6b6_b.jpg", "title": "AB.TC.C.66"}, "n_answers": 3, "quorum": 0, "calibration": 0, "created": "2016-09-14T15:36:41.320436", "state": "completed", "project_id": 337, "id": 65417, "priority_0": 0.0}, {"info": {"url": "https://farm1.staticflickr.com/571/22987656565_6ed03b9b5e.jpg", "url_m": "https://farm1.staticflickr.com/571/22987656565_6ed03b9b5e_m.jpg", "link": "https://www.flickr.com/photos/25459876@N04/22987656565", "url_b": "https://farm1.staticflickr.com/571/22987656565_6ed03b9b5e_b.jpg", "title": "AB.TC.C.71"}, "n_answers": 3, "quorum": 0, "calibration": 0, "created": "2016-09-14T15:36:41.354166", "state": "completed", "project_id": 337, "id": 65418, "priority_0": 0.0}, {"info": {"url": "https://farm1.staticflickr.com/570/22961612316_b4b0b972fb.jpg", "url_m": "https://farm1.staticflickr.com/570/22961612316_b4b0b972fb_m.jpg", "link": "https://www.flickr.com/photos/25459876@N04/22961612316", "url_b": "https://farm1.staticflickr.com/570/22961612316_b4b0b972fb_b.jpg", "title": "AB.TC.C.72"}, "n_answers": 3, "quorum": 0, "calibration": 0, "created": "2016-09-14T15:36:41.387898", "state": "completed", "project_id": 337, "id": 65419, "priority_0": 0.0}, {"info": {"url": "https://farm6.staticflickr.com/5768/22595460369_d751d9e4c3.jpg", "url_m": "https://farm6.staticflickr.com/5768/22595460369_d751d9e4c3_m.jpg", "link": "https://www.flickr.com/photos/25459876@N04/22595460369", "url_b": "https://farm6.staticflickr.com/5768/22595460369_d751d9e4c3_b.jpg", "title": "AB.TC.C.73"}, "n_answers": 3, "quorum": 0, "calibration": 0, "created": "2016-09-14T15:36:41.420961", "state": "completed", "project_id": 337, "id": 65420, "priority_0": 0.0}, {"info": {"url": "https://farm6.staticflickr.com/5664/22961633186_b8173e39d7.jpg", "url_m": "https://farm6.staticflickr.com/5664/22961633186_b8173e39d7_m.jpg", "link": "https://www.flickr.com/photos/25459876@N04/22961633186", "url_b": "https://farm6.staticflickr.com/5664/22961633186_b8173e39d7_b.jpg", "title": "AB.TC.C.74"}, "n_answers": 3, "quorum": 0, "calibration": 0, "created": "2016-09-14T15:36:41.454243", "state": "completed", "project_id": 337, "id": 65421, "priority_0": 0.0}, {"info": {"url": "https://farm6.staticflickr.com/5687/22595481389_55bd39589c.jpg", "url_m": "https://farm6.staticflickr.com/5687/22595481389_55bd39589c_m.jpg", "link": "https://www.flickr.com/photos/25459876@N04/22595481389", "url_b": "https://farm6.staticflickr.com/5687/22595481389_55bd39589c_b.jpg", "title": "AB.TC.C.75"}, "n_answers": 3, "quorum": 0, "calibration": 0, "created": "2016-09-14T15:36:41.498885", "state": "completed", "project_id": 337, "id": 65422, "priority_0": 0.0}, {"info": {"url": "https://farm6.staticflickr.com/5672/22364908514_24a8cbacef.jpg", "url_m": "https://farm6.staticflickr.com/5672/22364908514_24a8cbacef_m.jpg", "link": "https://www.flickr.com/photos/25459876@N04/22364908514", "url_b": "https://farm6.staticflickr.com/5672/22364908514_24a8cbacef_b.jpg", "title": "AB.TC.C.76a"}, "n_answers": 3, "quorum": 0, "calibration": 0, "created": "2016-09-14T15:36:41.529030", "state": "completed", "project_id": 337, "id": 65423, "priority_0": 0.0}, {"info": {"url": "https://farm1.staticflickr.com/762/22569302837_14130595be.jpg", "url_m": "https://farm1.staticflickr.com/762/22569302837_14130595be_m.jpg", "link": "https://www.flickr.com/photos/25459876@N04/22569302837", "url_b": "https://farm1.staticflickr.com/762/22569302837_14130595be_b.jpg", "title": "AB.TC.C.76b"}, "n_answers": 3, "quorum": 0, "calibration": 0, "created": "2016-09-14T15:36:41.620848", "state": "completed", "project_id": 337, "id": 65424, "priority_0": 0.0}, {"info": {"url": "https://farm1.staticflickr.com/630/22366483593_e9ecc4a22b.jpg", "url_m": "https://farm1.staticflickr.com/630/22366483593_e9ecc4a22b_m.jpg", "link": "https://www.flickr.com/photos/25459876@N04/22366483593", "url_b": "https://farm1.staticflickr.com/630/22366483593_e9ecc4a22b_b.jpg", "title": "AB.TC.C.77"}, "n_answers": 3, "quorum": 0, "calibration": 0, "created": "2016-09-14T15:36:41.654162", "state": "completed", "project_id": 337, "id": 65425, "priority_0": 0.0}, {"info": {"url": "https://farm1.staticflickr.com/618/22366483133_cbd6b55d8e.jpg", "url_m": "https://farm1.staticflickr.com/618/22366483133_cbd6b55d8e_m.jpg", "link": "https://www.flickr.com/photos/25459876@N04/22366483133", "url_b": "https://farm1.staticflickr.com/618/22366483133_cbd6b55d8e_b.jpg", "title": "AB.TC.C.78"}, "n_answers": 3, "quorum": 0, "calibration": 0, "created": "2016-09-14T15:36:41.688397", "state": "completed", "project_id": 337, "id": 65426, "priority_0": 0.0}, {"info": {"url": "https://farm6.staticflickr.com/5648/22569301457_7a1c8f0bdc.jpg", "url_m": "https://farm6.staticflickr.com/5648/22569301457_7a1c8f0bdc_m.jpg", "link": "https://www.flickr.com/photos/25459876@N04/22569301457", "url_b": "https://farm6.staticflickr.com/5648/22569301457_7a1c8f0bdc_b.jpg", "title": "AB.TC.C.79"}, "n_answers": 3, "quorum": 0, "calibration": 0, "created": "2016-09-14T15:36:41.720866", "state": "completed", "project_id": 337, "id": 65427, "priority_0": 0.0}, {"info": {"url": "https://farm1.staticflickr.com/647/22364905574_f1e38bcce8.jpg", "url_m": "https://farm1.staticflickr.com/647/22364905574_f1e38bcce8_m.jpg", "link": "https://www.flickr.com/photos/25459876@N04/22364905574", "url_b": "https://farm1.staticflickr.com/647/22364905574_f1e38bcce8_b.jpg", "title": "AB.TC.C.81a"}, "n_answers": 3, "quorum": 0, "calibration": 0, "created": "2016-09-14T15:36:41.754339", "state": "completed", "project_id": 337, "id": 65428, "priority_0": 0.0}, {"info": {"url": "https://farm6.staticflickr.com/5745/22595477569_e567c2e39f.jpg", "url_m": "https://farm6.staticflickr.com/5745/22595477569_e567c2e39f_m.jpg", "link": "https://www.flickr.com/photos/25459876@N04/22595477569", "url_b": "https://farm6.staticflickr.com/5745/22595477569_e567c2e39f_b.jpg", "title": "AB.TC.C.81b"}, "n_answers": 3, "quorum": 0, "calibration": 0, "created": "2016-09-14T15:36:41.787063", "state": "completed", "project_id": 337, "id": 65429, "priority_0": 0.0}, {"info": {"url": "https://farm1.staticflickr.com/654/22569343028_e896533d9b.jpg", "url_m": "https://farm1.staticflickr.com/654/22569343028_e896533d9b_m.jpg", "link": "https://www.flickr.com/photos/25459876@N04/22569343028", "url_b": "https://farm1.staticflickr.com/654/22569343028_e896533d9b_b.jpg", "title": "AB.TC.C.84a"}, "n_answers": 3, "quorum": 0, "calibration": 0, "created": "2016-09-14T15:36:41.820861", "state": "completed", "project_id": 337, "id": 65430, "priority_0": 0.0}, {"info": {"url": "https://farm1.staticflickr.com/563/22799623580_94640dbc8c.jpg", "url_m": "https://farm1.staticflickr.com/563/22799623580_94640dbc8c_m.jpg", "link": "https://www.flickr.com/photos/25459876@N04/22799623580", "url_b": "https://farm1.staticflickr.com/563/22799623580_94640dbc8c_b.jpg", "title": "AB.TC.C.84b"}, "n_answers": 3, "quorum": 0, "calibration": 0, "created": "2016-09-14T15:36:41.854400", "state": "completed", "project_id": 337, "id": 65431, "priority_0": 0.0}, {"info": {"url": "https://farm6.staticflickr.com/5723/22799623290_d51fcd15fa.jpg", "url_m": "https://farm6.staticflickr.com/5723/22799623290_d51fcd15fa_m.jpg", "link": "https://www.flickr.com/photos/25459876@N04/22799623290", "url_b": "https://farm6.staticflickr.com/5723/22799623290_d51fcd15fa_b.jpg", "title": "AB.TC.C.91"}, "n_answers": 3, "quorum": 0, "calibration": 0, "created": "2016-09-14T15:36:41.887533", "state": "completed", "project_id": 337, "id": 65432, "priority_0": 0.0}, {"info": {"url": "https://farm1.staticflickr.com/601/22366479223_dc2534d0b0.jpg", "url_m": "https://farm1.staticflickr.com/601/22366479223_dc2534d0b0_m.jpg", "link": "https://www.flickr.com/photos/25459876@N04/22366479223", "url_b": "https://farm1.staticflickr.com/601/22366479223_dc2534d0b0_b.jpg", "title": "AB.TC.C.94"}, "n_answers": 3, "quorum": 0, "calibration": 0, "created": "2016-09-14T15:36:41.921552", "state": "completed", "project_id": 337, "id": 65433, "priority_0": 0.0}]