[{"info": {"description": "Cemetery: Near house\nTomb: B.1\nXIInd or later.\nPlundered.\nXII?\nRectangular shaft. Plundered.\nChamber, square with rounded corners full of sand.\nLarge number of small mud Ushabtis\nRemains of fine painted stucco sarcophagus, on each side of the deceased before 4 gods. Also a boat, probably from the ends. Sarcoph. of Bek en Tahuti\nDrawing, Photos 5 & 6\nIvory fragment of wand (?) from the filling of the shaft.\nB.2. had a N. chamber plundered from B.1. The shaft descended further but not finished.", "reverseCard": "reverseCard", "comments": "", "discoveryDate": "Dec. 9th", "cardNumber": "", "excavatorName": "Muh. Awad."}, "user_id": 580, "task_id": 65466, "created": "2016-09-18T11:24:36.850744", "finish_time": "2016-09-18T11:24:36.850768", "calibration": null, "user_ip": null, "timeout": null, "project_id": 339, "id": 106493}, {"info": {"description": "Sarcophagus.\n[drawings]\nThese 2 join\nSee drawing", "reverseCard": "", "comments": "", "discoveryDate": "", "cardNumber": "", "excavatorName": ""}, "user_id": 580, "task_id": 65467, "created": "2016-09-18T11:25:17.634127", "finish_time": "2016-09-18T11:25:17.634151", "calibration": null, "user_ip": null, "timeout": null, "project_id": 339, "id": 106494}, {"info": {"description": "Cemetery: B, near house\nTomb: B.2.\nRectangular shaft. Chamber broken up from the side of B.1. & quite empty\n[plan]", "reverseCard": "", "comments": "", "discoveryDate": "Dec.", "cardNumber": "", "excavatorName": "Muhammed 'Awad"}, "user_id": 580, "task_id": 65468, "created": "2016-09-18T11:26:17.949957", "finish_time": "2016-09-18T11:26:17.949983", "calibration": null, "user_ip": null, "timeout": null, "project_id": 339, "id": 106495}, {"info": {"description": "Cemetery: B, near house\nTomb: B.3.\nPlundered\nRectangular shaft with a chamber to the north near the top.\nTwo vases, a third broken & a piece of bl. glaze inlay from the chamber.\n[drawings]", "reverseCard": "", "comments": "", "discoveryDate": "Dec. 15th", "cardNumber": "", "excavatorName": "Muhammed 'Awad"}, "user_id": 580, "task_id": 65469, "created": "2016-09-18T11:27:47.907619", "finish_time": "2016-09-18T11:27:47.907643", "calibration": null, "user_ip": null, "timeout": null, "project_id": 339, "id": 106496}, {"info": {"description": "Cemetery: B, near house\nTomb: B.4.\nRectangular shaft, two chambers not v. deep, both empty & half filled with sand.", "reverseCard": "", "comments": "", "discoveryDate": "Dec. 26th", "cardNumber": "", "excavatorName": "Ahmed 'Ali Yunis"}, "user_id": 580, "task_id": 65470, "created": "2016-09-18T11:28:48.759760", "finish_time": "2016-09-18T11:28:48.759788", "calibration": null, "user_ip": null, "timeout": null, "project_id": 339, "id": 106497}, {"info": {"description": "Cemetery: B\nTomb: B.5.\nRectangular shaft, two chambers\nTwo stele fragts. above.\nAnother stele fragment.\nN. chamber\n2 glass beads\nbl. gl. amulet.", "reverseCard": "", "comments": "", "discoveryDate": "Dec. 27th", "cardNumber": "", "excavatorName": "Ahmed 'Ali Yunis"}, "user_id": 580, "task_id": 65471, "created": "2016-09-18T11:30:19.666730", "finish_time": "2016-09-18T11:30:19.666755", "calibration": null, "user_ip": null, "timeout": null, "project_id": 339, "id": 106498}, {"info": {"description": "Cemetery: B\nTomb: B.6.\nTurba, badly disturbed, bones all removed.\nPear shaped glass beads\nBl. gl. beads\nShell beads\nCarnel. beads (2)\nSilver (?) ear-ring.", "reverseCard": "", "comments": "", "discoveryDate": "Jan 1st", "cardNumber": "", "excavatorName": "Ahmed 'Ali Yunis"}, "user_id": 580, "task_id": 65472, "created": "2016-09-18T11:31:57.400873", "finish_time": "2016-09-18T11:31:57.400898", "calibration": null, "user_ip": null, "timeout": null, "project_id": 339, "id": 106499}, {"info": {"description": "Cemetery: Near the house\nTomb: B.10.\nPlundered.\nApparently a single barrel-vaulted chamber, gebel floor. [See over] The burials badly disturbed, 5 skulls found, one mummified.\nSmall fragt. of papyrus, small plain wooden hawk with flat base, fragt. of larger one of painted stucco. \nOne large biconical carnelian bead & numerous smaller beads\nTwo small pendants of dark green stone viz. [drawing] broken, & [drawing] scaraboid\nA few fragments of sarcophagus, broken Ushabtis etc & a piece of worked limestone from the rubbish above & near the vault.\nDrawing of hieroglyphs fragments.", "reverseCard": "reverseCard", "comments": "", "discoveryDate": "Dec. 9th", "cardNumber": "", "excavatorName": "Seyid abu Sel"}, "user_id": 580, "task_id": 65473, "created": "2016-09-18T11:39:09.957110", "finish_time": "2016-09-18T11:39:09.957139", "calibration": null, "user_ip": null, "timeout": null, "project_id": 339, "id": 106502}, {"info": {"description": "Sarcoph. frags.\n[drawings]\nView of S end of vaulted chamber from inside, K is door. Inside measurements.\n[drawing]", "reverseCard": "", "comments": "", "discoveryDate": "", "cardNumber": "", "excavatorName": ""}, "user_id": 580, "task_id": 65474, "created": "2016-09-18T11:40:16.344491", "finish_time": "2016-09-18T11:40:16.344515", "calibration": null, "user_ip": null, "timeout": null, "project_id": 339, "id": 106503}, {"info": {"description": "Cemetery: Near house\nTomb: B.11.\nPlundered\nRectangular shaft. N.W - S.E\nIn shaft 2 vases [drawing], broken & Ushabti fragments; a few bits of a thin leather object.\nIn shaft were found later the horn (broken) & part of skull of a large animal, mummified animal limbs & human skulls.\nThere was a North chamber broken into from B.10. The shaft then descended further but there was no second chamber.\nHead of animal (? dog) in shaft. \nA paw prob. of this animal was found over B.10., & indeed the fillings of these two are very mixed.", "reverseCard": "reverseCard", "comments": "", "discoveryDate": "Dec. 10th '09", "cardNumber": "", "excavatorName": "Mohammed 'Awad"}, "user_id": 580, "task_id": 65475, "created": "2016-09-18T12:07:25.307503", "finish_time": "2016-09-18T12:07:25.307527", "calibration": null, "user_ip": null, "timeout": null, "project_id": 339, "id": 106512}, {"info": {"description": "Rectangular shapt plundered \nchamber,square with rounded corners \nfull of sand \nLarge number of small mud leshabhis  \nRemuis ", "reverseCard": "reverseCard", "comments": "", "discoveryDate": "december 9th ", "cardNumber": "B1", "excavatorName": "Muh awad Plundered "}, "user_id": null, "task_id": 65466, "created": "2016-09-18T15:55:47.933235", "finish_time": "2016-09-18T15:55:47.933259", "calibration": null, "user_ip": "82.243.185.130", "timeout": null, "project_id": 339, "id": 106556}, {"info": {"description": "Cemetery: Near House\nTomb: B 1 Plundered\nRectangular shaft. Plundered.\nChamber, square with rounded corners, full of sand.\nLarge number of small mud Ushabtis. Remains of fine painted stucco sarcophagus, on each side the deceased before 4 gods. Also a boat, probably from the ends. Sarcoph. of Bek en Tahuti.\nIvory fragment of wand(?) from the filling of the shaft.\nB.2 had a N chamber plundered from B.1. The shaft descended further but unfinished.\nDrawing. Photos 5 & 6.", "reverseCard": "reverseCard", "comments": "", "discoveryDate": "Dec. 9th", "cardNumber": "", "excavatorName": "Muh Awad"}, "user_id": 658, "task_id": 65466, "created": "2016-09-19T00:38:41.686181", "finish_time": "2016-09-19T00:38:41.686208", "calibration": null, "user_ip": null, "timeout": null, "project_id": 339, "id": 106571}, {"info": {"description": "Sarcophagus.\nThese 2 join. See drawing.", "reverseCard": "", "comments": "", "discoveryDate": "", "cardNumber": "", "excavatorName": ""}, "user_id": 658, "task_id": 65467, "created": "2016-09-19T00:39:09.316948", "finish_time": "2016-09-19T00:39:09.316973", "calibration": null, "user_ip": null, "timeout": null, "project_id": 339, "id": 106572}, {"info": {"description": "Cemetery: B, near house\nTomb: B.2\nRectangular shaft.\nChamber broken up from the side of B.1 & quite empty.", "reverseCard": "", "comments": "", "discoveryDate": "Dec.", "cardNumber": "", "excavatorName": "Muhammad 'Awad"}, "user_id": 658, "task_id": 65468, "created": "2016-09-19T00:40:10.152166", "finish_time": "2016-09-19T00:40:10.152189", "calibration": null, "user_ip": null, "timeout": null, "project_id": 339, "id": 106573}, {"info": {"description": "Cemetery: B, near house\nTomb: B.3\nRectangular shaft with a chamber to the north near the top.\nTwo vases, a third broken & a piece of bl. glaze inlay from the chamber.", "reverseCard": "", "comments": "", "discoveryDate": "Dec. 15th", "cardNumber": "", "excavatorName": "Muhammad 'Awad"}, "user_id": 658, "task_id": 65469, "created": "2016-09-19T00:41:46.225050", "finish_time": "2016-09-19T00:41:46.225074", "calibration": null, "user_ip": null, "timeout": null, "project_id": 339, "id": 106574}, {"info": {"description": "Cemetery: B, near house\nTomb: B.4\nRectangular shaft, two chambers not v. deep, both empty & half filled with sand.", "reverseCard": "", "comments": "", "discoveryDate": "Dec. 26th", "cardNumber": "", "excavatorName": "Ahmed 'Ali Yunis"}, "user_id": 658, "task_id": 65470, "created": "2016-09-19T00:43:21.364596", "finish_time": "2016-09-19T00:43:21.364619", "calibration": null, "user_ip": null, "timeout": null, "project_id": 339, "id": 106575}, {"info": {"description": "Cemetery: B\nTomb: B.5\nRectangular shaft, two chambers. Two stele fragt's above. Another Stele fragment.\n\nN. Chamber:\n2 glass beads\nbl. gl. amulet", "reverseCard": "", "comments": "", "discoveryDate": "Dec. 27th", "cardNumber": "", "excavatorName": "Ahmed 'Ali Yunis"}, "user_id": 658, "task_id": 65471, "created": "2016-09-19T00:45:10.981305", "finish_time": "2016-09-19T00:45:10.981329", "calibration": null, "user_ip": null, "timeout": null, "project_id": 339, "id": 106576}, {"info": {"description": "Cemetery: B\nTomb: B.6\nTurba, badly disturbed, bone all removed.\nPear shaped glass beads.\nBl. gl. beads\nShell beads\nCarnel. beads (2)\nSilver(?) earring.", "reverseCard": "", "comments": "", "discoveryDate": "Jan. 1st.", "cardNumber": "", "excavatorName": "Ahmer 'Ali Yunis"}, "user_id": 658, "task_id": 65472, "created": "2016-09-19T00:46:30.957640", "finish_time": "2016-09-19T00:46:30.957666", "calibration": null, "user_ip": null, "timeout": null, "project_id": 339, "id": 106577}, {"info": {"description": "Cemetery: near the house\nTomb: B.10\nApparently a single barrel-vaulted chamber, gebel floor [See over].\nTe burials badly disturbed, 5 skulls found, one mummified.\nSmall frag't. of papyrus, small plain wooden hawk with flat base, frag't of larger one of painted stucco.\nOne large biconical carnelian bead & numerous smaller beads. Two small pendants of dark green stone viz. broken & scaraboid.\nA few fragments of sarcophagus, broken Ushabti's etc. & a piece of worked limestone from the rubbish above & near the vault. Drawing of hieroglyph fragments.", "reverseCard": "", "comments": "", "discoveryDate": "Dec. 9th", "cardNumber": "", "excavatorName": "Seyid abu Sel"}, "user_id": 658, "task_id": 65473, "created": "2016-09-19T00:51:39.452614", "finish_time": "2016-09-19T00:51:39.452639", "calibration": null, "user_ip": null, "timeout": null, "project_id": 339, "id": 106578}, {"info": {"description": "Sarcoph. frag.\nView of S end of vaulted chamber from inside, K is door. Inside measurements.", "reverseCard": "", "comments": "", "discoveryDate": "", "cardNumber": "", "excavatorName": ""}, "user_id": 658, "task_id": 65474, "created": "2016-09-19T00:52:15.420475", "finish_time": "2016-09-19T00:52:15.420503", "calibration": null, "user_ip": null, "timeout": null, "project_id": 339, "id": 106579}, {"info": {"description": "Cemetery: near house\nTomb: B.11\nRectangular shaft. NW-SE.\nIn shaft 2 vases, broken & Ushabti fragments; a few bits of a thin leather object. In shaft were found later the horn (broken) & part of skull of a large animal. Mummified animal limbs & human skulls.\nThere was a North chamber broken into from B.10. The shaft then descended further but there was no second chamber.\nHead of animal (?dog) in shaft. A paw prob. of this animal was found over B.6, & indeed the fillings of these two are very two are very mixed.", "reverseCard": "", "comments": "", "discoveryDate": "Dec. 10th", "cardNumber": "", "excavatorName": "Mohammad 'Awad"}, "user_id": 658, "task_id": 65475, "created": "2016-09-19T00:57:49.295362", "finish_time": "2016-09-19T00:57:49.295390", "calibration": null, "user_ip": null, "timeout": null, "project_id": 339, "id": 106580}, {"info": {"description": "Cemetery: near house\nTomb: B.12\nRectangular shaft.\nIn top of shaft many vases & frag'ts.\na) 9 vases\nb) one vase & a second smaller\nc) 13 small limps of mud\nd) 7 large reddish vases\n\nLower down, at the entrance to & in South chamber was found the material given over page. The box was just inside chamber. \nChamber 250 x 120 x 134 (cm) deep.\nThree pots from the top of shaft.\n-black bands on pink; broken; & 1 small Ushabti.\n", "reverseCard": "", "comments": "", "discoveryDate": "Dec. 13th.", "cardNumber": "", "excavatorName": "Seyid abu Lel"}, "user_id": 658, "task_id": 65476, "created": "2016-09-19T01:01:01.812389", "finish_time": "2016-09-19T01:01:01.812413", "calibration": null, "user_ip": null, "timeout": null, "project_id": 339, "id": 106581}, {"info": {"description": "In & at entrace of S chamber:\na) large masses of pottery fragments.\nb) small dab of mud\nc) Box of ivory & wood inlaid in alternate rows on thick wood.\nd) Large alab. kohl pot 69 diam., blue gl. lid\ne) Small alab. kohl pot, lid to fit, height 45 mm\nf) Broken alab. kohl pot lid.\ng) Three v. large hollow bl. glaze beads.\nh) Green gl. scarab 16 mm long.\nj) V. small blue gl. Bes figure.\nk) A date stone\nl) Two bl. glaze beads\nm) Piece of wood, prob. end of mirror handle\nn) Wooden kohl-stick\no) Thick ivory bracelet\np) Fragments of leaves & 2 nuts\nq) Fragments of leather.\n", "reverseCard": "", "comments": "", "discoveryDate": "", "cardNumber": "", "excavatorName": ""}, "user_id": 658, "task_id": 65477, "created": "2016-09-19T01:17:52.996077", "finish_time": "2016-09-19T01:17:52.996100", "calibration": null, "user_ip": null, "timeout": null, "project_id": 339, "id": 106582}, {"info": {"description": "Cemetery: B\nTomb: B.12 (cont)\nr) 12 more vases\ns) 5 good red ware basins\nt) 4 pink ware dishes with white paint\nu) Stucco fragment (painted)\nv) Pieces of cloth\nw) 12 vases, small, red ware, two with black rims\nx) Two round wooden objects, probably legs for the box.", "reverseCard": "", "comments": "", "discoveryDate": "Dec. 18th.", "cardNumber": "", "excavatorName": "Seyid Abu Lel"}, "user_id": 658, "task_id": 65478, "created": "2016-09-19T01:20:46.011976", "finish_time": "2016-09-19T01:20:46.012000", "calibration": null, "user_ip": null, "timeout": null, "project_id": 339, "id": 106583}, {"info": {"description": "North Chamber 200 x  80 x 70 cm:\nTwo bodies, girl in coffin to West with 25 scarabs around her. Boy to East, skeleton badly disturbed, skull broken in corner. Two thigh bones of a man also. Large number of vases, in & outside chamber.\na) Twenty-five scarabs. 22 in chamber.\nb) Hollow bracelet of bronze.\nc) Piece of a horn.\nd) Alab. kohl vase & lid 61 mm high, in chamb.\ne) Alab. vase, 80 mm.\nf) Grey stone kohl vase 27 mm high.\nj) Small piece of lid for e).\nk) Vases of earthenware:\n    1. large vase, A\n     2. large [...] 13\n     18 type C\n      4 type D\n       2 smaller basins\n\n\n", "reverseCard": "", "comments": "", "discoveryDate": "", "cardNumber": "", "excavatorName": ""}, "user_id": 658, "task_id": 65479, "created": "2016-09-19T01:29:04.119171", "finish_time": "2016-09-19T01:29:04.119196", "calibration": null, "user_ip": null, "timeout": null, "project_id": 339, "id": 106584}, {"info": {"description": "Cemetery: B, near house\nTomb: B.13\nRectangular shaft beside B.12.\nTwo chambers to N, one to S.\nFrom just outside S chamber [B.13, c, mark]\na) Two large inscribed Ushabtis of stone  [Drawing of inscription]\nb) A yellow pebble.\nc) Frag't. of black pottery vase.\nd) Frag't. of sarcophagus.\nThe shaft decrease & there was a cutting in its east side just below the level of the lower chambers. (see over)\n[Several small vases in top of shaft, sic in all & two cakes of clay]\nMarked B.13.d.", "reverseCard": "", "comments": "", "discoveryDate": "Dec. 15th.", "cardNumber": "", "excavatorName": "Seyid abu Lel"}, "user_id": 658, "task_id": 65480, "created": "2016-09-19T01:56:25.788980", "finish_time": "2016-09-19T01:56:25.789005", "calibration": null, "user_ip": null, "timeout": null, "project_id": 339, "id": 106585}, {"info": {"description": "Yellow hieroglyphs on black ground.\nIn the east cutting a burial of a woman in a totally destroyed coffin of wood & painted stucco. Body on left side & extended [Objects B.13.a]\na) Alab. kohl vase & kohl sick under head.\nb) Bl. gl. scarab above left wrist.\nc) Alab. vase with scalloped top at left hand.\nd) Alab. vase at left ankle.\ne) Ear of stucco at head.\n\nIn the shaft just outside this burial, which was [...] with large bricks were found [B.13.b]:\na) White incised vase in fragments.\nb) Thin red ware bowl.\nc) Broken Kush of white clay.\nd) Fragments of rough vase with wavy line decoration.\ne) Pieces of 4 other vases.\nf) An inlaid eye, & 6 amethyst beads.", "reverseCard": "", "comments": "", "discoveryDate": "", "cardNumber": "", "excavatorName": ""}, "user_id": 658, "task_id": 65481, "created": "2016-09-19T02:01:32.348666", "finish_time": "2016-09-19T02:01:32.348694", "calibration": null, "user_ip": null, "timeout": null, "project_id": 339, "id": 106586}, {"info": {"description": "", "reverseCard": "", "comments": "", "discoveryDate": "Dec. 17thy.", "cardNumber": "", "excavatorName": "Seyid Abu Lel"}, "user_id": 658, "task_id": 65482, "created": "2016-09-19T02:02:09.158941", "finish_time": "2016-09-19T02:02:09.158971", "calibration": null, "user_ip": null, "timeout": null, "project_id": 339, "id": 106587}, {"info": {"description": "", "reverseCard": "", "comments": "Drawing of skeleton.", "discoveryDate": "", "cardNumber": "", "excavatorName": ""}, "user_id": 658, "task_id": 65483, "created": "2016-09-19T02:02:21.048208", "finish_time": "2016-09-19T02:02:21.048236", "calibration": null, "user_ip": null, "timeout": null, "project_id": 339, "id": 106588}, {"info": {"description": "Cemetery: B, near house\nTomb: B.13. cont.\nThe cave in East side extended north & contained a fine wooden coffin, now rotted. In this was a body with no furniture. The lid of the coffin had been raised by the plunderers.\n\nSouth Chamber:\nThis was entirely empty. See plan.\nOuter chamber: 225 x 165 x 102 deep.\nInner chamber: 210 x 80 x 95 deep.\nCanopic pit: 60 x 35 x 38\n& 55 cm from SE end of chamber.\nOver\n", "reverseCard": "", "comments": "", "discoveryDate": "Dec. 17th.", "cardNumber": "", "excavatorName": "Seyid abu Lel"}, "user_id": 658, "task_id": 65484, "created": "2016-09-19T02:06:57.491730", "finish_time": "2016-09-19T02:06:57.491753", "calibration": null, "user_ip": null, "timeout": null, "project_id": 339, "id": 106589}, {"info": {"description": "North Chamber:\n1. Upper: Two bowls of 13th. Dyn. type, one with red lattice pattern. Mark B.13.f.\nLarge granite arm.\n\n2. Lower: no finds.", "reverseCard": "", "comments": "", "discoveryDate": "", "cardNumber": "", "excavatorName": ""}, "user_id": 658, "task_id": 65485, "created": "2016-09-19T02:08:09.655548", "finish_time": "2016-09-19T02:08:09.655572", "calibration": null, "user_ip": null, "timeout": null, "project_id": 339, "id": 106590}, {"info": {"description": "Cemetery: B, near house\nTomb: B.14\nRectangular shaft NW of B.12 & about 5 m distant.\nTwp chambers N & S rather near top.\nThe filling gave long blue bl. beads.\nOutside S chamber & just at entrance:\na) Small piece of wood.\nb) Small bl. gl. Ushabti.\nc) Long bl. gl. beads.\n\nTwo chambers N & S much deeper, in N were:\na) two beads.\nb) Piece of transparent brown stone.\nc) Bl. gl. amulet.\nd) Piece of vase.\n", "reverseCard": "", "comments": "", "discoveryDate": "Dec. 20.", "cardNumber": "", "excavatorName": "Seyid Abu Lel"}, "user_id": 658, "task_id": 65486, "created": "2016-09-19T02:12:16.145702", "finish_time": "2016-09-19T02:12:16.145726", "calibration": null, "user_ip": null, "timeout": null, "project_id": 339, "id": 106591}, {"info": {"description": "Cemetery: near house\nTomb: B.15\nRectangular broad shaft, 2 chambers:\nIn the shaft, 2 alab. frag'ts., bl. gl. frag'ts.\nShell & Ushabti fragments.\nBroken painted vase type XVIVth.\n\nIn S Chamber:\na) frag'ts. of painted stucco sarcoph.\nb) Rough fragments of leather.\nc) Small vase, whitish colour.\n\nIn N chamber:\na) Black stone kohl vase & lid 55 mm.", "reverseCard": "", "comments": "", "discoveryDate": "Dec. 26th.", "cardNumber": "", "excavatorName": "Sajid Abu Lel"}, "user_id": 658, "task_id": 65487, "created": "2016-09-19T02:15:09.165615", "finish_time": "2016-09-19T02:15:09.165642", "calibration": null, "user_ip": null, "timeout": null, "project_id": 339, "id": 106592}, {"info": {"description": "Cemetery: B\nTomb: B.16\nRectangular shaft.\nCarnel. & bl. gl. beads in shaft.", "reverseCard": "", "comments": "", "discoveryDate": "Dec. 29th.", "cardNumber": "", "excavatorName": "Seyid Abu Lel"}, "user_id": 658, "task_id": 65488, "created": "2016-09-19T02:16:03.552090", "finish_time": "2016-09-19T02:16:03.552115", "calibration": null, "user_ip": null, "timeout": null, "project_id": 339, "id": 106593}, {"info": {"description": "Tomb: B.17\nRect. shaft south of B.15.\nNorth chamber, broken [...], contained.\na) Alab. kohl vase, broken & re[...] with new lid.\nb) Ivory dagger handle.\nc) Bronze needle, broken.\nd) Two silver earrings.\ne) Shells, beads, frag'ts. of wood.\nf) Disc of alab.\ng) Fragment of schist.\nh) White shell beads.\ni) Frag't. of alab. kohl vase.\nk) Ushabti fragments.\nl) Two red vases.\n                             OVER\n", "reverseCard": "", "comments": "", "discoveryDate": "Dec. 30", "cardNumber": "", "excavatorName": ""}, "user_id": 658, "task_id": 65489, "created": "2016-09-19T02:21:05.132106", "finish_time": "2016-09-19T02:21:05.132128", "calibration": null, "user_ip": null, "timeout": null, "project_id": 339, "id": 106594}, {"info": {"description": "In the floor of the N chamber lay a female body in sarcophagus of wood. Hair long, supine, few carnel. & bl. gl. beads.\nOutside chamber in shaft lay a coffin with lid beside it. Plundered, bones disturbed, female(?), no furniture.", "reverseCard": "", "comments": "", "discoveryDate": "", "cardNumber": "", "excavatorName": ""}, "user_id": 658, "task_id": 65490, "created": "2016-09-19T02:22:42.118593", "finish_time": "2016-09-19T02:22:42.118624", "calibration": null, "user_ip": null, "timeout": null, "project_id": 339, "id": 106595}, {"info": {"description": "Tomb: B.20\nTurba N & S;  2.5 x 1 x 2.90\n", "reverseCard": "", "comments": "Writing is very jumbled and difficult to read.", "discoveryDate": "Mar. 29", "cardNumber": "", "excavatorName": "Mohammed"}, "user_id": 658, "task_id": 65491, "created": "2016-09-19T02:24:59.017808", "finish_time": "2016-09-19T02:24:59.017832", "calibration": null, "user_ip": null, "timeout": null, "project_id": 339, "id": 106597}, {"info": {"description": "Cemetery: B\nTomb: B.21.\nRectangular shaft, two chambers.                        Drawn.\nFrag't. of stele in shaft.\nSecond fragment in shaft.\nLarge red vase in shaft.                                    ", "reverseCard": "", "comments": "", "discoveryDate": "Dec. 29th.", "cardNumber": "", "excavatorName": "Mohammad 'Awad"}, "user_id": 658, "task_id": 65492, "created": "2016-09-19T02:26:15.183647", "finish_time": "2016-09-19T02:26:15.183671", "calibration": null, "user_ip": null, "timeout": null, "project_id": 339, "id": 106598}, {"info": {"description": "Cemetery: near house\nTomb: B.22  Plundered.\nRectangular shaft.\nChamber off S end.\nCanopic box, painted stucco badly ruined (A)\nSarcophagus (B), only a few traces left.\nPlundered.\nOrientation NW by N - SE by S\n\nCanopic box. [drawing]\n", "reverseCard": "", "comments": "", "discoveryDate": "Dec. 9th.", "cardNumber": "", "excavatorName": "Ahmed Sirhan"}, "user_id": 658, "task_id": 65493, "created": "2016-09-19T02:28:37.060482", "finish_time": "2016-09-19T02:28:37.060506", "calibration": null, "user_ip": null, "timeout": null, "project_id": 339, "id": 106599}, {"info": {"description": "Further down were 2 chambers N & S.\nThe N contained only fragments of a wooden sarcophagus, blue hieroglyphs, see drawing. The S collapsed during work & had to be abandoned as dangerous.", "reverseCard": "", "comments": "", "discoveryDate": "", "cardNumber": "", "excavatorName": ""}, "user_id": 658, "task_id": 65494, "created": "2016-09-19T02:30:54.372747", "finish_time": "2016-09-19T02:30:54.372771", "calibration": null, "user_ip": null, "timeout": null, "project_id": 339, "id": 106600}, {"info": {"description": "Cemetery: near house\nTomb: B.23\nRectangular shaft.\nFrag't. of small fine marble(?) white vase in the filling, also small vase.", "reverseCard": "", "comments": "", "discoveryDate": "Dec. 12th.", "cardNumber": "", "excavatorName": "Ahmed Sirhan"}, "user_id": 658, "task_id": 65495, "created": "2016-09-19T02:31:59.902634", "finish_time": "2016-09-19T02:31:59.902659", "calibration": null, "user_ip": null, "timeout": null, "project_id": 339, "id": 106601}, {"info": {"description": "Cemetery: Near house\nTomb: B.12.\nRectangular shaft.\nIn top of shaft many vases & fragts.\n(a) 9 vases [drawing]\n(b) one vase [drawing] & a second smaller\n(c) 13 small lumps of mud\n(d) 7 Large reddish vases [drawing]\nLower room, at the entrance to & in South chamber was found the material given over page. The box was just inside chamber. Chamber 250 x 120 x 134 (cm) deep\nThree pots from the top of shaft.\n[drawings] black bands on pink; [drawing] broken & 1 small Ushabti\n[plan]", "reverseCard": "reverseCard", "comments": "", "discoveryDate": "Dec. 13th", "cardNumber": "", "excavatorName": "S\u00eayid aln L\u00eal"}, "user_id": 580, "task_id": 65476, "created": "2016-09-19T08:58:40.708506", "finish_time": "2016-09-19T08:58:40.708529", "calibration": null, "user_ip": null, "timeout": null, "project_id": 339, "id": 106636}, {"info": {"description": "In & at entrance of S. chamber.\n(a) Large masses of pottery fragments.\n(b) Small dabs of mud\n(c) Box of ivory & wood inlaid in alternate rows on thick wood\n(d) Large alab. kohl pot 69 diam., blue glaze lid\n(e) Small alab. kohl pot, lid to fit, height 45 mm\n(f) Broken alab. kohl pot lid\n(g) Three v. large hollow bl. glaze beads\n(h) Green gl. scarab 16 mm. long [drawing]\n(i) V. small blue gl. Bes figure\n(k) A date stone\n(l) Two bl. glaze beads\n(m) Piece of wood, prob. end of mirror handle\n(n) Wooden kohl-stick\n(o) Thick ivory bracelet\n(p) Fragments of leaves & 2 nuts\n(q) Fragments of leather.", "reverseCard": "", "comments": "", "discoveryDate": "", "cardNumber": "", "excavatorName": ""}, "user_id": 580, "task_id": 65477, "created": "2016-09-19T09:03:32.902923", "finish_time": "2016-09-19T09:03:32.902949", "calibration": null, "user_ip": null, "timeout": null, "project_id": 339, "id": 106640}, {"info": {"description": "Cemetery: B\nTomb: B.12. (cont)\n(r) 12 more vases [drawing]\n(s) 5 good red ware basins\n(t) 4 pink ware dishes with white paint\n(u) Stucco fragment (painted)\n(v) Pieces of cloth\n(w) 12 vases [drawing], small, red ware, two with black rim\n(x) Two round wooden objects, probably legs for the box.", "reverseCard": "", "comments": "", "discoveryDate": "Dec. 18th", "cardNumber": "", "excavatorName": "Seyid Aln L\u00eal"}, "user_id": 580, "task_id": 65478, "created": "2016-09-19T09:06:20.547235", "finish_time": "2016-09-19T09:06:20.547259", "calibration": null, "user_ip": null, "timeout": null, "project_id": 339, "id": 106643}, {"info": {"description": "North Chamber 200 x 80 x 70 cm.\nTwo bodies, girl in coffin to West with 25 scarabs around her. Boy to East, skeleton badly disturbed, skull broken in corner. Two thigh bones of a man also. Large number of vases, in & outside chamber\n(a) Twenty five scarabs, 22 in chamber\n(b) Hollow bracelet of bronze\n(c) Piece of a horn\n(d) Alab. kohl vase & lid 61 mm. high, in chamb.\n(e) Alab. vase [drawing] 80 mm.\n(f) Grey stone kohl vase 27 mm. high.\n(j) Small piece of lid for (c)\n(k) Vases of earthenware [drawings] : 1 large vase, A; 2 large bowls B; 18 type C; 4 type D; 2 smaller basins", "reverseCard": "", "comments": "", "discoveryDate": "", "cardNumber": "", "excavatorName": ""}, "user_id": 580, "task_id": 65479, "created": "2016-09-19T09:11:21.166582", "finish_time": "2016-09-19T09:11:21.166606", "calibration": null, "user_ip": null, "timeout": null, "project_id": 339, "id": 106645}, {"info": {"description": "Cemetery: B, near house\nTomb: B.13.\nPlundered\nReectangular shaft beside B.12. Two chambers to N. one to S.\nFrom just outside S. chamber [B.13.c, mark]\n(a) Two large inscribed Ushabtis of stone [Drawing of inscription.]\n(b) A yellow pebble\n(c) Fragt. of black pottery vase\n(d) Fragt. of sarcophagus. [D. over]\nThe shaft descended & there was a cutting in its east side just below the level of the lower chambers. (see over)\n[Several small vases in top of shaft, six in all & two cakes of clay [drawings] marked B.13.d", "reverseCard": "", "comments": "", "discoveryDate": "Dec. 15th", "cardNumber": "", "excavatorName": "Seyid abu L\u00eal"}, "user_id": 580, "task_id": 65480, "created": "2016-09-19T09:15:55.273781", "finish_time": "2016-09-19T09:15:55.273804", "calibration": null, "user_ip": null, "timeout": null, "project_id": 339, "id": 106648}, {"info": {"description": "[drawing] yellow hieroglyphs on black ground.\nIn the East cutting a burial of a woman in a totally destroyed coffin of wood & painted stucco. Body on left side & extended. [Objects B.13.a]\n(a) Alab. kohl vase & kohl stick under head\n(b) Bl. glaze scarab above left wrist\n(c) alab. vase with scalopped top at left hand\n(d) Alab. vase at left ankle.\n(e) Ear of stucco at head.\nIn the shaft just outside this burial, which was closed with large bricks were found [B.13.b]\n(a) White incised vase in fragments\n(b) Thin red ware bowl.\n(c) Broken flask of white clay\n(d) Fragments of rough vase with wavy line decoration\n(e) Pieces of 4 other vases.\n(f) An inlaid eye, & Amethyst beads.", "reverseCard": "", "comments": "", "discoveryDate": "", "cardNumber": "", "excavatorName": ""}, "user_id": 580, "task_id": 65481, "created": "2016-09-19T09:21:27.333812", "finish_time": "2016-09-19T09:21:27.333836", "calibration": null, "user_ip": null, "timeout": null, "project_id": 339, "id": 106650}, {"info": {"description": "Cemetery: B, near house\nTomb: B.13. cont.\nThe 'cave' in East side extended north & contained a fine wooden coffin, now rather rotted. In this was a body with no furniture. The lid of the coffin had been raised by the plunderers.\nSee over.", "reverseCard": "", "comments": "", "discoveryDate": "Dec. 17th", "cardNumber": "", "excavatorName": "Seyid Abu L\u00eal"}, "user_id": 580, "task_id": 65482, "created": "2016-09-19T09:23:39.658860", "finish_time": "2016-09-19T09:23:39.658888", "calibration": null, "user_ip": null, "timeout": null, "project_id": 339, "id": 106652}, {"info": {"description": "[drawing]", "reverseCard": "", "comments": "", "discoveryDate": "", "cardNumber": "", "excavatorName": ""}, "user_id": 580, "task_id": 65483, "created": "2016-09-19T09:23:46.839393", "finish_time": "2016-09-19T09:23:46.839414", "calibration": null, "user_ip": null, "timeout": null, "project_id": 339, "id": 106653}, {"info": {"description": "Cemetery: B, near house\nTomb: B.13. cont.\nThe cave in East side extended north & contained a fine wooden coffin, now rotted. In this was a body with no furniture. The lid of the coffin had been raised by the plunderers.\nSouth Chamber\nThis was entirely empty. See plan. Outer chamber 225 x 165 x 102 deep. Inner chamber 210 x 80 x 95 deep.\nCanopic pit 60 x 35 x 38 & 55 cm from S.E. end of chamber.\nOver\n[plan]", "reverseCard": "", "comments": "", "discoveryDate": "Dec. 17th", "cardNumber": "", "excavatorName": "Seyid abu L\u00eal"}, "user_id": 580, "task_id": 65484, "created": "2016-09-19T09:28:44.783291", "finish_time": "2016-09-19T09:28:44.783320", "calibration": null, "user_ip": null, "timeout": null, "project_id": 339, "id": 106656}, {"info": {"description": "North Chamber\n1. Upper. [plan] Two bowls of 13th Dyn. type, one with red lattice pattern. Mark B.13.f. Large granite arm.\n2. Lower. [plan] No finds.", "reverseCard": "", "comments": "", "discoveryDate": "", "cardNumber": "", "excavatorName": ""}, "user_id": 580, "task_id": 65485, "created": "2016-09-19T09:29:58.685483", "finish_time": "2016-09-19T09:29:58.685507", "calibration": null, "user_ip": null, "timeout": null, "project_id": 339, "id": 106658}, {"info": {"description": "", "reverseCard": "", "comments": "", "discoveryDate": "Dec. 30", "cardNumber": "", "excavatorName": "Seyid Abu L\u00eal"}, "user_id": 580, "task_id": 65486, "created": "2016-09-19T09:30:21.843722", "finish_time": "2016-09-19T09:30:21.843749", "calibration": null, "user_ip": null, "timeout": null, "project_id": 339, "id": 106660}, {"info": {"description": "Cemetery: Near house\nTomb: B.15.\nRectangular broad shaft, 2 chambers\nIn the shaft, 2 alab. fragts, bl. gl. fragt, Shell & Ushabti fragments. Broken painted vase type XVIIIth.\nIn S. chamber\n(a) fragts. of painted stucco sarcoph.\n(b) Roug fragments of leather\n(c) Small vase [drawing] whitish colour.\nIn N. chamber\n(a) Black stone kohl vase & lid, 55 mm.", "reverseCard": "", "comments": "", "discoveryDate": "Dec. 26th", "cardNumber": "", "excavatorName": "Seyid Abu L\u00eal"}, "user_id": 580, "task_id": 65487, "created": "2016-09-19T09:33:50.487240", "finish_time": "2016-09-19T09:33:50.487263", "calibration": null, "user_ip": null, "timeout": null, "project_id": 339, "id": 106662}, {"info": {"description": "Cemetery: B\nTomb: B.16.\nRectangualr Sshaft.\nCarnel. & bl. gl. beads in shaft.", "reverseCard": "", "comments": "", "discoveryDate": "Dec 29th", "cardNumber": "", "excavatorName": "Seyod Abu L\u00eal"}, "user_id": 580, "task_id": 65488, "created": "2016-09-19T09:34:40.578387", "finish_time": "2016-09-19T09:34:40.578417", "calibration": null, "user_ip": null, "timeout": null, "project_id": 339, "id": 106664}, {"info": {"description": "Tomb: B.17\nRect. shaft, south of B.15.\nNorth chamber, broken above, contained\n(a) Alab. kohl vase, broken & reused with new lid\n(b) Ivory dagger handle\n(c) Bronze needle broken\n(d) Two silver ear-rings\n(e) Shells, beads, fragts. of wood\n(f) Disc of alab.\n(g) Fragment of schist\n(h) White shell beads.\n(i) Fragt. of alab. kohl vase\n(k) Ushabti fragments.\n(l) Two red vases [drawing]\nOVER.", "reverseCard": "", "comments": "", "discoveryDate": "", "cardNumber": "Dec. 30.", "excavatorName": ""}, "user_id": 580, "task_id": 65489, "created": "2016-09-19T09:37:48.803811", "finish_time": "2016-09-19T09:37:48.803835", "calibration": null, "user_ip": null, "timeout": null, "project_id": 339, "id": 106667}, {"info": {"description": "On the floor of the N. chamber lay a female body in sarcophagus of wood. Hair long, supine, few carnel. & bl. gl. beads.\nOutside chamber in shaft lay a coffin with lid beside it. Plundered, bones disturbed, female (?), no furniture\n[plan]", "reverseCard": "", "comments": "", "discoveryDate": "", "cardNumber": "", "excavatorName": ""}, "user_id": 580, "task_id": 65490, "created": "2016-09-19T09:40:34.832381", "finish_time": "2016-09-19T09:40:34.832413", "calibration": null, "user_ip": null, "timeout": null, "project_id": 339, "id": 106670}, {"info": {"description": "[...] [...]\nB.20.\nTurba n 1 2.50 x 1 x 2.90.\nheratic demotic in [...]\ndish 9 food [drawing]\nlaid in pottery [...] no cover.", "reverseCard": "", "comments": "", "discoveryDate": "Jan 9", "cardNumber": "", "excavatorName": "Mohammed Awad"}, "user_id": 580, "task_id": 65491, "created": "2016-09-19T09:45:38.688725", "finish_time": "2016-09-19T09:45:38.688753", "calibration": null, "user_ip": null, "timeout": null, "project_id": 339, "id": 106674}, {"info": {"description": "Cemetery: B\nTomb: B.21.\nRectangular shaft, two chambers.\nFragt. of stele in shaft. Drawn\nSecond fragment in shaft. Drawn\nLarge red vase in shaft", "reverseCard": "", "comments": "", "discoveryDate": "Dec. 29th", "cardNumber": "", "excavatorName": "Mohammed 'Awad"}, "user_id": 580, "task_id": 65492, "created": "2016-09-19T09:47:10.189733", "finish_time": "2016-09-19T09:47:10.189761", "calibration": null, "user_ip": null, "timeout": null, "project_id": 339, "id": 106675}, {"info": {"description": "Cemetery: near house\nTomb: B.22\nPlundered.\nRectangular shaft. [plan]\nChamber off. S. end\n[plan]\nCanopic box, painted stucco badly ruined (A)\nSarcophagus (B), only a few traces left.\nPlundered.\nOrientation N.W. by N. - S.E. by S.\nCanopic box [drawing]", "reverseCard": "reverseCard", "comments": "", "discoveryDate": "Dec. 9th", "cardNumber": "", "excavatorName": "Ahmed Sirhan"}, "user_id": 580, "task_id": 65493, "created": "2016-09-19T10:03:21.050365", "finish_time": "2016-09-19T10:03:21.050390", "calibration": null, "user_ip": null, "timeout": null, "project_id": 339, "id": 106681}, {"info": {"description": "[drawing] \nl.h [drawing]\n[drawing] r. hand\nFurther down were 2 chambers N. & S.\nThe N. contained only fragments of a wooden sarcophagus, blue hieroglyphs see drawing.\nThe S. collapsed during work & had to be abandoned as dangerous.", "reverseCard": "", "comments": "", "discoveryDate": "", "cardNumber": "", "excavatorName": ""}, "user_id": 580, "task_id": 65494, "created": "2016-09-19T10:05:33.400862", "finish_time": "2016-09-19T10:05:33.400886", "calibration": null, "user_ip": null, "timeout": null, "project_id": 339, "id": 106682}, {"info": {"description": "Cemetery: near house\nTomb: B.23\nRectangular shaft. [plan]\nFragt. of small fine marble (?) white vase in the filling, also small vase", "reverseCard": "", "comments": "", "discoveryDate": "Dec. 12th.", "cardNumber": "", "excavatorName": "Ahmed Sirhan"}, "user_id": 580, "task_id": 65495, "created": "2016-09-19T10:07:14.400974", "finish_time": "2016-09-19T10:07:14.401005", "calibration": null, "user_ip": null, "timeout": null, "project_id": 339, "id": 106683}, {"info": {"description": "Sarcophagus.\nThese 2 join\nsee drawing", "reverseCard": "reverseCard", "comments": "This card is mostly drawings of sections of hieroglyphics assuming to be found on a sarcophagus.", "discoveryDate": "", "cardNumber": "", "excavatorName": ""}, "user_id": 1408, "task_id": 65467, "created": "2016-09-19T19:22:08.606651", "finish_time": "2016-09-19T19:22:08.606677", "calibration": null, "user_ip": null, "timeout": null, "project_id": 339, "id": 106825}, {"info": {"description": "Rectangular shaft chamber broken up from the side of B.1. and quite empty\n", "reverseCard": "", "comments": "Drawing of B.1 and B.2, with NW above B.1 and S.E below B.2", "discoveryDate": "December", "cardNumber": "", "excavatorName": "Muhammed 'Awad"}, "user_id": 1408, "task_id": 65468, "created": "2016-09-19T19:25:08.537155", "finish_time": "2016-09-19T19:25:08.537182", "calibration": null, "user_ip": null, "timeout": null, "project_id": 339, "id": 106826}, {"info": {"description": "Plundered\n\nRectangular shaft with a chamber to the north near the top. Two vases, [...] broken and a piece of be. glass inlay from the chamber. ", "reverseCard": "", "comments": "Drawings contained of pottery referenced", "discoveryDate": "Dec. 15th", "cardNumber": "", "excavatorName": "Muhammed 'Awad"}, "user_id": 1408, "task_id": 65469, "created": "2016-09-19T19:27:12.545255", "finish_time": "2016-09-19T19:27:12.545278", "calibration": null, "user_ip": null, "timeout": null, "project_id": 339, "id": 106827}, {"info": {"description": "Rectangular shaft, two chambers not v.deep, both empty and half filled with sand.", "reverseCard": "", "comments": "", "discoveryDate": "Dec. 26th", "cardNumber": "", "excavatorName": "Ahmed 'Ali Yanis (sp?)"}, "user_id": 1408, "task_id": 65470, "created": "2016-09-19T19:28:09.063944", "finish_time": "2016-09-19T19:28:09.063968", "calibration": null, "user_ip": null, "timeout": null, "project_id": 339, "id": 106828}, {"info": {"description": "Rectangular shaft, two chambers\nTwo stele [...] above\nAnother stele fragment\n\nN. chamber\n2 glass beads\nbl. gl. amulet.", "reverseCard": "", "comments": "", "discoveryDate": "Dec. 27th", "cardNumber": "", "excavatorName": "Ahmed 'Ali Yanis (sp?)"}, "user_id": 1408, "task_id": 65471, "created": "2016-09-19T19:29:21.486598", "finish_time": "2016-09-19T19:29:21.486622", "calibration": null, "user_ip": null, "timeout": null, "project_id": 339, "id": 106829}, {"info": {"description": "Tu[...], badly disturbed, bones all\nremoved.\nPear shaped glass beads\nBe. gl. beads\nShell beads\nCamel beads (2)\nSilver (?) ear-ring", "reverseCard": "", "comments": "", "discoveryDate": "Jan. 1st", "cardNumber": "", "excavatorName": "Ahmed 'Ali Yanis"}, "user_id": 1408, "task_id": 65472, "created": "2016-09-19T19:31:22.354598", "finish_time": "2016-09-19T19:31:22.354625", "calibration": null, "user_ip": null, "timeout": null, "project_id": 339, "id": 106830}, {"info": {"description": "Plundered\napparently a single barrel vaulted\nchamber, gebel floor (see over)\nthe burials badly disturbed, 5 skulls\nfound, one mummified\nSmall fig of papyrus, small plain\nwooden hawk with feat base, frag of \nlarger one of painted stucco\none large biconical carnelian bead &\nnumerious smaller beads\nTwo small pendants of dark green stone \nviz. broken & scaraboid\nA few fragments of sarcophagus, broken \nushabti's etc & a piece of worked limestone\nfrom the rubbish above & near the vault\n\nin margin: drawing of hieroglyph fragments \n", "reverseCard": "reverseCard", "comments": "", "discoveryDate": "9 December 1908 -9 -10", "cardNumber": "B. 10", "excavatorName": "Seyid Abu Lel"}, "user_id": 1401, "task_id": 65473, "created": "2016-09-20T08:01:17.512711", "finish_time": "2016-09-20T08:01:17.512735", "calibration": null, "user_ip": null, "timeout": null, "project_id": 339, "id": 106924}, {"info": {"description": "n/a", "reverseCard": "", "comments": "drawing \nView of S end of vaulted chamber from inside, K is door. Inside measurements", "discoveryDate": "n/a", "cardNumber": "n/a", "excavatorName": "n/a"}, "user_id": 1401, "task_id": 65474, "created": "2016-09-20T08:02:02.755422", "finish_time": "2016-09-20T08:02:02.755447", "calibration": null, "user_ip": null, "timeout": null, "project_id": 339, "id": 106927}, {"info": {"description": "Plundered \nRectangular shaft N.W - S.E\nin shaft 2 vases, broken & \nushabti fragmetns, a few [...] of\na thin leather object\nIn shaft were found later the h[...]\n(broken) & part of skull of a large animal \nmummified animal limbs & human \nskulls\nThere was a North chamber broken \ninto from B. 10. The shaft then descended\nfurther but there was no second \nchamber.\nHead of animal (?dog) in shaft\nA paw prob. of this animal was found \nover B. 10, & indeed the fillings of these \ntwo are very mixed.", "reverseCard": "", "comments": "", "discoveryDate": "10 December 1909 - 10", "cardNumber": "B. 11", "excavatorName": "Mohammed 'Awad"}, "user_id": 1401, "task_id": 65475, "created": "2016-09-20T08:05:15.633534", "finish_time": "2016-09-20T08:05:15.633559", "calibration": null, "user_ip": null, "timeout": null, "project_id": 339, "id": 106929}, {"info": {"description": "Rectangular shaft\nIn top of shaft many vases & fragts\na. 9 vases\nb. one vase & a second smaller\nc. 13 small lumps of mud\nd. 7 large reddish vases \nlower down, at the entrance to & in \nsouth chamber was found the \nmaterial given over page. The \nbox was just inside chamber. \nChamber 250 x 120 x 134 (cm) deep\nThese pots from the top of shaft \nblack bands on pink .... broken ... & 1 small ushabti", "reverseCard": "", "comments": "", "discoveryDate": "13 December 1909 - 10", "cardNumber": "B. 12", "excavatorName": "Seyid alm Lel"}, "user_id": 1401, "task_id": 65476, "created": "2016-09-20T08:17:02.769123", "finish_time": "2016-09-20T08:17:02.769147", "calibration": null, "user_ip": null, "timeout": null, "project_id": 339, "id": 106939}, {"info": {"description": "in & at entrance of S. chamber\na. large masses of pottery fragments\nb. small dabs of mud\nc. box of ivory & wood inlaid in alternate rows on thick wood\nd. large alab. kohl pot 6q diam, blue glaze lid\ne. small alab. kohl pot, lid to fit, height 45 mm\nf. broken alab. kohl pot lid\ng. three v. large hollow bl. glaze beads\nh. green gl. scarab 16 mm long\nj. v. small blue gl Bes figure\nk. A data stone\nl. two bl. glaze beads\nm. piece of wood, prob end of mirror handle\nn. wooden kohl - stick\no. thick ivory bracelet\np. fragments of leaves & 2 nuts\ng. fragments of leather ", "reverseCard": "", "comments": "", "discoveryDate": "n/a", "cardNumber": "n/a", "excavatorName": "n/a"}, "user_id": 1401, "task_id": 65477, "created": "2016-09-20T08:20:23.713694", "finish_time": "2016-09-20T08:20:23.713717", "calibration": null, "user_ip": null, "timeout": null, "project_id": 339, "id": 106941}, {"info": {"description": "r. 12 more vases\ns. 5 good red ware basins\nt. 4 pink ware dishes with white paint\nu. stucco fragment (painted)\nv. pieces of cloth\nw. 12 vases, small, red wine, two with black rim\nx. two round wooden objects, probably lid[...] for the box ", "reverseCard": "", "comments": "", "discoveryDate": "18th December 1909-10", "cardNumber": "B. 12 cont", "excavatorName": "Seyid Abu Lel"}, "user_id": 1401, "task_id": 65478, "created": "2016-09-20T08:22:28.952981", "finish_time": "2016-09-20T08:22:28.953003", "calibration": null, "user_ip": null, "timeout": null, "project_id": 339, "id": 106942}, {"info": {"description": "North chamber 200 x 80 x 70 xm\nTwo bodies, girl in coffin in to West with 25\nscarabs around her. Boy to East\nskeleton badly disturbed, skull broken in \ncorner. Two thigh bones of a man also.\nLarge number of vases, in & outside chamber \na. twenty five scarabs, 22 in chamber\nb. hollow bracelet of bronze \nc. piece of a horn\nd. alab. kohl vase & lid 61 mm high, in chamb.\ne. alab. vase 80 mm\nf. grey stone kohl vase 27 mm high\nj. small piece of lid fro e.\nk. vases of earthernware\n1 large vase, A\n2 large bowls B\n18 type C\n4 type D\n2 smaller basins ", "reverseCard": "", "comments": "", "discoveryDate": "n/a", "cardNumber": "n/a", "excavatorName": "n/a"}, "user_id": 1401, "task_id": 65479, "created": "2016-09-20T08:26:26.212992", "finish_time": "2016-09-20T08:26:26.213016", "calibration": null, "user_ip": null, "timeout": null, "project_id": 339, "id": 106944}, {"info": {"description": "Plundered.\nRectangular shaft beside B. 12\nTwo chambers to N. one to S.\nfrom just outside S. chamber (B.13. c, [...])\na. two large inscribed ushabtis of stone\nb. a yellow pebble\nc. fragt. of black pottery vase\nd. fragt. of sarcophagus\n[in margin text: drawings of inscription \nD. over]\nthe shaft descended & there was a \ncutting in its east side just below\nthe level of the lower chambers \n(see over)\n(Several small vases in top of shaft, \nsix in all & two cakes of clay)\nmarked B. 13. d ", "reverseCard": "", "comments": "", "discoveryDate": "15 December 1909 - 10", "cardNumber": "B. 13", "excavatorName": "Seyid Abu Lel"}, "user_id": 1401, "task_id": 65480, "created": "2016-09-20T08:29:57.862000", "finish_time": "2016-09-20T08:29:57.862024", "calibration": null, "user_ip": null, "timeout": null, "project_id": 339, "id": 106946}, {"info": {"description": "yellow hieroglyphs on black g[...]\nIn the east cutting a burial of a woman in\na totally destroyed coffin of wood & painted stucco\nBody on left & extended (objects B. 13. a)\na. alab. kohl vase & kohl stick under head\nb. bl. glaze scarab above left wrist\nc. alab. vase with scalopped top at left hand\nd. alab. vase at left ankle\ne. ear of stucco at head\nIn the shaft just outside this burial, which was\nclosed with large bricks were found (B. 13. b)\na. white incised vase in fragments\nb. thin red ware bowl\nc. broken flask[?] of white clay\nd. fragments of rough vase with wavy line decoration \ne. pieces of 4 other vases\nf. an inlaid eye, & 6 amethyst beads ", "reverseCard": "", "comments": "", "discoveryDate": "n/a", "cardNumber": "n/a", "excavatorName": "n/a"}, "user_id": 1401, "task_id": 65481, "created": "2016-09-20T08:34:12.692200", "finish_time": "2016-09-20T08:34:12.692224", "calibration": null, "user_ip": null, "timeout": null, "project_id": 339, "id": 106951}, {"info": {"description": "the 'cave' in East side extended north\n& contained a fine wooden coffin, now\nrather rotted. In this was a body with \nno furniture. The lid of the coffin had \nbeen raised by the plundered. \n\nsee over ", "reverseCard": "", "comments": "", "discoveryDate": "17 Decemeber 1909 - 10", "cardNumber": "B. 13 cont", "excavatorName": "Seyid Abu Lel"}, "user_id": 1401, "task_id": 65482, "created": "2016-09-20T08:35:27.531860", "finish_time": "2016-09-20T08:35:27.531884", "calibration": null, "user_ip": null, "timeout": null, "project_id": 339, "id": 106953}, {"info": {"description": "n/a", "reverseCard": "", "comments": "drawing of skelton", "discoveryDate": "n/a", "cardNumber": "n/a", "excavatorName": "n/a"}, "user_id": 1401, "task_id": 65483, "created": "2016-09-20T08:35:58.774338", "finish_time": "2016-09-20T08:35:58.774361", "calibration": null, "user_ip": null, "timeout": null, "project_id": 339, "id": 106954}, {"info": {"description": "The cave in East side extended north\n& contained a fine wooden coffin; now\nrotten. In this was a body with no\nfurniture. The lid of the coffin had been raised by the plunderers\n\nSouth chamber\nThis was entirely empty. See plan.\nOuter chamber 225 x 165 x 102 deep\nInner    \"           210 x 80 x 95\nCanopic pit 60 x 35 x 38\n& 55 cm from S.E end of chamber \nover ", "reverseCard": "", "comments": "", "discoveryDate": "17 Decemeber 1909 - 10", "cardNumber": "B. 13 cont", "excavatorName": "Seyid Abu Lel"}, "user_id": 1401, "task_id": 65484, "created": "2016-09-20T08:38:10.567919", "finish_time": "2016-09-20T08:38:10.567943", "calibration": null, "user_ip": null, "timeout": null, "project_id": 339, "id": 106956}, {"info": {"description": "North Chambers\n1. upper: two bowls of 13th Dynasty one with red lattice pattern\nmark B. 13 f \nLarge granite arm\n2. lower: no finds", "reverseCard": "", "comments": "", "discoveryDate": "n/a", "cardNumber": "n/a", "excavatorName": "n/a"}, "user_id": 1401, "task_id": 65485, "created": "2016-09-20T08:39:18.116156", "finish_time": "2016-09-20T08:39:18.116181", "calibration": null, "user_ip": null, "timeout": null, "project_id": 339, "id": 106958}, {"info": {"description": "Rectangular shaft N.W of B. 12\n& about 5m distant\nTwo chambers N & S rather near top\nThe filling gave long blue gl. beads\nOutside S. chamber & just at entrance\na. small piece of wood\nb. small k. gl. ushabti\nc. long bl. gl. beads\nTwo chambers N & S much deeper, in N were\na. two beads\nb. piece of transparent brown stone\nc. bl. gl. amulet\nd. piece of vase ", "reverseCard": "", "comments": "", "discoveryDate": "20 december 1909 - 10", "cardNumber": "B. 14", "excavatorName": "Seyid Abu Lel"}, "user_id": 1401, "task_id": 65486, "created": "2016-09-20T08:42:27.695995", "finish_time": "2016-09-20T08:42:27.696020", "calibration": null, "user_ip": null, "timeout": null, "project_id": 339, "id": 106960}, {"info": {"description": "Rectangular broad shaft, 2 chambers\nIn the shaft, 2 alab. fragts, k. gl. fragt\nshell & ushabti fragments\nbroken painted vase style XVIII\nIn S. chamber\na. fragts of painted stucco sarcoph\nb. rough fragments of leather\nc. small vase whitish colour\nIn N. chamber \na. black stone kohl vase & lid 55 mm ", "reverseCard": "", "comments": "", "discoveryDate": "26 December 1908-9", "cardNumber": "B. 15", "excavatorName": "Seyid Abu Lel"}, "user_id": 1401, "task_id": 65487, "created": "2016-09-20T08:44:14.995708", "finish_time": "2016-09-20T08:44:14.995738", "calibration": null, "user_ip": null, "timeout": null, "project_id": 339, "id": 106962}, {"info": {"description": "Rectangular shaft\nCarnel & bl. gl beads in shaft ", "reverseCard": "", "comments": "", "discoveryDate": "29 December 1909 - 10", "cardNumber": "B. 16", "excavatorName": "Seyid Abu Lel"}, "user_id": 1401, "task_id": 65488, "created": "2016-09-20T08:44:48.805344", "finish_time": "2016-09-20T08:44:48.805374", "calibration": null, "user_ip": null, "timeout": null, "project_id": 339, "id": 106963}, {"info": {"description": "Rect. shaft. south of B. 15\nNorth chamber broken above, contained\na. alab kohl vase, broken & re[...]\nwith new lid\nb. ivory dagger handle\nc. bronze needle broken\nd. two silver ear-rings\ne. shells, beads, fragts of wood\nf. disc of alab.\ng. fragment of schist\nh. white shell beads\nj. fragt. of alab kohl vase\nk. ushabti fragments\nl. two red vases \nOVER", "reverseCard": "", "comments": "", "discoveryDate": "30  December 1908-9", "cardNumber": "B. 17", "excavatorName": "n/a"}, "user_id": 1401, "task_id": 65489, "created": "2016-09-20T08:47:30.881575", "finish_time": "2016-09-20T08:47:30.881598", "calibration": null, "user_ip": null, "timeout": null, "project_id": 339, "id": 106964}, {"info": {"description": "In the floor of the N. chamber lay\na female body in sarcophagus of wood \nLain long, supine, few carnel & bl. gl. beads\nOutside chamber in shaft lay a coffin\nwith lid beside it. Plundered, bones disturbed, \nfemale (?), no furniture ", "reverseCard": "", "comments": "", "discoveryDate": "n/a", "cardNumber": "n/a", "excavatorName": "n/a"}, "user_id": 1401, "task_id": 65490, "created": "2016-09-20T08:48:48.455186", "finish_time": "2016-09-20T08:48:48.455208", "calibration": null, "user_ip": null, "timeout": null, "project_id": 339, "id": 106965}, {"info": {"description": "19 [...] [.] [.] 2.5 & 5 & 2.90\nfrag 11. ushabti [...]\nhieratic demotic in sah[...] \ndish q food\nlaid in pretty [...] [...] ", "reverseCard": "", "comments": "sorry very difficult to read ", "discoveryDate": "n/a", "cardNumber": "n/a", "excavatorName": "Mohammed 'Awad"}, "user_id": 1401, "task_id": 65491, "created": "2016-09-20T08:50:46.630828", "finish_time": "2016-09-20T08:50:46.630852", "calibration": null, "user_ip": null, "timeout": null, "project_id": 339, "id": 106966}, {"info": {"description": "Rectangular shaft, two chambers\nfragt. of stele in shaft       drawn\nsecond fragment \" \"            \"\nlarge red vase in shaft ", "reverseCard": "", "comments": "", "discoveryDate": "29 December 1909 - 10", "cardNumber": "B. 21", "excavatorName": "Mohammed 'Awad"}, "user_id": 1401, "task_id": 65492, "created": "2016-09-20T08:52:07.597652", "finish_time": "2016-09-20T08:52:07.597677", "calibration": null, "user_ip": null, "timeout": null, "project_id": 339, "id": 106967}, {"info": {"description": "Plundered\nrectangular shaft \nchamber off S. end\ncanopic box, painted stucco\nbadly ruined (A)\nsarcophagus (B), only a \nfew traces left\nPlundered \norientation N. W by N - S.E by S\ncanopic box \n[drawing of hieroglyphs]", "reverseCard": "reverseCard", "comments": "", "discoveryDate": "9 December 1909 - 10", "cardNumber": "B. 22", "excavatorName": "Ahmed Suilan"}, "user_id": 1401, "task_id": 65493, "created": "2016-09-20T08:56:44.497020", "finish_time": "2016-09-20T08:56:44.497044", "calibration": null, "user_ip": null, "timeout": null, "project_id": 339, "id": 106968}, {"info": {"description": "Further down were 2 chambers N & S\nthe N contained only fragments of a \nwooden sarcophagus, blue hieroglyphs see drawing\nthe S. collapsed during work & had to \nbe abandoned as dangerous ", "reverseCard": "", "comments": "", "discoveryDate": "n/a", "cardNumber": "n/a", "excavatorName": "n/a"}, "user_id": 1401, "task_id": 65494, "created": "2016-09-20T08:57:50.800284", "finish_time": "2016-09-20T08:57:50.800313", "calibration": null, "user_ip": null, "timeout": null, "project_id": 339, "id": 106969}, {"info": {"description": "Rectangular shaft \nFragt. of small fine marble (?) white vase\nin the filling, also small vase ", "reverseCard": "", "comments": "", "discoveryDate": "12 December 1909 - 10", "cardNumber": "B. 23", "excavatorName": "Ahmed Suilan"}, "user_id": 1401, "task_id": 65495, "created": "2016-09-20T08:58:35.192317", "finish_time": "2016-09-20T08:58:35.192342", "calibration": null, "user_ip": null, "timeout": null, "project_id": 339, "id": 106970}]