[{"info": {"description": "Cemetery: Near older Shuneh & west of it\nPlundered.\nDeep trench, next to the unfinished grave G.O. parallel to edge of Shuneh (older)\nIn the rad\u00eem, two vases [drawing] and a bl. glaze ear-ring\nno bones or sarcophagus found.\nPlundered.\nAlso a large fluted bl. glaze bead, in the rad\u00eem, & a third vase [drawing]", "reverseCard": "reverseCard", "comments": "", "discoveryDate": "Dec. 9th", "cardNumber": "G.1.", "excavatorName": "Sawaq 'Awad"}, "user_id": 580, "task_id": 66416, "created": "2016-09-21T07:37:35.718457", "finish_time": "2016-09-21T07:37:35.718481", "calibration": null, "user_ip": null, "timeout": null, "project_id": 343, "id": 107154}, {"info": {"description": "Cemetery: G.\nXVIII Dyn.\n1. 2 small white glass pendants [drawing] / Drawing D.1.\n2. 4 small green glass pendants [drawing] / Drawing D.1.\n3. 3 small green glass pendants [drawing] / Drawing D.1.\n4. 5 small green glass beads [drawing] / Drawing D.1.\n5. 2 small brown glass beads [drawing] / Drawing D.1.\n6. 2 small beads, glass, double [drawing] / Drawing D.1.\n7. Very rough broken lump of mud shaped like a vase [drawing] / Drawing D.1.\n", "reverseCard": "", "comments": "", "discoveryDate": "Nov. 13.", "cardNumber": "G.1.", "excavatorName": "Aleyu Suleyman."}, "user_id": 580, "task_id": 66417, "created": "2016-09-21T07:42:00.573026", "finish_time": "2016-09-21T07:42:00.573052", "calibration": null, "user_ip": null, "timeout": null, "project_id": 343, "id": 107155}, {"info": {"description": "Unplundered.\nAt the bottom of a rough pit in the desert a shallow trench in the gebel partially lined with brick and covered over with very large thick bricks (sundried.)\nIn this the body of a very small child (2 mos. old?) A few beads and pendants were found by sifting the sand.\n[plan]\nEdward R. Ayrton.", "reverseCard": "", "comments": "", "discoveryDate": "", "cardNumber": "", "excavatorName": ""}, "user_id": 580, "task_id": 66418, "created": "2016-09-21T07:44:32.604107", "finish_time": "2016-09-21T07:44:32.604130", "calibration": null, "user_ip": null, "timeout": null, "project_id": 343, "id": 107156}, {"info": {"description": "Cemetery: alongside old fort\nProbably plundered\nSarcophagus of cartonnage in narrow trench 190 x 55 cm.\nDepth 125 cm., S.E. x N.W. head N.W.\nSketched\nBody supine, legs rather apart, feet crossed\nAbove foot of sarcophagus 5 vases, one broken, all of type [drawing]", "reverseCard": "", "comments": "", "discoveryDate": "", "cardNumber": "G.2.", "excavatorName": "Sawaq Awad"}, "user_id": 580, "task_id": 66419, "created": "2016-09-21T07:47:21.675399", "finish_time": "2016-09-21T07:47:21.675422", "calibration": null, "user_ip": null, "timeout": null, "project_id": 343, "id": 107157}, {"info": {"description": "[plan]", "reverseCard": "", "comments": "", "discoveryDate": "", "cardNumber": "", "excavatorName": ""}, "user_id": 580, "task_id": 66420, "created": "2016-09-21T07:47:33.476892", "finish_time": "2016-09-21T07:47:33.476920", "calibration": null, "user_ip": null, "timeout": null, "project_id": 343, "id": 107158}, {"info": {"description": "Cemetery: G, near far end of Shuneh\nPlundered\nA shallow round trench, diam. abt. 2 metres. In eastern half a body badly broken & disturbed at 20 cm.\nNo furniture.\nThe western half contained grave G.4.", "reverseCard": "", "comments": "", "discoveryDate": "Dec. 10th 09", "cardNumber": "G.3", "excavatorName": "Sawaq 'Awad"}, "user_id": 580, "task_id": 66421, "created": "2016-09-21T07:49:14.319658", "finish_time": "2016-09-21T07:49:14.319682", "calibration": null, "user_ip": null, "timeout": null, "project_id": 343, "id": 107159}, {"info": {"description": "Cemetery: G, near far end of Shuneh\nProbably intact.\nNarrow trench grave 195 x 60 cm. depth 210 cm. Wooden coffin quite destroyed. Body nearly on left side with knees tucked up [drawing] Photo 3 & head wrenched upwards.\nNo furniture\nTrench N.W. - S.E head to N.W.\nTrench slightly undercut at head end.\n[plan]", "reverseCard": "", "comments": "", "discoveryDate": "Dec. 10th", "cardNumber": "G.4.", "excavatorName": "Sawaq Awad"}, "user_id": 580, "task_id": 66422, "created": "2016-09-21T07:51:50.004606", "finish_time": "2016-09-21T07:51:50.004630", "calibration": null, "user_ip": null, "timeout": null, "project_id": 343, "id": 107160}, {"info": {"description": "Cemetery: G. near far end of Shuneh\nIntact.\nNarrow trench 250 x 56 cm. N.W - S.E, head to N.W.\nSkeleton, adult, short, on left side fully stretched out.\nDouble string of small blue glaze beads on right wrist\nPhoto 4.", "reverseCard": "", "comments": "", "discoveryDate": "Dec. 10th", "cardNumber": "G.5.", "excavatorName": "Sawaq 'Awad"}, "user_id": 580, "task_id": 66423, "created": "2016-09-21T07:53:42.637785", "finish_time": "2016-09-21T07:53:42.637812", "calibration": null, "user_ip": null, "timeout": null, "project_id": 343, "id": 107161}, {"info": {"description": "Cemetery: near far end of Shuneh\nIntact\nShaft, long & narrow, no bricking. Chamber on north side with skeletin. Orientation N.N.W. - S.S.E., head to N.N.W. Body supine, head turned over to left. Female. Photo. 3\nFew carnelian beads & a metal amulet at throat [drawing].\nTwo strings of beads, one white, other bl. glaze over front & under back.", "reverseCard": "", "comments": "", "discoveryDate": "Dec. 11th", "cardNumber": "G.6.", "excavatorName": "Sawaq 'Awad"}, "user_id": 580, "task_id": 66424, "created": "2016-09-21T07:56:19.609279", "finish_time": "2016-09-21T07:56:19.609304", "calibration": null, "user_ip": null, "timeout": null, "project_id": 343, "id": 107162}, {"info": {"description": "[plan]", "reverseCard": "", "comments": "", "discoveryDate": "", "cardNumber": "", "excavatorName": ""}, "user_id": 580, "task_id": 66425, "created": "2016-09-21T07:56:28.178997", "finish_time": "2016-09-21T07:56:28.179021", "calibration": null, "user_ip": null, "timeout": null, "project_id": 343, "id": 107163}, {"info": {"description": "Cemetery: Near far end of Shuneh\nIntact.\nNarrow shaft, no brick facing, chamber off the N.W. end, containing perished sarcophagus.\nFemale body, supine with head to N.W. & face turned to West. No furniture. Hair long & plaited.", "reverseCard": "reverseCard", "comments": "", "discoveryDate": "Dec. 11th", "cardNumber": "G.7.", "excavatorName": "Sawaq 'Awad"}, "user_id": 580, "task_id": 66426, "created": "2016-09-21T08:15:35.714716", "finish_time": "2016-09-21T08:15:35.714741", "calibration": null, "user_ip": null, "timeout": null, "project_id": 343, "id": 107164}, {"info": {"description": "Deep trench, next to the unfinished grave G.O. parallel to edge of Shunch (older). In the radim, two vases and a bl. glaze ear-ring. No bones a saicephagus found. Plundered. Also a large flated be. glaze bead, in the radim, & a third vase.", "reverseCard": "reverseCard", "comments": "Some of the handwriting was difficult to decipher. I made my best possible judgement.", "discoveryDate": "Dec 9th", "cardNumber": "G.1.", "excavatorName": "Sawaq 'Awad"}, "user_id": 677, "task_id": 66416, "created": "2016-09-30T07:34:48.194983", "finish_time": "2016-09-30T07:34:48.195009", "calibration": null, "user_ip": null, "timeout": null, "project_id": 343, "id": 109455}, {"info": {"description": "2 small white glass pendants.\n4 small green glass pendants.\n3 small green glass pendants.\n5 small green glass beads.\n2 small brown glass beads.\n2 small beads, glass, double. Yellow. blue & white face.\nVery rough broken lump of mud 5 loped like a vase.", "reverseCard": "reverseCard", "comments": "Some of the handwriting was difficult to decipher. I made my best possible judgement.", "discoveryDate": "Nov. 13", "cardNumber": "XVIII Dyn.", "excavatorName": "Aliyu Juliyman."}, "user_id": 677, "task_id": 66417, "created": "2016-10-02T11:15:04.722036", "finish_time": "2016-10-02T11:15:04.722064", "calibration": null, "user_ip": null, "timeout": null, "project_id": 343, "id": 109940}, {"info": {"description": "Unplundered.\nAt the bottom of a rough pit in the decent a shallow trench in the gebel partially lined with brick and covered over with very large thick hichs (scandried.) In this the body of a very small child ( 2 mor. old?) A few beads and pendants were found by sifting the sand.\nEdward R. Ayrton", "reverseCard": "", "comments": "Some of the handwriting was difficult to decipher. I made my best possible judgement.", "discoveryDate": "", "cardNumber": "", "excavatorName": ""}, "user_id": 677, "task_id": 66418, "created": "2016-10-02T11:18:02.255080", "finish_time": "2016-10-02T11:18:02.255114", "calibration": null, "user_ip": null, "timeout": null, "project_id": 343, "id": 109941}, {"info": {"description": "Cemetery: near older Shumeh & west of it.\n\nDeep trench, next to the unfinished grave. G.O. parallel to edge of shumeh (older). In the radim, two vases and a bl. glaze earring. No bones, a sarcophagus found. Plundered. Also a large flattened bl. glaze bead, in the radim, & a third vase.\n", "reverseCard": "reverseCard", "comments": "", "discoveryDate": "Dec. 9th", "cardNumber": "G.1", "excavatorName": "Sawaq 'Awad"}, "user_id": 658, "task_id": 66416, "created": "2016-10-02T19:05:41.718747", "finish_time": "2016-10-02T19:05:41.718778", "calibration": null, "user_ip": null, "timeout": null, "project_id": 343, "id": 110086}, {"info": {"description": "1. 2 small white glass pendants.           D1\n2. 4 small green glass pendants.           D1\n3. 3 small green glass pendants.           D1\n4. 5 small green glass beads.                D1\n5. 2 small brown glass beads.               D1\n6. 2 small beads, glass, double. Yellow, blue & white face.              D1\n7. Very rough broken lump of mud shaped like a vase.                    D1\n", "reverseCard": "", "comments": "", "discoveryDate": "Nov. 13", "cardNumber": "G.1", "excavatorName": "Abyu Suleyman"}, "user_id": 658, "task_id": 66417, "created": "2016-10-02T19:08:26.458880", "finish_time": "2016-10-02T19:08:26.458905", "calibration": null, "user_ip": null, "timeout": null, "project_id": 343, "id": 110087}, {"info": {"description": "Unplundered.\nAt the bottom of a rough pit in the desert a shallow trench in the gebel partially lined with brick and covered over the very large thick bricks (sundried).\nIn this the body of a very small child ( 2 mos. old?). A few beads and pendants were found by sifting the sand.", "reverseCard": "", "comments": "", "discoveryDate": "", "cardNumber": "", "excavatorName": ""}, "user_id": 658, "task_id": 66418, "created": "2016-10-02T19:10:07.798572", "finish_time": "2016-10-02T19:10:07.798595", "calibration": null, "user_ip": null, "timeout": null, "project_id": 343, "id": 110088}, {"info": {"description": "Probably plundered.\nSarcophagus of cartonnage in narrow trench: 190 x 55 cm. Depth 125 cm, SE x NW, head NW.\nBody supine, legs rather apart, feet crossed. Above foot of sarcophagus 5 vases, one broken, all of type [drawing].", "reverseCard": "", "comments": "", "discoveryDate": "", "cardNumber": "G.2", "excavatorName": "Sawaq 'Awad"}, "user_id": 658, "task_id": 66419, "created": "2016-10-02T19:12:20.230047", "finish_time": "2016-10-02T19:12:20.230076", "calibration": null, "user_ip": null, "timeout": null, "project_id": 343, "id": 110089}, {"info": {"description": "", "reverseCard": "", "comments": "Drawing of body in sarcophagus.", "discoveryDate": "", "cardNumber": "", "excavatorName": ""}, "user_id": 658, "task_id": 66420, "created": "2016-10-02T19:12:36.218887", "finish_time": "2016-10-02T19:12:36.218910", "calibration": null, "user_ip": null, "timeout": null, "project_id": 343, "id": 110090}, {"info": {"description": "G, near far end of Shumeh.\nPlundered.\n\nA shallow round trench, diam. abt. 2 meters. In the eastern half a body, badly broken & disturbed at 20 cm. No furniture.\nThe western half contained grave G.4.", "reverseCard": "", "comments": "", "discoveryDate": "Dec. 10th. 1909", "cardNumber": "G.3", "excavatorName": "Sawaq 'Awad"}, "user_id": 658, "task_id": 66421, "created": "2016-10-02T19:14:40.030455", "finish_time": "2016-10-02T19:14:40.030478", "calibration": null, "user_ip": null, "timeout": null, "project_id": 343, "id": 110091}, {"info": {"description": "Probably intact.\n\nNarrow trench grave, 195 x 60 cm. Depth 210 cm. Wooden coffin, quite destroyed. Body nearly on left side with knees tucked up & head wrenched upwards.\nNo furniture.\nTrench NW-SE, head to NW.\nTrench slightly undercut at head end.\n                                                Photo 3.", "reverseCard": "", "comments": "", "discoveryDate": "Dec. 10th", "cardNumber": "G.4", "excavatorName": "Sawaq 'Awad"}, "user_id": 658, "task_id": 66422, "created": "2016-10-02T19:16:56.104285", "finish_time": "2016-10-02T19:16:56.104307", "calibration": null, "user_ip": null, "timeout": null, "project_id": 343, "id": 110092}, {"info": {"description": "Intact.\n\nNarrow trench: 250 x 56 cm.\nNW-SE, head to NW. Skeleton, adult, short, on left side, fully stretched out.\nDouble string of small blue glaze beads on right wrist.\n                                                                                               Photo 4.", "reverseCard": "", "comments": "", "discoveryDate": "Dec. 10th", "cardNumber": "G.5", "excavatorName": "Sawaq 'Awad"}, "user_id": 658, "task_id": 66423, "created": "2016-10-02T19:26:34.380271", "finish_time": "2016-10-02T19:26:34.380296", "calibration": null, "user_ip": null, "timeout": null, "project_id": 343, "id": 110093}, {"info": {"description": "Intact.\n\nShaft, long & narrow, no bricking. Chamber on north side with skeleton. Orientation NNW-SSE, head to NNW. Body supine, head turned over to left. Female.\nFew carnelian beads & a metal amulet at throat.\nTwo strings of beads, one white, other bl. glaze over front & under back.\n\nPhoto 3.", "reverseCard": "", "comments": "", "discoveryDate": "Dec. 11th", "cardNumber": "G.6", "excavatorName": "Sawaq 'Awad"}, "user_id": 658, "task_id": 66424, "created": "2016-10-02T19:29:02.254207", "finish_time": "2016-10-02T19:29:02.254232", "calibration": null, "user_ip": null, "timeout": null, "project_id": 343, "id": 110094}, {"info": {"description": "", "reverseCard": "", "comments": "Drawing of skeleton.", "discoveryDate": "", "cardNumber": "", "excavatorName": ""}, "user_id": 658, "task_id": 66425, "created": "2016-10-02T19:29:20.983908", "finish_time": "2016-10-02T19:29:20.983934", "calibration": null, "user_ip": null, "timeout": null, "project_id": 343, "id": 110095}, {"info": {"description": "Intact.\n\nNarrow shaft, no brick facing, chamber off the NW end, containing perished sarcophagus.\nFemale body, supine with head to NW & face turned to west. No furniture. Hair long & plaited.\n", "reverseCard": "", "comments": "", "discoveryDate": "Dec. 11th", "cardNumber": "G.7", "excavatorName": "Sawaq 'Awad"}, "user_id": 658, "task_id": 66426, "created": "2016-10-02T19:31:42.987711", "finish_time": "2016-10-02T19:31:42.987736", "calibration": null, "user_ip": null, "timeout": null, "project_id": 343, "id": 110096}, {"info": {"description": "Probably plundered. \nAloy side old fort. Sarecphajus of cactonnage in narrow trench 190 x 55 cm. Depth 125cm. SE x NW head NW. Body supine, legs rather apart crossed above feet of sarciphajus 5 vases. One broken, ale of type. ", "reverseCard": "reverseCard", "comments": "Some of the handwriting was difficult to decipher. I made my best possible judgement. ", "discoveryDate": "", "cardNumber": "G.2. ", "excavatorName": "Saiong Awad"}, "user_id": 677, "task_id": 66419, "created": "2016-10-04T06:47:54.598227", "finish_time": "2016-10-04T06:47:54.598250", "calibration": null, "user_ip": null, "timeout": null, "project_id": 343, "id": 110403}, {"info": {"description": "", "reverseCard": "", "comments": "Blank page.", "discoveryDate": "", "cardNumber": "", "excavatorName": ""}, "user_id": 677, "task_id": 66420, "created": "2016-10-04T06:48:07.765618", "finish_time": "2016-10-04T06:48:07.765641", "calibration": null, "user_ip": null, "timeout": null, "project_id": 343, "id": 110404}, {"info": {"description": "G, near far end of Shuneh.\nPlundered.\nA shallow round trench, diam. alt. 2 metres. In the eastern half a body badly broken & disturbed at 20 cm. No twiniture. The western half contained grave G.4. ", "reverseCard": "", "comments": "Some of the handwriting was difficult to decipher. I made my best possible judgement. ", "discoveryDate": "Dec. 10th. 09.", "cardNumber": "G.3", "excavatorName": "Sawaq 'Awad"}, "user_id": 677, "task_id": 66421, "created": "2016-10-04T06:50:31.844478", "finish_time": "2016-10-04T06:50:31.844501", "calibration": null, "user_ip": null, "timeout": null, "project_id": 343, "id": 110405}, {"info": {"description": "G, near far end of Shunih. Probably intact. Narrow trench grave 195 x 60cm. Depth 210cm. Wooden coffin quite destroyed. Body nearly on left side with knees tucked up & head wrenched upwards. No furniture. Trench N.W-S.E head to N.W. Trench slightly undercut at head end. Photo 3.\nG.7, G.4, G.3, G.5, G.6.  ", "reverseCard": "", "comments": "Some of the handwriting was difficult to decipher. I made my best possible judgement. ", "discoveryDate": "Dec. 10th.", "cardNumber": "G.4.", "excavatorName": "Sawaq 'Awad"}, "user_id": 677, "task_id": 66422, "created": "2016-10-04T06:54:04.897996", "finish_time": "2016-10-04T06:54:04.898020", "calibration": null, "user_ip": null, "timeout": null, "project_id": 343, "id": 110406}, {"info": {"description": "G. near far end of Shaneh. Intact. Narrow trench 250 x 56cm. N.W. - S.E, head to N.W. Skeleton, adult, short, a left side fully stretched out. Double string of small blue glaze beads on left wrist. Photo 4.", "reverseCard": "", "comments": "Some of the handwriting was difficult to decipher. I made my best possible judgement. ", "discoveryDate": "Dec. 10th.", "cardNumber": "G.5", "excavatorName": "Sawaq 'Awad"}, "user_id": 677, "task_id": 66423, "created": "2016-10-04T06:56:15.237182", "finish_time": "2016-10-04T06:56:15.237206", "calibration": null, "user_ip": null, "timeout": null, "project_id": 343, "id": 110407}, {"info": {"description": "Near far end of Shunah. Intact. Shaft. Long & narrow, no bricking. Chamber in north side with skeleton. Orientation N.IV.W. - S.S.E., head to N.N.W. Body supine, head turned over to left. Female. Few carmelian beads & a metal amulet at throat. Two strings of beads, one white, other bl-glaze over fract & under back.\nPhoto 3. ", "reverseCard": "", "comments": "Some of the handwriting was difficult to decipher. I made my best possible judgement. ", "discoveryDate": "Dec. 11th.", "cardNumber": "G.6.", "excavatorName": "Sawaq 'Awad"}, "user_id": 677, "task_id": 66424, "created": "2016-10-04T06:59:04.126068", "finish_time": "2016-10-04T06:59:04.126093", "calibration": null, "user_ip": null, "timeout": null, "project_id": 343, "id": 110408}, {"info": {"description": "", "reverseCard": "", "comments": "Blank page.", "discoveryDate": "", "cardNumber": "", "excavatorName": ""}, "user_id": 677, "task_id": 66425, "created": "2016-10-04T06:59:17.674678", "finish_time": "2016-10-04T06:59:17.674706", "calibration": null, "user_ip": null, "timeout": null, "project_id": 343, "id": 110409}, {"info": {"description": "Near far end of Shuneh. Intact. Narrow shaft, no brick facing chamber off the N.W. end, containing perished sarciphagus. Female body, supine with head to N.W. & face turned to west. No furniture. Hair long & plaited.", "reverseCard": "", "comments": "Some of the handwriting was difficult to decipher. I made my best possible judgement. ", "discoveryDate": "Dec. 11th.", "cardNumber": "G.7.", "excavatorName": "Sawaq 'Awad"}, "user_id": 677, "task_id": 66426, "created": "2016-10-04T07:01:25.166499", "finish_time": "2016-10-04T07:01:25.166522", "calibration": null, "user_ip": null, "timeout": null, "project_id": 343, "id": 110410}]