[{"info": {"description": "Surface burial in oblong wooden coffin. Body supine, hands placed above the pelvis, head pointing NW.", "reverseCard": "reverseCard", "comments": "", "discoveryDate": "Dec. 28th.", "cardNumber": "W.1", "excavatorName": "Sow\u00e2g"}, "user_id": 658, "task_id": 62039, "created": "2016-05-13T00:48:33.400619", "finish_time": "2016-05-13T00:48:33.400641", "calibration": null, "user_ip": null, "timeout": null, "project_id": 311, "id": 98738}, {"info": {"description": "Rect. shaft. Brick-lined down to hard gebel. Chs. to N & to S. Plundered.\nIn shaft:\n     Wooden hand fr. coffin.\n     4 bl. gl. fly amulets.\n     Small discoid bl. gl. beads.\n     Small bone disc.\n\nIn N chamber:\n     Poor bl. gl. scarab.\n     Alab. kohl pot (no neck)\n     Rough flint.\n     Bone disc (as in shaft).\n     Piece of flat alab. vase.\n     Half of [...]etite kohl stick.\n     2 wooden kohl sticks.\n    Wooden comb (poor condit.)\n     Copper calipers.\n     Wooden shabti similar to sev. found near a damaged burial near the shaft.", "reverseCard": "", "comments": "", "discoveryDate": "Dec. 28th.", "cardNumber": "S.2", "excavatorName": "Saw\u00e2q"}, "user_id": 658, "task_id": 62040, "created": "2016-05-13T00:58:46.383354", "finish_time": "2016-05-13T00:58:46.383378", "calibration": null, "user_ip": null, "timeout": null, "project_id": 311, "id": 98739}, {"info": {"description": "     Small mud stoppers.\n     Pottery gra[...]\n     Wooden headrest.\n\nIn south chamber:\n     Necklace of bl. gl. flies & beads.\n     Piece bone inlay with [dotted circle]\n     Copper calipers.\n     Bl. gl. bead.\n     Bl. gl. beads.\n     Bl. gl. spindle.\n     Piece of ivory bracelet.\n     Camel. bead.\n\nOn top of shaft:\n     Haematite kohl stick.\n\nShaft: NW-SE:\n     232 X 90 inside.\n     Walls 30 thick\n     Bricking to 2.10 broken at top.\n     Depth 4.15\n     Ledge of .10 a end of brick.", "reverseCard": "", "comments": "Measurements given without units.", "discoveryDate": "", "cardNumber": "", "excavatorName": ""}, "user_id": 658, "task_id": 62041, "created": "2016-05-13T01:06:40.149492", "finish_time": "2016-05-13T01:06:40.149516", "calibration": null, "user_ip": null, "timeout": null, "project_id": 311, "id": 98741}, {"info": {"description": "Rect. shaft. ch. to N & S. Deposits burnt by fire in shaft.\nS. chamber:\n     Wood hand.\n     Piece bone inlay with [dotted circle]\n     2 d\u00f4m nuts\n     3 figs.\n     Alab. vase.\n     Lid of another.\n     Copper mirror & copper handle.\n     Worked shell conus\n     Piece of stucco with gold leaf.\n     Pottery.\n     Rough ring of mother of pearl.\n\nN. chamber:\n     Pieces of 2 alab. Pepi jars, lid for one.\n     Ivory wand shape of arm.\n     Pieces of bone inlay as above.\n     Bone knob in piece of [...]\n     Large ivory(?) fly.", "reverseCard": "reverseCard", "comments": "", "discoveryDate": "Dec. 29th.", "cardNumber": "W.3", "excavatorName": "Sawaq"}, "user_id": 658, "task_id": 62042, "created": "2016-05-13T02:09:30.843614", "finish_time": "2016-05-13T02:09:30.843641", "calibration": null, "user_ip": null, "timeout": null, "project_id": 311, "id": 98742}, {"info": {"description": "Shaft NW & SE\n\n276 X 125 inside.\nWalls  46 thick.", "reverseCard": "", "comments": "No measurement units written.", "discoveryDate": "", "cardNumber": "", "excavatorName": ""}, "user_id": 658, "task_id": 62043, "created": "2016-05-13T02:10:16.404862", "finish_time": "2016-05-13T02:10:16.404885", "calibration": null, "user_ip": null, "timeout": null, "project_id": 311, "id": 98743}, {"info": {"description": "Surface burial in shaped wooden coffin, supine, hands resting on the legs, head pointing SSE.", "reverseCard": "", "comments": "", "discoveryDate": "Dec. 30th.", "cardNumber": "W4", "excavatorName": "Sawaq"}, "user_id": 658, "task_id": 62044, "created": "2016-05-13T02:11:18.559690", "finish_time": "2016-05-13T02:11:18.559714", "calibration": null, "user_ip": null, "timeout": null, "project_id": 311, "id": 98744}, {"info": {"description": "Rect. shaft. Brick lined down to hard gebel.\nShaft NW & SE   278 X 97\nWalls 45 thick.\nChamber at either end, badly plundered.\n\nPottery group.\nIn N chamber:\nFragment of blue glazed bowl.\nLarge numbers of very coarse mud whitened shabtis.\nWooden bead.\n\nIn S Chamber:\n     Alabaster kohl pot.\n     Small stone vase.\n     Blue glazed eye inlaid.\n     One circular & as cylindrical bead.\n     1 shell bead.\n     A large quantity of small rough shabtis showing traces of blue glaze.\n", "reverseCard": "", "comments": "", "discoveryDate": "Dec. 30th.", "cardNumber": "W5", "excavatorName": "Sowag"}, "user_id": 658, "task_id": 62045, "created": "2016-05-13T02:25:13.376011", "finish_time": "2016-05-13T02:25:13.376035", "calibration": null, "user_ip": null, "timeout": null, "project_id": 311, "id": 98745}, {"info": {"description": "Plundered\nRed brick-lined shaft. Shaft NW & SE.\nA chamber at each end.\n\nLarge numbers of small badly made pottery shabtis showing traced of blue glaze.\nLong blue bead in the form of a cat?\nOne circular blue & one cylindrical blue bead.\nSpiral copper ring.\nGroup of pottery.", "reverseCard": "", "comments": "", "discoveryDate": "Jan 3rd.", "cardNumber": "W6", "excavatorName": "Sowag"}, "user_id": 658, "task_id": 62046, "created": "2016-05-13T02:27:39.196372", "finish_time": "2016-05-13T02:27:39.196395", "calibration": null, "user_ip": null, "timeout": null, "project_id": 311, "id": 98746}, {"info": {"description": "Rect. shaft, brick lined down to hard gebel. Top of shaft broken away.\nShaft 276 X 113,    Sides 38 thick.\nDepth 400.\nOne chamber at the NW.", "reverseCard": "", "comments": "No units of measurement written.", "discoveryDate": "Dec. 30th.", "cardNumber": "W.7", "excavatorName": "Umbarrak"}, "user_id": 658, "task_id": 62047, "created": "2016-05-13T02:29:08.093034", "finish_time": "2016-05-13T02:29:08.093059", "calibration": null, "user_ip": null, "timeout": null, "project_id": 311, "id": 98747}, {"info": {"description": "Plundered.\nRect. shaft, brick-lined down to the hard gebel, top of shaft broken away.\nShaft 276 X 1.25  Brick sides 46 thick.\nDepth 480. Shaft NW & SE.\nSmall quantity of potterty.", "reverseCard": "", "comments": "No units of measurement written.", "discoveryDate": "Dec. 30th.", "cardNumber": "W8", "excavatorName": "Sowag"}, "user_id": 658, "task_id": 62048, "created": "2016-05-13T02:31:22.714531", "finish_time": "2016-05-13T02:31:22.714554", "calibration": null, "user_ip": null, "timeout": null, "project_id": 311, "id": 98748}, {"info": {"description": "Plundered.\nRect. shaft, brick-lined down to hard gebel, plastered on the inside with mud and whitened.\n\nShaft 270 X 105  Sides 32 thick.\nDepth 290, Shaft NW & SE\nOne chamber the the N end.\n", "reverseCard": "", "comments": "No units of measurement written.", "discoveryDate": "Dec. 29th.", "cardNumber": "W9", "excavatorName": "Umbarrak"}, "user_id": 658, "task_id": 62049, "created": "2016-05-13T02:33:23.501632", "finish_time": "2016-05-13T02:33:23.501657", "calibration": null, "user_ip": null, "timeout": null, "project_id": 311, "id": 98749}, {"info": {"description": "Plundered.\nRect. shaft. Brick-lined with one chamber at the NW end.\nGroup of pottery.\nCoffin & bones very much charred.", "reverseCard": "", "comments": "", "discoveryDate": "Jan. 1st.", "cardNumber": "W10", "excavatorName": "Umbarrak"}, "user_id": 658, "task_id": 62050, "created": "2016-05-13T02:35:16.610738", "finish_time": "2016-05-13T02:35:16.610757", "calibration": null, "user_ip": null, "timeout": null, "project_id": 311, "id": 98750}, {"info": {"description": "Plundered.\nRect. shaft, brick-lined, chamber at either end. Shaft NW & SE.\nIn shaft chamber:\n    A large number of small mud vases.\n    Some d\u00f4m pal nuts.\n     Three carnelian beads [drawings]\n     Parts of a haematite kohl stick.\n     An inlaid eye.\n     Broken stone kohl pot.\n     Pottery.\n     One flint flake.\n     One blue uninscribed scarab.\n     Various blue beads , one of this shape [drawing]\n     \nIn S chamber:\n     Group of pottery.\n     Alabaster kohl pot.\n     Fragment of a haematite kohl stick.\n     One shell.\n                                                                                                See over.", "reverseCard": "", "comments": "", "discoveryDate": "Jan. 2nd.", "cardNumber": "W11", "excavatorName": "Sowag"}, "user_id": 658, "task_id": 62051, "created": "2016-05-13T02:39:33.884808", "finish_time": "2016-05-13T02:39:33.884832", "calibration": null, "user_ip": null, "timeout": null, "project_id": 311, "id": 98751}, {"info": {"description": "Ivory handle set in a copper grip.", "reverseCard": "", "comments": "", "discoveryDate": "", "cardNumber": "", "excavatorName": ""}, "user_id": 658, "task_id": 62052, "created": "2016-05-13T02:40:00.132269", "finish_time": "2016-05-13T02:40:00.132293", "calibration": null, "user_ip": null, "timeout": null, "project_id": 311, "id": 98752}, {"info": {"description": "Plundered.\nRect. shaft, brick-lined.    Shaft NW & SE.\nAt the N end one chamber, & two at the S end.\nIn the shaft were portions of ox skulls & several horns. One skull & one of the horns showed traced of red colouring.\n\nShaft 265 X 100.\n\nA little pottery.", "reverseCard": "", "comments": "No units of measurement written.", "discoveryDate": "Jan. 2nd.", "cardNumber": "W.12", "excavatorName": "Kas\u00e2r"}, "user_id": 658, "task_id": 62053, "created": "2016-05-13T02:43:16.103068", "finish_time": "2016-05-13T02:43:16.103089", "calibration": null, "user_ip": null, "timeout": null, "project_id": 311, "id": 98753}, {"info": {"description": "Plundered.\nRect. brick-lined shaft. Shaft WNW by SE.\nA few pieces of pottery.", "reverseCard": "", "comments": "", "discoveryDate": "Jan. 2nd.", "cardNumber": "W13", "excavatorName": "Umbarrak"}, "user_id": 658, "task_id": 62054, "created": "2016-05-13T02:44:11.294251", "finish_time": "2016-05-13T02:44:11.294274", "calibration": null, "user_ip": null, "timeout": null, "project_id": 311, "id": 98754}, {"info": {"description": "Plundered.\nRect. shaft, brick-lined, shaft NW & SE.\nChamber at either end.", "reverseCard": "", "comments": "", "discoveryDate": "Jan. 3rd.", "cardNumber": "W.14", "excavatorName": "Umbarrak"}, "user_id": 658, "task_id": 62055, "created": "2016-05-13T02:45:29.624129", "finish_time": "2016-05-13T02:45:29.624153", "calibration": null, "user_ip": null, "timeout": null, "project_id": 311, "id": 98755}, {"info": {"description": "Plundered.\nRect. shaft, brick-lined, shaft NW & SE.\nChamber at N end.\nTow or three vases. \nA few small blue shabtis.\nThree circular blue beads.", "reverseCard": "", "comments": "", "discoveryDate": "Jan. 3rd.", "cardNumber": "W.15", "excavatorName": "Sowag"}, "user_id": 658, "task_id": 62056, "created": "2016-05-13T02:46:50.010273", "finish_time": "2016-05-13T02:46:50.010299", "calibration": null, "user_ip": null, "timeout": null, "project_id": 311, "id": 98756}, {"info": {"description": "Plundered.\nRect. brick-lined shaft. Shaft NW & SE.\nSkull of a male rodent.\nA Few vases.\nNuts of d\u00f4m palm.", "reverseCard": "", "comments": "", "discoveryDate": "Jan. 2nd.", "cardNumber": "W16", "excavatorName": "Kas\u00e2r"}, "user_id": 658, "task_id": 62057, "created": "2016-05-13T02:48:42.933279", "finish_time": "2016-05-13T02:48:42.933303", "calibration": null, "user_ip": null, "timeout": null, "project_id": 311, "id": 98757}, {"info": {"description": "Brick line Rect. shaft. Shaft NW & SE.\nA chamber at either end.\nTraces of burning in both chambers.\nA number of blue beads.\nGroup of pottery.\nA number of marine shells, three species.\nTwo carnelian beads.\nSmall blue beads.\nOne blue glass bead.", "reverseCard": "", "comments": "", "discoveryDate": "Jan. 3rd.", "cardNumber": "W17", "excavatorName": "Umbarrak"}, "user_id": 658, "task_id": 62058, "created": "2016-05-13T02:50:48.864084", "finish_time": "2016-05-13T02:50:48.864107", "calibration": null, "user_ip": null, "timeout": null, "project_id": 311, "id": 98758}, {"info": {"description": "Plundered.\nRect. brick-lined shaft. Abandoned.\n", "reverseCard": "", "comments": "", "discoveryDate": "Jan. 3rd.", "cardNumber": "W18", "excavatorName": "M. Owad"}, "user_id": 658, "task_id": 62059, "created": "2016-05-13T02:51:42.333847", "finish_time": "2016-05-13T02:51:42.333871", "calibration": null, "user_ip": null, "timeout": null, "project_id": 311, "id": 98759}, {"info": {"description": "Plundered.\nRect. brick lined shaft. Shaft NW & SE.\nSeveral skulls of a small rodent.\nHead of a clay figure.\n1 small mud vase.", "reverseCard": "", "comments": "", "discoveryDate": "Jan. 4th.", "cardNumber": "W19", "excavatorName": "M. Owad"}, "user_id": 658, "task_id": 62060, "created": "2016-05-13T02:52:49.474611", "finish_time": "2016-05-13T02:52:49.474635", "calibration": null, "user_ip": null, "timeout": null, "project_id": 311, "id": 98760}, {"info": {"description": "Plundered.\nRect. shaft, brick lined, shaft NW & SE.\nChamber at N end.\nOne vase with incised pattern. [drawing]\n", "reverseCard": "", "comments": "", "discoveryDate": "Jan. 3rd.", "cardNumber": "W20", "excavatorName": "Umbarrak"}, "user_id": 658, "task_id": 62061, "created": "2016-05-13T02:53:56.499893", "finish_time": "2016-05-13T02:53:56.499916", "calibration": null, "user_ip": null, "timeout": null, "project_id": 311, "id": 98761}, {"info": {"description": "Plundered.\nRect. brick lined shaft at a considerable depth below the surface.\n\nFragment of two wooden hawks (painted), fragment of a coffin face covered with gold foil.\nOne Murex sp.\nNuts of d\u00f4m palm.\nTwo or three small mud vases.\nSome pottery.", "reverseCard": "", "comments": "", "discoveryDate": "Jan. 3rd.", "cardNumber": "W21", "excavatorName": "Kasar"}, "user_id": 658, "task_id": 62062, "created": "2016-05-13T02:56:33.706589", "finish_time": "2016-05-13T02:56:33.706610", "calibration": null, "user_ip": null, "timeout": null, "project_id": 311, "id": 98762}, {"info": {"description": "Plundered.\nRect. brick lined shaft. Shaft NW & SE.\nAbandoned, dangerous.", "reverseCard": "", "comments": "", "discoveryDate": "Jan. 5th. ", "cardNumber": "W22", "excavatorName": "Kasar"}, "user_id": 658, "task_id": 62063, "created": "2016-05-13T02:57:37.224638", "finish_time": "2016-05-13T02:57:37.224661", "calibration": null, "user_ip": null, "timeout": null, "project_id": 311, "id": 98763}, {"info": {"description": "Plundered.\nRect. brick lined shaft. Shaft NW & SE.\n\nFragment of alabaster vase.\nFragment of ivory.", "reverseCard": "", "comments": "", "discoveryDate": "Jan 5th.", "cardNumber": "W23", "excavatorName": "Umbarrak"}, "user_id": 658, "task_id": 62064, "created": "2016-05-13T02:58:33.403942", "finish_time": "2016-05-13T02:58:33.403966", "calibration": null, "user_ip": null, "timeout": null, "project_id": 311, "id": 98764}, {"info": {"description": "Plundered.\nRect. brick lined shaft.", "reverseCard": "", "comments": "", "discoveryDate": "Jan. 4th.", "cardNumber": "W24", "excavatorName": "Sowag"}, "user_id": 658, "task_id": 62065, "created": "2016-05-13T02:59:06.880374", "finish_time": "2016-05-13T02:59:06.880397", "calibration": null, "user_ip": null, "timeout": null, "project_id": 311, "id": 98765}, {"info": {"description": "Surface burial in oblong wooden coffin.\nBody supine, hands placed above the pelvis, head pointing NW.", "reverseCard": "reverseCard", "comments": "", "discoveryDate": "Dec. 28th", "cardNumber": "W.1.", "excavatorName": "Sow\u00e2g"}, "user_id": 580, "task_id": 62039, "created": "2016-05-13T10:27:48.892873", "finish_time": "2016-05-13T10:27:48.892896", "calibration": null, "user_ip": null, "timeout": null, "project_id": 311, "id": 98777}, {"info": {"description": "Rect. shaft. Brick lined down to hard gebel. Chs. to N & to S. Plundered.\nIn shaft: Wooden hand fr. coffin, 4 bl. gl. fly amulets, Small discoid bl. gl. beads, Small bone disc.\nIn N chamber: poor bl. gl. scarab, Alab. kohl pot (no necl), Rough flint, Bone disc (as in shaft), Piece of flat alab. vase, Half of haematite kohl stick, 2 wooden kohl sticks, Wooden comb (poor condition), Copper callipers, Wooden Shabti similar to sev. found near a damaged burial near the shaft.", "reverseCard": "", "comments": "", "discoveryDate": "Dec. 28.", "cardNumber": "W.2", "excavatorName": "Saw\u00e2g"}, "user_id": 580, "task_id": 62040, "created": "2016-05-13T10:35:06.787349", "finish_time": "2016-05-13T10:35:06.787372", "calibration": null, "user_ip": null, "timeout": null, "project_id": 311, "id": 98778}, {"info": {"description": "Small mud stoppers (12), Pottery group, Wood head rest.\nIn South chamber: Necklace of bl. gl. flies & beads, Piece bone inlay with [drawing], Copper callipers, Bl. Glass beads [drawing], Bl. gl. beads [drawing], Bl. gl. spindle [drawing], Piece of ivory bracelet, Carnel bead.\nOn top of shaft: Haematite kohl stick.\nShaft N.W-S.E.: 232 x 90 inside, Walls 30 thick, Bricking to 2.10 broken at top, Depth 4.15, Ledge of .10 a end of brick.", "reverseCard": "", "comments": "Reverse of card W.2?", "discoveryDate": "", "cardNumber": "", "excavatorName": ""}, "user_id": 580, "task_id": 62041, "created": "2016-05-13T10:43:00.102591", "finish_time": "2016-05-13T10:43:00.102614", "calibration": null, "user_ip": null, "timeout": null, "project_id": 311, "id": 98779}, {"info": {"description": "Rect. shaft. ch. to N & S. \nDeposits burnt by fire in shaft.\nS. chamber: Wood hand, Piece bone inlay with [drawing], 2 d\u00f4m nuts, 3 figs, Alab. vase, Lid of another, Copper mirror & copper handle, Worked shell conus, Piece of stucko with gold leaf, Pottery, Rough ring of mother of pearl.\nN. chamber: Pieces of 2 alab. Pepi jars, lid for one, Ivory wand shape of arm, Pieces of bone inlay as above, [...] knob in piece of bone, Large ivory (?) fly.", "reverseCard": "", "comments": "", "discoveryDate": "Dec. 29th", "cardNumber": "W.3.", "excavatorName": "Sawag"}, "user_id": 580, "task_id": 62042, "created": "2016-05-13T10:49:45.684214", "finish_time": "2016-05-13T10:49:45.684238", "calibration": null, "user_ip": null, "timeout": null, "project_id": 311, "id": 98780}, {"info": {"description": "Shaft NW & SE\n276 x 125 inside\nWalls 46 thick.", "reverseCard": "", "comments": "", "discoveryDate": "", "cardNumber": "", "excavatorName": ""}, "user_id": 580, "task_id": 62043, "created": "2016-05-13T10:50:19.118806", "finish_time": "2016-05-13T10:50:19.118829", "calibration": null, "user_ip": null, "timeout": null, "project_id": 311, "id": 98781}, {"info": {"description": "", "reverseCard": "", "comments": "", "discoveryDate": "Dec. 30th", "cardNumber": "", "excavatorName": "Sawag"}, "user_id": 580, "task_id": 62044, "created": "2016-05-13T10:50:32.386524", "finish_time": "2016-05-13T10:50:32.386550", "calibration": null, "user_ip": null, "timeout": null, "project_id": 311, "id": 98782}, {"info": {"description": "Rect. shaft. Brick lined down to hard gebel\nShaft NW & SE. 278 x 97\nWalls 45 thick.\nChamber at either end, badly plundered.\nPottery group.\nIn N chamber: Fragment of blue glazed bowl [drawing], Large numbers of very coarse mud whitened shabtis, Wooden beard.\nIn S chamber: Alabaster kohl pot [drawing], small stone vase [drawing], Blue glazed eye inlaid, one circular & one cylindrical bead, 1 shell bead, a large quantity of small rough shabtis showing traces of blue glaze.", "reverseCard": "", "comments": "", "discoveryDate": "Dec. 30th", "cardNumber": "W5", "excavatorName": "Sawag"}, "user_id": 580, "task_id": 62045, "created": "2016-05-13T10:54:56.723662", "finish_time": "2016-05-13T10:54:56.723686", "calibration": null, "user_ip": null, "timeout": null, "project_id": 311, "id": 98784}, {"info": {"description": "Rect. brick-lined shaft. Plundered. Shaft NW & SE. A chamber at each end.\nLarge numbers of small badly [...] pottery shabtis showing traces of blue glaze, Long Blue bead in the form of a cat? [drawing], one circular blue & one cylindrical blue bead, spiral copper ring, Group of Pottery.", "reverseCard": "", "comments": "", "discoveryDate": "Jan. 3rd", "cardNumber": "W6", "excavatorName": "Sawag"}, "user_id": 580, "task_id": 62046, "created": "2016-05-13T10:58:37.087767", "finish_time": "2016-05-13T10:58:37.087792", "calibration": null, "user_ip": null, "timeout": null, "project_id": 311, "id": 98785}, {"info": {"description": "Plundered.\nRect. Shaft, brick lined down to hard gebel. Top of shaft broken away.\nShaft 276 x 113. Sides 38 thick. Depth 400.\nOne chamber at the NW.", "reverseCard": "", "comments": "", "discoveryDate": "Dec. 30th", "cardNumber": "W.7.", "excavatorName": "Umbarrak"}, "user_id": 580, "task_id": 62047, "created": "2016-05-13T11:00:17.891945", "finish_time": "2016-05-13T11:00:17.891971", "calibration": null, "user_ip": null, "timeout": null, "project_id": 311, "id": 98786}, {"info": {"description": "Plundered.\nRect. shaft, brick-lined down to the hard gebel, top of shaft broken away.\nShaft 276 x 1.25. Brick sides 46 thick. Depth 480. Shaft NW & SE.\nSmall quantity of pottery.", "reverseCard": "", "comments": "", "discoveryDate": "Dec. 30th", "cardNumber": "W8.", "excavatorName": "Sawag"}, "user_id": 580, "task_id": 62048, "created": "2016-05-13T11:01:54.143475", "finish_time": "2016-05-13T11:01:54.143499", "calibration": null, "user_ip": null, "timeout": null, "project_id": 311, "id": 98787}, {"info": {"description": "Plundered.\nRect. Shaft, brick lined down to hard gebel, plastered on the inside with mud and whitened.\nShaft 270 x 105. Sides 32 thick. Depth 290. Shaft NW & SE.\nOne chamber at the N end.", "reverseCard": "", "comments": "", "discoveryDate": "Dec. 29th", "cardNumber": "W.9", "excavatorName": "Umbarrak"}, "user_id": 580, "task_id": 62049, "created": "2016-05-13T11:03:38.437155", "finish_time": "2016-05-13T11:03:38.437179", "calibration": null, "user_ip": null, "timeout": null, "project_id": 311, "id": 98788}, {"info": {"description": "Rect. shaft. Brick-lined with one chamber at the NW end.\nGroup of pottery.\nCoffin & bones very much charred.", "reverseCard": "", "comments": "", "discoveryDate": "Jan. 1st", "cardNumber": "W.10", "excavatorName": "Umbarrak"}, "user_id": 580, "task_id": 62050, "created": "2016-05-13T11:04:45.333002", "finish_time": "2016-05-13T11:04:45.333025", "calibration": null, "user_ip": null, "timeout": null, "project_id": 311, "id": 98789}, {"info": {"description": "Plundered\nRect. shaft brick lined, chamber at either end. Shaft NW & SE.\nIn shaft & N chamber: A large number of small mud vases [drawing], Some d\u00f4m palm nuts, Three carnelian beads [drawings], portion of a haematite kohl sitck, an Inlaid eye, broken stone kohl pot [drawing], Pottery, one flint flake, one blue uninscribed scarab, Various blue beads one of this shape [drawing].\nIn S chamber: Group of pottery, Alabaster kohl pot [drawing], fragment of a haematite kohl stick, one shell.\nSee over", "reverseCard": "", "comments": "", "discoveryDate": "Jan. 2nd", "cardNumber": "W11", "excavatorName": "Sawag"}, "user_id": 580, "task_id": 62051, "created": "2016-05-13T11:08:53.159561", "finish_time": "2016-05-13T11:08:53.159585", "calibration": null, "user_ip": null, "timeout": null, "project_id": 311, "id": 98790}, {"info": {"description": "Ivory handle set in a copper grip [drawing]", "reverseCard": "", "comments": "Reverse of card W11?", "discoveryDate": "", "cardNumber": "", "excavatorName": ""}, "user_id": 580, "task_id": 62052, "created": "2016-05-13T11:09:30.926545", "finish_time": "2016-05-13T11:09:30.926569", "calibration": null, "user_ip": null, "timeout": null, "project_id": 311, "id": 98791}, {"info": {"description": "Plundered.\nRect. shaft brick lined. Shaft NW & SE. At the N. end one chamber & two at the S end.\nIn the shaft were portions of ox skulls & several horns, one skull & one of the horns showed traces of red colouring.\nShaft 265 x 100.\nA little pottery.", "reverseCard": "", "comments": "", "discoveryDate": "Jan. 2nd.", "cardNumber": "W.12", "excavatorName": "Kas\u00e2r"}, "user_id": 580, "task_id": 62053, "created": "2016-05-13T11:12:07.850896", "finish_time": "2016-05-13T11:12:07.850920", "calibration": null, "user_ip": null, "timeout": null, "project_id": 311, "id": 98792}, {"info": {"description": "Plundered.\nRect. brick lined shaft. Shaft WNW by SE.\nA few pieces of pottery.", "reverseCard": "", "comments": "", "discoveryDate": "Jan. 2nd", "cardNumber": "W.13", "excavatorName": "Umbarrak"}, "user_id": 580, "task_id": 62054, "created": "2016-05-13T11:13:00.136809", "finish_time": "2016-05-13T11:13:00.136831", "calibration": null, "user_ip": null, "timeout": null, "project_id": 311, "id": 98793}, {"info": {"description": "Plundered.\nRect. shaft, brick lined, shaft NW & SE. Chamber at either end.", "reverseCard": "", "comments": "", "discoveryDate": "Jan. 3rd", "cardNumber": "W14", "excavatorName": "Umbarrak"}, "user_id": 580, "task_id": 62055, "created": "2016-05-13T11:13:52.134293", "finish_time": "2016-05-13T11:13:52.134316", "calibration": null, "user_ip": null, "timeout": null, "project_id": 311, "id": 98794}, {"info": {"description": "Plundered.\nRect. shaft, brick lined, shaft NW  & SE. Chamber at N only.\nTwo or three vase, a few small blue shabtis, three circular blue beads.", "reverseCard": "", "comments": "", "discoveryDate": "Jan. 3rd", "cardNumber": "W15", "excavatorName": "Sawag"}, "user_id": 580, "task_id": 62056, "created": "2016-05-13T11:15:34.178078", "finish_time": "2016-05-13T11:15:34.178102", "calibration": null, "user_ip": null, "timeout": null, "project_id": 311, "id": 98795}, {"info": {"description": "Plundered.\nRect. brick lined shaft. Shaft NW & SE.\nSkull of a small rodent, A few vases, Nuts of [...] d\u00f4m palm.", "reverseCard": "", "comments": "", "discoveryDate": "Jan. 2nd", "cardNumber": "W.16", "excavatorName": "Kas\u00e2r"}, "user_id": 580, "task_id": 62057, "created": "2016-05-13T11:17:17.880239", "finish_time": "2016-05-13T11:17:17.880262", "calibration": null, "user_ip": null, "timeout": null, "project_id": 311, "id": 98796}, {"info": {"description": "Brick lined Rect. shat. Shaft NW & SE. A chamber at either end.\nTraces of burning in both chambers.\nA number of blue beads, Group of pottery, A number of marine shells three species, Two carnelian beads [drawing], Small blue beads [drawing], one blue glass bead.", "reverseCard": "", "comments": "", "discoveryDate": "Jan. 3rd", "cardNumber": "W17", "excavatorName": "Umbarrak"}, "user_id": 580, "task_id": 62058, "created": "2016-05-13T11:19:07.110775", "finish_time": "2016-05-13T11:19:07.110796", "calibration": null, "user_ip": null, "timeout": null, "project_id": 311, "id": 98797}, {"info": {"description": "Plundered.\nRect. brick lined shaft. Abandoned.", "reverseCard": "", "comments": "", "discoveryDate": "Jan. 3rd", "cardNumber": "W18", "excavatorName": "M.Owad"}, "user_id": 580, "task_id": 62059, "created": "2016-05-13T11:19:55.686890", "finish_time": "2016-05-13T11:19:55.686913", "calibration": null, "user_ip": null, "timeout": null, "project_id": 311, "id": 98798}, {"info": {"description": "Plundered.\nRect. brick lined shaft. Shaft NW & SE.\nSeveral skulls of a small rodent, head of a clay figurine [drawing], 1 small mud vase [drawing].", "reverseCard": "", "comments": "", "discoveryDate": "Jan. 4th", "cardNumber": "W19", "excavatorName": "M. Owad"}, "user_id": 580, "task_id": 62060, "created": "2016-05-13T11:21:03.664191", "finish_time": "2016-05-13T11:21:03.664213", "calibration": null, "user_ip": null, "timeout": null, "project_id": 311, "id": 98799}, {"info": {"description": "Plundered.\nRect. shaft, brick lined, shaft NW & SE. Chamber at N. end.\nOne vase with incised pattern [drawing].", "reverseCard": "", "comments": "", "discoveryDate": "Jan. 3rd", "cardNumber": "W20", "excavatorName": "Umbarrak"}, "user_id": 580, "task_id": 62061, "created": "2016-05-13T11:21:58.392613", "finish_time": "2016-05-13T11:21:58.392638", "calibration": null, "user_ip": null, "timeout": null, "project_id": 311, "id": 98800}, {"info": {"description": "Plundered.\nRect. brick lined shaft at a considerable depth below the surface, o\nFragment of two wooden hawks (painted), fragment of a coffin face covered with gold foil, One murex sp, Nuts of d\u00f4m palm, Two or three small mud vases, Some pottery.", "reverseCard": "", "comments": "", "discoveryDate": "Jan. 3rd", "cardNumber": "W21", "excavatorName": "Kasar"}, "user_id": 580, "task_id": 62062, "created": "2016-05-13T11:24:30.525186", "finish_time": "2016-05-13T11:24:30.525209", "calibration": null, "user_ip": null, "timeout": null, "project_id": 311, "id": 98801}, {"info": {"description": "Plundered\nRect. brick lined shaft. Shaft NW & SE\nAbandoned dangerous", "reverseCard": "", "comments": "", "discoveryDate": "Jan. 5th", "cardNumber": "W22", "excavatorName": "Kas\u00e2r"}, "user_id": 580, "task_id": 62063, "created": "2016-05-13T11:25:12.234279", "finish_time": "2016-05-13T11:25:12.234304", "calibration": null, "user_ip": null, "timeout": null, "project_id": 311, "id": 98802}, {"info": {"description": "Plundered\nRect. brick lined shaft. Shaft NW & SE\nFragment of alabaster vase [drawing], Fragment of ivory", "reverseCard": "", "comments": "", "discoveryDate": "Jan. 5th", "cardNumber": "W23", "excavatorName": "Umbarrak"}, "user_id": 580, "task_id": 62064, "created": "2016-05-13T11:26:07.443670", "finish_time": "2016-05-13T11:26:07.443694", "calibration": null, "user_ip": null, "timeout": null, "project_id": 311, "id": 98803}, {"info": {"description": "Plundered\nRect. brick lined shaft.", "reverseCard": "", "comments": "", "discoveryDate": "Jan. 4th", "cardNumber": "W.24", "excavatorName": "Sawag"}, "user_id": 580, "task_id": 62065, "created": "2016-05-13T11:26:42.597513", "finish_time": "2016-05-13T11:26:42.597546", "calibration": null, "user_ip": null, "timeout": null, "project_id": 311, "id": 98804}]