[{"info": {"description": "Cemetery: South.\nRectangular shaft leading at once an north. through a round topped door into a barise -vaulted chamber.    ", "reverseCard": "reverseCard", "comments": "Some of the handwriting was difficult to decipher. I made my best possible judgement. ", "discoveryDate": "Jan 6th", "cardNumber": "T.1. ", "excavatorName": "Ahmed 'Ali"}, "user_id": 677, "task_id": 62098, "created": "2016-05-16T02:48:22.890483", "finish_time": "2016-05-16T02:48:22.890505", "calibration": null, "user_ip": null, "timeout": null, "project_id": 313, "id": 98994}, {"info": {"description": "Cemetery: South.\nRect. shaft, chamber to south. N-S.\nIn shaft, well below burial A. (over).\na. Nine vases of refined clay.\nb. Three pieces cual.\nc. Alab. mortar & 2 pestles.\nd. Two bl.gl. scarabs (over).\ne. Bronze hook & tweezers.\nf. Gold earing.\ng. Bl.jc. & glass & shell beads [shaft & chamber].\nh. 4 bl.gl. amulets.\ni. 2 black amulets [chamber].\nj. Small alab. vase & lid. ", "reverseCard": "", "comments": "Some of the handwriting was difficult to decipher. I made my best possible judgement. ", "discoveryDate": "Jan 9th.", "cardNumber": "T.3. ", "excavatorName": "Ahmed 'Ali Yanis."}, "user_id": 677, "task_id": 62099, "created": "2016-05-16T02:53:47.710433", "finish_time": "2016-05-16T02:53:47.710461", "calibration": null, "user_ip": null, "timeout": null, "project_id": 313, "id": 98995}, {"info": {"description": "Cemetery: South\nTomb: T.1.\nRectangular shaft, leading at once on north through a round topped door into a barrel vaulted chamber.", "reverseCard": "reverseCard", "comments": "", "discoveryDate": "Jan. 6th", "cardNumber": "T.1.", "excavatorName": "Ahmed 'Ali"}, "user_id": 580, "task_id": 62098, "created": "2016-05-16T13:24:19.018971", "finish_time": "2016-05-16T13:24:19.018995", "calibration": null, "user_ip": null, "timeout": null, "project_id": 313, "id": 99032}, {"info": {"description": "Cemetery: South\nTomb: T.3.\nRect. shaft, chamber to south. N-S.\nIn shaft, well below burial A. (over)\n(a) Nine vases of refined clay [drawings]\n(b) Three pieces coral\n(c) Alab. mortar & 2 pestles\n(d) Two bl. gl. scarabs (over)\n(e) Bronze hook & tweezers\n(f) Gold earring.\n(g) Bl. gl. & glass & shell beads ([shaft & chamber]\n(h) 4 bl. gl. amulets\n(i) 2 black amulets [chamber]\n(j) Small alab. vase & lid [drawing]", "reverseCard": "", "comments": "", "discoveryDate": "Jan. 9th.", "cardNumber": "T.3.", "excavatorName": "Ahmed 'Ali Yunis"}, "user_id": 580, "task_id": 62099, "created": "2016-05-16T13:29:39.052654", "finish_time": "2016-05-16T13:29:39.052679", "calibration": null, "user_ip": null, "timeout": null, "project_id": 313, "id": 99033}, {"info": {"description": "Scarabs [drawings]\nBurial A. in coffin high in shaft, head S.\nIn S. chamber several burials.\n(a) A child with 7 bl. gl. amulets at neck\n(b) Bronze vase\n(c) Small buff clay vase wheel made\n(d) Large pear shaped bead of rock crystal.\n(e) Red pottery bowl [drawing]", "reverseCard": "", "comments": "", "discoveryDate": "", "cardNumber": "", "excavatorName": ""}, "user_id": 580, "task_id": 62100, "created": "2016-05-16T13:33:29.687262", "finish_time": "2016-05-16T13:33:29.687286", "calibration": null, "user_ip": null, "timeout": null, "project_id": 313, "id": 99034}, {"info": {"description": "Cemetery: South\nTomb: T.4.\nRect. shaft, N & S, chamber S.\nIn chamber child in coffin, on l. side head north.\n(a) Two small ivory vases (?)\n(b) Bl. gl. scarab, no inscription.\n(c) Mother of pearl discs.\n(d) Two shells & cowry\n(e) Bead [drawing]\n(f) Bl. beads & amulets.\n(g) 2 vases (one prob. intrusive) [drawings]\n[Large vase with lines of v. young body. prob. from next shaft (broken) Large vase with inscription.]", "reverseCard": "", "comments": "", "discoveryDate": "Jan 9th", "cardNumber": "T.4.", "excavatorName": "'Ali Yunis"}, "user_id": 580, "task_id": 62101, "created": "2016-05-16T13:41:51.694287", "finish_time": "2016-05-16T13:41:51.694311", "calibration": null, "user_ip": null, "timeout": null, "project_id": 313, "id": 99035}, {"info": {"description": "Tomb: T.5, 6, 17\nT.5.\nBody hunched up at lower end of coffin in turba. Head N, feet S.\nT.6.\nBody head W, legs E in turba across top of T.4.\nT.17. Long shaft. At top boy's body in coffin supine, head to S. on left side\nChamber to S. Disturbed, one body in sandaq, mirror at head [(?) N] end \nTwo vases [drawings] apparently late.\nBeads [drawing] black & white", "reverseCard": "", "comments": "", "discoveryDate": "Jan 9th", "cardNumber": "T.5, 6, 17", "excavatorName": "'Ali Yunis"}, "user_id": 580, "task_id": 62102, "created": "2016-05-16T13:46:17.540745", "finish_time": "2016-05-16T13:46:17.540768", "calibration": null, "user_ip": null, "timeout": null, "project_id": 313, "id": 99036}, {"info": {"description": "Tomb: T.8.\nT.8. Turba N & S. Body supine in wood coffin head to S.\n(a) Mother of pearl beads\n(b) Bl. gl. beads\n(c) White discoid beads.\n(d) Fragments of leather.", "reverseCard": "", "comments": "", "discoveryDate": "Jan 10th.", "cardNumber": "T.8.", "excavatorName": ""}, "user_id": 580, "task_id": 62103, "created": "2016-05-16T13:48:02.672226", "finish_time": "2016-05-16T13:48:02.672250", "calibration": null, "user_ip": null, "timeout": null, "project_id": 313, "id": 99037}, {"info": {"description": "Cemetery: South\nTomb: T.11. & 12, 13, 14\nT.11 & 12\nTwo rectangular coffins under a late wall.Both N.W-S.E & side by side, feet to N.W.\nNo furniture.\nT.13.\nBody in sarcoph. with stucco & paint lid. Coffin shaped at shoulders. Supine, head to west. No furniture\nT.14. Turba, body broken up, under wall masses of long bl. gl. beads.", "reverseCard": "", "comments": "", "discoveryDate": "Jan. 6.", "cardNumber": "T.11. & 12, 13, 14", "excavatorName": "Seyid aln S\u00eal"}, "user_id": 580, "task_id": 62104, "created": "2016-05-16T13:53:08.954371", "finish_time": "2016-05-16T13:53:08.954395", "calibration": null, "user_ip": null, "timeout": null, "project_id": 313, "id": 99038}, {"info": {"description": "Cemetery: South\nTomb: T.21.\nVI. Dyn. shaft. Chamber to west but only slightly undercut. Body disturbed in wooden coffin. Head to N.W. No furniture.", "reverseCard": "", "comments": "", "discoveryDate": "Jan. 7th.", "cardNumber": "T.21.", "excavatorName": "Ahmed 'Aise"}, "user_id": 580, "task_id": 62105, "created": "2016-05-16T13:55:02.059402", "finish_time": "2016-05-16T13:55:02.059426", "calibration": null, "user_ip": null, "timeout": null, "project_id": 313, "id": 99039}, {"info": {"description": "Cemetery: South\nTomb: T.22.\nVI. Dyn shaft. Chamber to north but only slightly undercut. Body in wooden coffin, plundered & disturbed.\n(a) thick alab vase [drawing]\n(b) Bone seal [drawing]\n(c) Bone pendant [drawing]\n[(d) Bead of dark & light bl. gl.] [drawing]\nVI. Dyn pot in radim above [drawing]", "reverseCard": "", "comments": "", "discoveryDate": "Jan. 8th", "cardNumber": "T.22.", "excavatorName": "Ahmed 'Aise"}, "user_id": 580, "task_id": 62106, "created": "2016-05-16T13:58:24.591507", "finish_time": "2016-05-16T13:58:24.591531", "calibration": null, "user_ip": null, "timeout": null, "project_id": 313, "id": 99040}, {"info": {"description": "Cemetery: South\nTomb: T.25, 26, 27, 28\nT.25.\nVI. Dyn. square shaft, body only. No furniture, chamber west, slightly undercut only, head N., body on r. side.\nT.26.\nVI. Dyn square shaft. Chamber east, body on left side, head north, female. no furniture, thick wooden coffin\nT.27.\nVI. Dyn. Suqare shaft. Two coffins bodies on l.side. No furniture. [plan]\nT.28.\nVI. Dyn shaft (?) Body disturbed, no finds. [plan]", "reverseCard": "reverseCard", "comments": "", "discoveryDate": "Jan 9th", "cardNumber": "T.25, 26, 27, 28", "excavatorName": "Ahmed 'Aise"}, "user_id": 580, "task_id": 62107, "created": "2016-05-16T14:03:30.634154", "finish_time": "2016-05-16T14:03:30.634177", "calibration": null, "user_ip": null, "timeout": null, "project_id": 313, "id": 99041}, {"info": {"description": "Cemetery: South\nTomb: T.31, 32, 33.\nT.31. See over.\nT.32. Child's body beside wall of T.31. Plundered. 8 cowries, 5 bl. gl. amulets & 4 bl. gl. beads.\nT.33. Small vaulted chamber. N. of T.31. Long bl. gl. beads. 4 jackal figs. & winged beetle in bad green glaze.", "reverseCard": "", "comments": "", "discoveryDate": "Jan. 8th.", "cardNumber": "T.31, 32, 33.", "excavatorName": "Mhd. 'Awad"}, "user_id": 580, "task_id": 62108, "created": "2016-05-16T14:09:06.046912", "finish_time": "2016-05-16T14:09:06.046936", "calibration": null, "user_ip": null, "timeout": null, "project_id": 313, "id": 99042}, {"info": {"description": "", "reverseCard": "", "comments": "", "discoveryDate": "", "cardNumber": "", "excavatorName": "T.31."}, "user_id": 580, "task_id": 62109, "created": "2016-05-16T14:09:14.420413", "finish_time": "2016-05-16T14:09:14.420436", "calibration": null, "user_ip": null, "timeout": null, "project_id": 313, "id": 99043}, {"info": {"description": "Scarab.\nBurial A. in coffin high in shaft, head S.\n\nIn S chamber several burials:\na) A child with 7 bl. gl. amulets at neck,\nb) Bronze vase.\nc) Small buff clay vase wheel made.\nd) Large pear-shaped bead of [...] crystal.\ne) Red pottery bowl.", "reverseCard": "reverseCard", "comments": "", "discoveryDate": "", "cardNumber": "", "excavatorName": ""}, "user_id": 658, "task_id": 62100, "created": "2016-05-17T01:06:28.929459", "finish_time": "2016-05-17T01:06:28.929485", "calibration": null, "user_ip": null, "timeout": null, "project_id": 313, "id": 99057}, {"info": {"description": "Rect. shaft, N & S Chamber S\nIn chamber, child in coffin, on L side, head north.\na) Two small ivory vases(?)\nb) Bl gl. scarab, no inscription\nc) Mother of pearl disks.\nd) Two shells & cowrie.\ne) Bead [drawn]\nf) Bl. beads & amulets.\n(Large vase with [...] of [...] poly prob, fron next shaft (broken)\nLarge vase with inscription.)", "reverseCard": "", "comments": "", "discoveryDate": "Jan. 9th", "cardNumber": "T.4", "excavatorName": "Ali Yunis"}, "user_id": 658, "task_id": 62101, "created": "2016-05-17T01:10:41.102050", "finish_time": "2016-05-17T01:10:41.102073", "calibration": null, "user_ip": null, "timeout": null, "project_id": 313, "id": 99058}, {"info": {"description": "T.5\nBody hunched up at lower end of coffin in turba. Head N, feet S.\n\nT.6\nBody, head W, legs E in turba across top of T.4.\n\nT.17\nLong shaft. At top boy's body in coffin; supine, head to S on left side.\nChamber to S. Disturbed, one body in sandaq, mirror at head(head(?) N) end.\nTwo vases, apparently late. [drawn]\nBeads [dotted circle] black & white.", "reverseCard": "", "comments": "", "discoveryDate": "Jan. 9th", "cardNumber": "T.5, 6, 17", "excavatorName": "Ali Yunis"}, "user_id": 658, "task_id": 62102, "created": "2016-05-17T01:15:04.090791", "finish_time": "2016-05-17T01:15:04.090816", "calibration": null, "user_ip": null, "timeout": null, "project_id": 313, "id": 99059}, {"info": {"description": "", "reverseCard": "", "comments": "", "discoveryDate": "Jan 10th", "cardNumber": "T.8", "excavatorName": ""}, "user_id": 658, "task_id": 62103, "created": "2016-05-17T01:15:16.777830", "finish_time": "2016-05-17T01:15:16.777853", "calibration": null, "user_ip": null, "timeout": null, "project_id": 313, "id": 99060}, {"info": {"description": "T.11 & 12\nTwo rectangular coffins under a late wall, Both NW - SE & side by side, feet to NW. No furniture.\n\nT.13\nBody in sarcoph. with stucco o& paint lid. Coffin shaped at shoulders. Supine, head to west. No furniture.\n\nT.14\nTurba, body broken up, under wall. Masses of co[...] bl. gl. beads.", "reverseCard": "", "comments": "", "discoveryDate": "Jan. 6th", "cardNumber": "T.11 & 12, 13, 14", "excavatorName": "Seyid aln Sel"}, "user_id": 658, "task_id": 62104, "created": "2016-05-17T01:18:45.041568", "finish_time": "2016-05-17T01:18:45.041589", "calibration": null, "user_ip": null, "timeout": null, "project_id": 313, "id": 99061}, {"info": {"description": "VI Dynas. shaft. Chamber to west but only slightly undercut. Body disturbed in wooden coffin. Head to NW. No furniture.", "reverseCard": "", "comments": "", "discoveryDate": "Jan 7th", "cardNumber": "T.21 Cemetery South", "excavatorName": "Ahmed Aise"}, "user_id": 658, "task_id": 62105, "created": "2016-05-17T01:20:04.941084", "finish_time": "2016-05-17T01:20:04.941108", "calibration": null, "user_ip": null, "timeout": null, "project_id": 313, "id": 99062}, {"info": {"description": "VI Dyn. shaft. Chamber to north bu only slightly undercut. \nBody in wooden coffin, plundered & disturbed.\na) Thick alab. vase.\nb) Bone seal [drawn]\nc) Bone pendant [drawn]\n(d) Bead of dark & light bl. gl.)\nVI Dyn. pot in radim above. [drawn]", "reverseCard": "", "comments": "", "discoveryDate": "Jan. 8th", "cardNumber": "T.22 South", "excavatorName": "Ahmed Aise"}, "user_id": 658, "task_id": 62106, "created": "2016-05-17T01:22:31.330217", "finish_time": "2016-05-17T01:22:31.330241", "calibration": null, "user_ip": null, "timeout": null, "project_id": 313, "id": 99063}, {"info": {"description": "T.25\nVI Dyn. square shaft, body only, no furniture. Chamber west, slightly undercut only, head N, body on R. side.\n\nT.26\nVI Dyn. square shaft. Chamber east. Body on left side, head north, female [symbol]. No furniture, thick wooden coffin.\n\nT.27\nVI Dyn. square shaft. Two coffins. Bodies on L. side. No furiture. [drawing of position of two coffins in shaft.]\n\nT.28\nVI Dyn. shaft(?)\nBody disturbed, no finds. [drawing of position of coffin in shaft]\n", "reverseCard": "", "comments": "", "discoveryDate": "Jan. 9th", "cardNumber": "T.25, 26, 27", "excavatorName": "Ahmed Aise"}, "user_id": 658, "task_id": 62107, "created": "2016-05-17T01:27:18.743978", "finish_time": "2016-05-17T01:27:18.744001", "calibration": null, "user_ip": null, "timeout": null, "project_id": 313, "id": 99064}, {"info": {"description": "T.31 see over.\n\nT.32\nChild's body beside wall of T.31. Plundered. 8 cowries, 5 bl. gl. amulets & 4 bl. gl. beads.\n\nT.33\nSmall vaulted chamber. VI of T.31. Long bl. gl. beads & jackal figs. & winged beetle in bad green glaze.", "reverseCard": "", "comments": "", "discoveryDate": "Jan. 8th", "cardNumber": "T.31, 32, 33", "excavatorName": "Mhd. Awad"}, "user_id": 658, "task_id": 62108, "created": "2016-05-17T01:29:54.340591", "finish_time": "2016-05-17T01:29:54.340615", "calibration": null, "user_ip": null, "timeout": null, "project_id": 313, "id": 99065}, {"info": {"description": "T.31\nRect. shaft, N. S. Burial in shaft as below, head N.", "reverseCard": "", "comments": "", "discoveryDate": "", "cardNumber": "", "excavatorName": ""}, "user_id": 658, "task_id": 62109, "created": "2016-05-17T01:30:23.961440", "finish_time": "2016-05-17T01:30:23.961464", "calibration": null, "user_ip": null, "timeout": null, "project_id": 313, "id": 99066}, {"info": {"description": "T.41\nTrench burial, badly upset. Head & legs only, one bl. gl. scarab. (drawing of scarab with inscription)\n\nT.42\nTurba N  S. Head north, supine.\n\nT.43\nTurba, E & W, feet west. Head rest sideways under head, supine. Discoid beads  & mother of pearl. Bl. gl. beads, shells, part of bl. gl. Bez figure.\n\nT.44\nTurba, boy in coffin, head N, on left side.", "reverseCard": "", "comments": "", "discoveryDate": "Jan. 9th", "cardNumber": "T.41, 42, 43, 44", "excavatorName": "Sawq Awad"}, "user_id": 658, "task_id": 62110, "created": "2016-05-17T01:34:11.722146", "finish_time": "2016-05-17T01:34:11.722168", "calibration": null, "user_ip": null, "timeout": null, "project_id": 313, "id": 99067}, {"info": {"description": "", "reverseCard": "", "comments": "", "discoveryDate": "Jan. 12th", "cardNumber": "T.51, 56", "excavatorName": "Mohamed Awad"}, "user_id": 658, "task_id": 62111, "created": "2016-05-17T01:34:36.827137", "finish_time": "2016-05-17T01:34:36.827161", "calibration": null, "user_ip": null, "timeout": null, "project_id": 313, "id": 99068}, {"info": {"description": "Pottery 52 XVII     ,Potery 54 VI dyn.", "reverseCard": "", "comments": "Drawings of 4 vases", "discoveryDate": "", "cardNumber": "", "excavatorName": ""}, "user_id": 658, "task_id": 62112, "created": "2016-05-17T01:35:39.270446", "finish_time": "2016-05-17T01:35:39.270470", "calibration": null, "user_ip": null, "timeout": null, "project_id": 313, "id": 99069}, {"info": {"description": "T.57\nDisturbed turba.\nSmall shell beads & large gold bead.\n\nT.58\nRect. shaft, N-S Chamber to S, man's body badly damaged.\n", "reverseCard": "", "comments": "", "discoveryDate": "Jan. 13th", "cardNumber": "T.57, 58 South Cemetery", "excavatorName": ""}, "user_id": 658, "task_id": 62113, "created": "2016-05-17T01:48:39.713025", "finish_time": "2016-05-17T01:48:39.713049", "calibration": null, "user_ip": null, "timeout": null, "project_id": 313, "id": 99070}, {"info": {"description": "T.61\nVI Dyn. shaft.\n\nT.62\nVI Dyn. shaft. Coffin of mud, no skeleton.\n\nT.63\nVI Dyn.shaft. ch. to east, parts of female body, yellow hair, head to N, no finds.\n", "reverseCard": "", "comments": "", "discoveryDate": "Jan. 12th", "cardNumber": "T.61, 62, 63", "excavatorName": "Ahmed Aise"}, "user_id": 658, "task_id": 62114, "created": "2016-05-17T01:50:19.837292", "finish_time": "2016-05-17T01:50:19.837314", "calibration": null, "user_ip": null, "timeout": null, "project_id": 313, "id": 99071}, {"info": {"description": "T.64\nRect. shaft. Mummy near top, male, head S, N & S.\nLower a large wooden coffin, woman on right side, head to N.\nWooden rabbit, shells.\nBl. gl. amulets.\nGlace beads.  [drawn]\n2 stone beads. \n\nT.65\nVI Dyn. square, chamber to W. Man, left side, head N.\nOne pot at waist.\nBoth arms broken & badly joined.\nred ware [drawn]\n", "reverseCard": "", "comments": "", "discoveryDate": "Jan. 13th", "cardNumber": "T.64, 65", "excavatorName": ""}, "user_id": 658, "task_id": 62115, "created": "2016-05-17T01:53:53.388311", "finish_time": "2016-05-17T01:53:53.388336", "calibration": null, "user_ip": null, "timeout": null, "project_id": 313, "id": 99072}, {"info": {"description": "VI Dyn. square shaft, enlarged beneath to west.\nCoffin of mud, untouched. Body of man, head to N. Lying on L side, head not up to end of sarcophagus, hands up to chin, legs bent & knees up to lid of sarcophagus.\nRed pol. vase at head. [drawn]\n", "reverseCard": "", "comments": "", "discoveryDate": "Jan. 14th", "cardNumber": "T.66 South Cemetery", "excavatorName": "Ahmemd Aise"}, "user_id": 658, "task_id": 62116, "created": "2016-05-17T01:56:14.308672", "finish_time": "2016-05-17T01:56:14.308696", "calibration": null, "user_ip": null, "timeout": null, "project_id": 313, "id": 99074}, {"info": {"description": "130 long x 70 broad", "reverseCard": "", "comments": "No units of measurement written.\nDrawing of body in coffin, with grave goods.", "discoveryDate": "", "cardNumber": "", "excavatorName": ""}, "user_id": 658, "task_id": 62117, "created": "2016-05-17T01:57:06.976008", "finish_time": "2016-05-17T01:57:06.976032", "calibration": null, "user_ip": null, "timeout": null, "project_id": 313, "id": 99075}, {"info": {"description": "T.67\nRect. shaft, chamber to north, made entirely of finely cut limestone with door of same.\nWooden sarcoph. in shaft, broken & taken from chamber. In shaft, 11 miniature vases. [drawing of 4 items]\n\nT.68\nRidged shaft, v. narrow, chambers never finished, north & south.", "reverseCard": "", "comments": "", "discoveryDate": "Jan. 16th", "cardNumber": "T.67, 68", "excavatorName": "Ahmed Aise"}, "user_id": 658, "task_id": 62118, "created": "2016-05-17T01:59:36.953835", "finish_time": "2016-05-17T01:59:36.953856", "calibration": null, "user_ip": null, "timeout": null, "project_id": 313, "id": 99077}, {"info": {"description": "T.69\nRidged shaft, v. narrow.\n\nT.70\nRidged rect. shaft, body in shaft, badly disturbed.", "reverseCard": "", "comments": "", "discoveryDate": "Jan. 16th", "cardNumber": "T.69, 70", "excavatorName": "Ahmed Aise"}, "user_id": 658, "task_id": 62119, "created": "2016-05-17T02:01:26.053033", "finish_time": "2016-05-17T02:01:26.053055", "calibration": null, "user_ip": null, "timeout": null, "project_id": 313, "id": 99079}, {"info": {"description": "T.71\nRect. shaft, ridged below the bricks, N & S. [drawn]\nTwo chambers S, narrow.\nUpper empty except for bones.\nLower chamber, bones disturbed.\na) Frags. of 2 painted coffins, man(?) & child, hands\nb) Mirror\nc) Large jar\nd) Scarab & couroid (sic)\ne) Gold ring [drawn]\nf) 3 gold earrings\ng) 2 small Bez bl. gl.\nh) 7 gilded stucco eyes.\ni) 7 gold leaf pendants.\nj) 2 smll bronze figurines (v. small)      over", "reverseCard": "", "comments": "", "discoveryDate": "Jan. 13th", "cardNumber": "T.71", "excavatorName": "Sawq Awad"}, "user_id": 658, "task_id": 62120, "created": "2016-05-17T02:06:27.574696", "finish_time": "2016-05-17T02:06:27.574718", "calibration": null, "user_ip": null, "timeout": null, "project_id": 313, "id": 99081}, {"info": {"description": "k) Eye of green stone\nl) Gold foil beads & clasp\nm) Bl. gl. beads\nn) 6 carnelian beads.", "reverseCard": "", "comments": "", "discoveryDate": "", "cardNumber": "", "excavatorName": ""}, "user_id": 658, "task_id": 62121, "created": "2016-05-17T02:07:36.435828", "finish_time": "2016-05-17T02:07:36.435851", "calibration": null, "user_ip": null, "timeout": null, "project_id": 313, "id": 99083}, {"info": {"description": "Cemetery: - South.\nT.41.\nTrench burial, badly upset. Head & legs only, are bl.jc. scarab.\nT.42.\nTarba N. TS. Head north, supine.\nT.43.\nTurba, E & W, feet west. Head rest sideways under head, supine. Discoid beads 4 mother of pearl, be.jc. beads, shells, part of bl.je. Bez figure.\nT.44.\nTurba, boy in coffin, head N. on left side. ", "reverseCard": "reverseCard", "comments": "Some of the handwriting was difficult to decipher. I made my best possible judgement. There does appear to be some information missing.", "discoveryDate": "Jan 9th.", "cardNumber": "T.41, 42, 43, 44", "excavatorName": "Saivaq 'Aioud."}, "user_id": 677, "task_id": 62110, "created": "2016-05-17T02:19:09.159179", "finish_time": "2016-05-17T02:19:09.159202", "calibration": null, "user_ip": null, "timeout": null, "project_id": 313, "id": 99086}, {"info": {"description": "Cemetery: - South.\nT.51 \nTurba, supine, head to N, ritled.\nT.52\nLory shaft, chamber N broken into 53, pottery oven.\nT.53\nN. Oya shaft. Broken into T.52.\nT.54\nVI. Dyn shaft, body on left side, head to N. Pottery oven.\nT.55\nLory shaft, burial supine, head to N at 1,20 n. Descending, blind.\nT.56\nLiy shaft E & W, chamber to W. Empty. Two vases in shaft.   ", "reverseCard": "", "comments": "Some of the handwriting was difficult to decipher. I made my best possible judgement. There does appear to be some information missing.", "discoveryDate": "Jan. 12th.", "cardNumber": "T.51, T.56", "excavatorName": "Mohamed 'Gwad"}, "user_id": 677, "task_id": 62111, "created": "2016-05-17T02:23:22.647949", "finish_time": "2016-05-17T02:23:22.647972", "calibration": null, "user_ip": null, "timeout": null, "project_id": 313, "id": 99087}, {"info": {"description": "Pottery 52. XVIII\nFiner ware.\nPottery 54 VI Dyn\nlnft fine red. ", "reverseCard": "", "comments": "Some of the handwriting was difficult to decipher. I made my best possible judgement. ", "discoveryDate": "", "cardNumber": "", "excavatorName": ""}, "user_id": 677, "task_id": 62112, "created": "2016-05-17T02:24:54.514181", "finish_time": "2016-05-17T02:24:54.514204", "calibration": null, "user_ip": null, "timeout": null, "project_id": 313, "id": 99088}, {"info": {"description": "T.72\nRect. shaft ridged as 71. Child at 1 m. at east wall in middle, head to N, supine.\nChamber on S. Sarcoph. half out of chamber, bricks above it closing chamber. Sandal, 7 bl. gl. coroid seal, face, hands & ears.       Over\n\nT.73\nRect. shaft, chamber to south;\na) Glaze scarab [drawn]\nb) Three vases [2 drawn]\n\nT.74\nRect. shaft N & S ridges, ch. to N, disturbed, few bl. gl. beads & in shaft a frag. of pottery.\n                                             Over\n", "reverseCard": "", "comments": "", "discoveryDate": "Jan. 13th", "cardNumber": "T.72, 73, 74", "excavatorName": ""}, "user_id": 658, "task_id": 62122, "created": "2016-05-17T02:31:41.085761", "finish_time": "2016-05-17T02:31:41.085786", "calibration": null, "user_ip": null, "timeout": null, "project_id": 313, "id": 99090}, {"info": {"description": "", "reverseCard": "", "comments": "Page is blank.", "discoveryDate": "", "cardNumber": "", "excavatorName": ""}, "user_id": 658, "task_id": 62123, "created": "2016-05-17T02:31:56.217334", "finish_time": "2016-05-17T02:31:56.217358", "calibration": null, "user_ip": null, "timeout": null, "project_id": 313, "id": 99091}, {"info": {"description": "Cemetery: South\nTomb: T.57, 58.\nT.57.\nDisturbed turba.\nsmall shell beads & large gold bead.\nT.58. Rect shaft N-S. Chamber to S\nman's body badly damaged.", "reverseCard": "reverseCard", "comments": "", "discoveryDate": "Jan. 13th", "cardNumber": "T.57, 58.", "excavatorName": ""}, "user_id": 580, "task_id": 62113, "created": "2016-05-17T09:53:40.028211", "finish_time": "2016-05-17T09:53:40.028235", "calibration": null, "user_ip": null, "timeout": null, "project_id": 313, "id": 99099}, {"info": {"description": "Cemetery: South\nTomb: T.61, 62, 63\n61.\nVI Dyn shaft\n62. VI Dyn shaft. Coffin of mud [plan]\nmud coffin, no skeleton\n63. VI Dyn shaft, ch to east\nparts of female body, yellow hair, head to N. No finds", "reverseCard": "", "comments": "", "discoveryDate": "Jan 12th", "cardNumber": "T.61, 62, 63", "excavatorName": "Ahmed 'Aise"}, "user_id": 580, "task_id": 62114, "created": "2016-05-17T09:55:45.654583", "finish_time": "2016-05-17T09:55:45.654606", "calibration": null, "user_ip": null, "timeout": null, "project_id": 313, "id": 99100}, {"info": {"description": "Cemetery: South\nTomb: T.64, 65\nT.64. Rect. shaft. Mummy near top, male, head S. N&S\nLower a large wooden coffin, woman on right side, head to N\nWooden rabbit, shells\nBl. gl. amulets [drawing]\nGlaze beads [drawing]\n2 stone beads\nT.65 VI Dyn square, chamber to W.\nman, left side, head N.\nOne pot at waist\nBoth arms broken & badly joined\nred ware [drawing]", "reverseCard": "", "comments": "", "discoveryDate": "Jan. 13th", "cardNumber": "T.64, 65", "excavatorName": ""}, "user_id": 580, "task_id": 62115, "created": "2016-05-17T09:58:38.679510", "finish_time": "2016-05-17T09:58:38.679533", "calibration": null, "user_ip": null, "timeout": null, "project_id": 313, "id": 99101}, {"info": {"description": "", "reverseCard": "", "comments": "", "discoveryDate": "Jan. 14th", "cardNumber": "", "excavatorName": "Ahmed 'Aise"}, "user_id": 580, "task_id": 62116, "created": "2016-05-17T09:59:06.768107", "finish_time": "2016-05-17T09:59:06.768130", "calibration": null, "user_ip": null, "timeout": null, "project_id": 313, "id": 99102}, {"info": {"description": "[drawing]\n130 long x 70 broad", "reverseCard": "", "comments": "", "discoveryDate": "", "cardNumber": "", "excavatorName": ""}, "user_id": 580, "task_id": 62117, "created": "2016-05-17T09:59:34.947998", "finish_time": "2016-05-17T09:59:34.948021", "calibration": null, "user_ip": null, "timeout": null, "project_id": 313, "id": 99103}, {"info": {"description": "Cemetery: South\nTomb: T.67., 68\n67\nRect. shaft, chamber to north, made entirely of finely cut limestone with door of same.\nWooden sarcoph. in shaft, broken & taken from chamber\nIn shaft 11 miniature vases [drawings]\n68 Ridged shaft v. narrow, chambers never finished, north & south.", "reverseCard": "", "comments": "", "discoveryDate": "Jan 16th", "cardNumber": "T.67., 68", "excavatorName": "Ahmed Aise"}, "user_id": 580, "task_id": 62118, "created": "2016-05-17T10:01:47.476748", "finish_time": "2016-05-17T10:01:47.476770", "calibration": null, "user_ip": null, "timeout": null, "project_id": 313, "id": 99104}, {"info": {"description": "Cemetery: South\nTomb: T.69, 70\n69. Ridged shaft v. narrow.\n70. Ridged rect. shaft, body in shaft badly disturbed.", "reverseCard": "", "comments": "", "discoveryDate": "Jan 16th", "cardNumber": "T.69, 70", "excavatorName": "Ahmed 'Aise"}, "user_id": 580, "task_id": 62119, "created": "2016-05-17T10:03:23.003247", "finish_time": "2016-05-17T10:03:23.003271", "calibration": null, "user_ip": null, "timeout": null, "project_id": 313, "id": 99105}, {"info": {"description": "Cemetery: South\nTomb: T.71.\nT.71.\nRect. shaft, ridged below the bricks, N & S [drawing]\nTwo chambers S, narrow.\nUpper empty exe. for bones.\nLower chamber, bones disturbed\n(a) Fragts. of 2 painted coffins \nman (?) & child, hands\n(b) Mirror\n(c) Large jar\n(d) Scarab & [...][;]over\n(e) Gold ring [drawing]\n(f) 3 gold earrings.\n(g) 2 small Bez. bl. gl.\n(h) 7 gilded stucco eyes.\n(i) 7 gold leaf pendants\n(j) 2 small bronze figurines (v small.)", "reverseCard": "", "comments": "", "discoveryDate": "Jan 13th", "cardNumber": "T.71.", "excavatorName": "Sawag 'Awad"}, "user_id": 580, "task_id": 62120, "created": "2016-05-17T10:09:38.401357", "finish_time": "2016-05-17T10:09:38.401381", "calibration": null, "user_ip": null, "timeout": null, "project_id": 313, "id": 99106}, {"info": {"description": "[drawings]\n(k) Eye of green stone\n(l) Gold foil beads & clasp.\n(m) Bl. gl. beads\n(n) 6 carnelian beads.", "reverseCard": "", "comments": "", "discoveryDate": "", "cardNumber": "", "excavatorName": ""}, "user_id": 580, "task_id": 62121, "created": "2016-05-17T10:11:07.426743", "finish_time": "2016-05-17T10:11:07.426768", "calibration": null, "user_ip": null, "timeout": null, "project_id": 313, "id": 99107}, {"info": {"description": "Cemetery: South\nTomb: T.72. 73. 74\nT.72.\nRect. shaft ridged as 71. Child at 1 m. at east all in middle, head to N. supine.\nChamber on S. Sarcoph. half out of chamber, bricks above it closing cham.\nber. Sandal, & bl. gl. conoid seal [;] over\nface, hands & ears.\nT.73.\nRect. shaft, chamber to south\n(a) Glaze scarab [drawing]\n(b) Three vases [drawings]\nT.74. Rect. shaft N & S. ridged, ch. to N distrubed, few bl. gl. beads & in shaft a fragt. of pottery.", "reverseCard": "reverseCard", "comments": "", "discoveryDate": "Jan 13th", "cardNumber": "T.72. 73. 74", "excavatorName": ""}, "user_id": 580, "task_id": 62122, "created": "2016-05-17T11:28:02.063796", "finish_time": "2016-05-17T11:28:02.063820", "calibration": null, "user_ip": null, "timeout": null, "project_id": 313, "id": 99108}, {"info": {"description": "", "reverseCard": "", "comments": "", "discoveryDate": "", "cardNumber": "", "excavatorName": ""}, "user_id": 580, "task_id": 62123, "created": "2016-05-17T11:28:10.619699", "finish_time": "2016-05-17T11:28:10.619722", "calibration": null, "user_ip": null, "timeout": null, "project_id": 313, "id": 99109}, {"info": {"description": "Cemetery: South\nTomb: T.76, 77\nRect. shaft, no chambers\n[Scarab in tip of shaft] [drawing]\nAt once came a body [female] in wooden coffin, head N, prone, few bones of child near her head.\n(a) Pot [drawing] in S.E. corner of grave\n(b) Square [drawing] ornament of bl. gl. on necklace of black beads\n(c) Scarab at l. hand [drawing]\n77. Rect shaft, body above head to N, supine. No furniture. Supine.\nBelow plundered body in shaft head to N, disturbed", "reverseCard": "", "comments": "", "discoveryDate": "Jan. 15th", "cardNumber": "T.76, 77", "excavatorName": "Sawag 'Awad"}, "user_id": 580, "task_id": 62124, "created": "2016-05-17T11:32:39.545676", "finish_time": "2016-05-17T11:32:39.545699", "calibration": null, "user_ip": null, "timeout": null, "project_id": 313, "id": 99110}, {"info": {"description": "Cemetery: South\nTomb: T.78, 79\n78. [plan]\nRect. shaft head N. body in shaft, blind\n79. [plan]\nRidged shaft, long chamber to S body in coffin untouched head to N, supine.", "reverseCard": "", "comments": "", "discoveryDate": "Jan 17th", "cardNumber": "T.78, 79", "excavatorName": "Sawag 'Awad"}, "user_id": 580, "task_id": 62125, "created": "2016-05-17T11:34:27.185282", "finish_time": "2016-05-17T11:34:27.185306", "calibration": null, "user_ip": null, "timeout": null, "project_id": 313, "id": 99112}, {"info": {"description": "", "reverseCard": "", "comments": "", "discoveryDate": "Jan. 15th", "cardNumber": "", "excavatorName": "Mohammed 'Awad"}, "user_id": 580, "task_id": 62126, "created": "2016-05-17T11:34:51.367577", "finish_time": "2016-05-17T11:34:51.367603", "calibration": null, "user_ip": null, "timeout": null, "project_id": 313, "id": 99113}, {"info": {"description": "Tomb: T.82, 83\n[plan]\nT.82.\nRidged, chamber broken from 83.\nNo finds.\nT.83. Undisturbed sand in shaft.\n[plan]\nSeven sealed jars in chamber on east of a wood coffin.\nAbandoned by us owing to a dangerous fall of gebel.", "reverseCard": "", "comments": "", "discoveryDate": "Jan 15th", "cardNumber": "T.82, 83", "excavatorName": "Mohammed 'Awad"}, "user_id": 580, "task_id": 62127, "created": "2016-05-17T11:36:58.513762", "finish_time": "2016-05-17T11:36:58.513782", "calibration": null, "user_ip": null, "timeout": null, "project_id": 313, "id": 99114}, {"info": {"description": "Tomb: T.84, 86\nT.84.\nVI. Dyn square shaft, ch. to S.\ngirl in coffin on left side, head to north.\nT.86.\nRect. shaft [plan]\nCh. to N, fastened up.\nBody supine head to N.", "reverseCard": "", "comments": "", "discoveryDate": "Jan 15th", "cardNumber": "T.84, 86.", "excavatorName": ""}, "user_id": 580, "task_id": 62128, "created": "2016-05-17T11:38:40.455363", "finish_time": "2016-05-17T11:38:40.455390", "calibration": null, "user_ip": null, "timeout": null, "project_id": 313, "id": 99115}, {"info": {"description": "Cemetery: South\nTomb: T.87.\nRect.shaft N.S. near top a child's body disturbed towards N. end.\n2 grenn glaze Bez amulets\nBl. gl. frog amulet, 5 beads of glaze (?)\n& many white discoid beads of shell.\nSlightly lower a pot [drawing] rough ware\nChamber\nto N. man's body\nhead to N. Disturbed.\nLong bl. gl. beads [drawing]\n& mud fragts with cloth impression on one side & [drawing] on other.", "reverseCard": "", "comments": "", "discoveryDate": "Jan 19th", "cardNumber": "T.87.", "excavatorName": "M. 'Awad"}, "user_id": 580, "task_id": 62129, "created": "2016-05-17T11:42:08.680868", "finish_time": "2016-05-17T11:42:08.680889", "calibration": null, "user_ip": null, "timeout": null, "project_id": 313, "id": 99116}, {"info": {"description": "Tomb: T.88.\nDisturbed turba burial near top.\nThree carnel. beads & 2 wh. gl. (?) beads [drawing]. Bones broken up.\nWhitish frog amulet.", "reverseCard": "", "comments": "", "discoveryDate": "Jan. 20.", "cardNumber": "T.88.", "excavatorName": "M. 'Awad"}, "user_id": 580, "task_id": 62130, "created": "2016-05-17T11:43:28.167431", "finish_time": "2016-05-17T11:43:28.167457", "calibration": null, "user_ip": null, "timeout": null, "project_id": 313, "id": 99117}, {"info": {"description": "Cemetery: South\nTomb: T.91.\nRect. shaft, N & S.\nA. Child at corner [plan] in coffin head to E\nB. Woman lower head to N, in wooden coffin. On her left side. Beads & bl. gl. stamp at r. hand (up to chin)\nscarab at left hand [drawing]\nBl. gl. hedgehog above\nBeads bl. gl. & red\nLong bead [drawing]\nC. Chamber to N. body plundered.", "reverseCard": "", "comments": "", "discoveryDate": "Jan 16th", "cardNumber": "T.91.", "excavatorName": "Mohammed 'Awad"}, "user_id": 580, "task_id": 62131, "created": "2016-05-17T11:46:40.630319", "finish_time": "2016-05-17T11:46:40.630341", "calibration": null, "user_ip": null, "timeout": null, "project_id": 313, "id": 99118}, {"info": {"description": "Tomb: T.101.\nTurba, head to E, body on rt. side\nBelow it a VI. Dyn shaft, chamber to W. Full of drift sand.", "reverseCard": "", "comments": "", "discoveryDate": "Jan 17th", "cardNumber": "T.101.", "excavatorName": "Ahmed 'Aide"}, "user_id": 580, "task_id": 62132, "created": "2016-05-17T11:47:55.676882", "finish_time": "2016-05-17T11:47:55.676907", "calibration": null, "user_ip": null, "timeout": null, "project_id": 313, "id": 99119}, {"info": {"description": "Tomb: T.102, 103\n102.\nVI. Dyn shaft [plans]\nbody on left side, male\n103.\nVI. Dyn shaft, chamber to N.\nwoman's body, head to N, on right side. \nOVER", "reverseCard": "", "comments": "", "discoveryDate": "Jan 19th", "cardNumber": "T.102, 103", "excavatorName": "Ahmed Aise"}, "user_id": 580, "task_id": 62133, "created": "2016-05-17T11:49:37.286542", "finish_time": "2016-05-17T11:49:37.286567", "calibration": null, "user_ip": null, "timeout": null, "project_id": 313, "id": 99120}, {"info": {"description": "", "reverseCard": "", "comments": "", "discoveryDate": "", "cardNumber": "", "excavatorName": ""}, "user_id": 580, "task_id": 62134, "created": "2016-05-17T11:49:42.508374", "finish_time": "2016-05-17T11:49:42.508398", "calibration": null, "user_ip": null, "timeout": null, "project_id": 313, "id": 99121}, {"info": {"description": "Tomb: T.104, 105\n104.\nTurba, girl's body, head to N. on right side, hands down.\n105\nVI. Dyn shaft [plan]\nbody on left side\npot, sealed, in N corner of chamber.\nOVER", "reverseCard": "", "comments": "", "discoveryDate": "Jan 19th", "cardNumber": "T.104, 105", "excavatorName": "Ahmed 'Aise"}, "user_id": 580, "task_id": 62135, "created": "2016-05-17T11:51:29.440426", "finish_time": "2016-05-17T11:51:29.440446", "calibration": null, "user_ip": null, "timeout": null, "project_id": 313, "id": 99122}, {"info": {"description": "", "reverseCard": "", "comments": "", "discoveryDate": "", "cardNumber": "", "excavatorName": ""}, "user_id": 580, "task_id": 62136, "created": "2016-05-17T11:51:35.125059", "finish_time": "2016-05-17T11:51:35.125084", "calibration": null, "user_ip": null, "timeout": null, "project_id": 313, "id": 99123}, {"info": {"description": "Tomb. 106, 107\n106\nTurba, body in wooden sarcoph.\n[plan]\nhead removed, supine\n107. Turba.\nBody head to N.E.\ncrouched, on rt. side\nhands up to face.", "reverseCard": "", "comments": "", "discoveryDate": "Jan 20", "cardNumber": "T.106, 107", "excavatorName": ""}, "user_id": 580, "task_id": 62137, "created": "2016-05-17T11:52:53.992525", "finish_time": "2016-05-17T11:52:53.992551", "calibration": null, "user_ip": null, "timeout": null, "project_id": 313, "id": 99124}, {"info": {"description": "Tomb: T.120. 121\n120.\n[plan]\nRect. shaft, chamber S, broken in from the blind shaft to south.\nMale body on back head to S. \nOVER.\nNo furniture\n121.\nTurba grave, old man, 4 teeth left, supine head S. hands to side.\nCoffin stucco on wood, painted & shaped to shoulders.\nNot in coffin: Three broken vases on top & Three fragments underneath. probably did not belong", "reverseCard": "", "comments": "", "discoveryDate": "Jan. 21st", "cardNumber": "T.120. 121", "excavatorName": "Sawag Awad"}, "user_id": 580, "task_id": 62138, "created": "2016-05-17T11:56:44.023923", "finish_time": "2016-05-17T11:56:44.023947", "calibration": null, "user_ip": null, "timeout": null, "project_id": 313, "id": 99125}, {"info": {"description": "", "reverseCard": "", "comments": "", "discoveryDate": "", "cardNumber": "", "excavatorName": ""}, "user_id": 580, "task_id": 62139, "created": "2016-05-17T11:56:49.024534", "finish_time": "2016-05-17T11:56:49.024558", "calibration": null, "user_ip": null, "timeout": null, "project_id": 313, "id": 99126}, {"info": {"description": "Tomb: T.150.\nRoman vault, ran due E & W., one mummy, head to E.\nOne fragt. at gold leaf on breast, under throat.\nTwo Roman handled jars\nA Roman jug\n[drawings]", "reverseCard": "", "comments": "", "discoveryDate": "Jan 17th", "cardNumber": "T.150.", "excavatorName": "Sawag 'Awad"}, "user_id": 580, "task_id": 62140, "created": "2016-05-17T11:59:01.481154", "finish_time": "2016-05-17T11:59:01.481181", "calibration": null, "user_ip": null, "timeout": null, "project_id": 313, "id": 99127}, {"info": {"description": "Cemetery: South.\nRect. shaft, no chambers.\n[Scarab in top of shaft].\nAt once came a body in wooden coffin, head N, prone, few bones of child near head.\na. Pot in S.E. corner of grave.\nb. Square ornament of be.gl. an necklace of black beads.\nc. Scarab at l.hand.\n77. Rect shaft, body above head to N, sapine. No furniture. Supine below plundered body in shaft head to N, disturbed.   ", "reverseCard": "reverseCard", "comments": "Some of the handwriting was difficult to deciper. I made my best possible judgement. ", "discoveryDate": "Jan. 15th.", "cardNumber": "T.76, 77.", "excavatorName": "Sawir 'Awad"}, "user_id": 677, "task_id": 62124, "created": "2016-05-18T00:55:22.721462", "finish_time": "2016-05-18T00:55:22.721489", "calibration": null, "user_ip": null, "timeout": null, "project_id": 313, "id": 99178}, {"info": {"description": "78.\nRect. shaft head N. body in shaft, blind.\n79.\nRidged shaft, lay chamber to S body in coffin untouched head to N, supine. ", "reverseCard": "", "comments": "Some of the handwriting was difficult to deciper. I made my best possible judgement. ", "discoveryDate": "Jan 17th", "cardNumber": "T.78, 79.", "excavatorName": "Sawy 'Gwad"}, "user_id": 677, "task_id": 62125, "created": "2016-05-18T00:57:15.536392", "finish_time": "2016-05-18T00:57:15.536416", "calibration": null, "user_ip": null, "timeout": null, "project_id": 313, "id": 99179}, {"info": {"description": "Cemetery: South.\nVI. Dyn. square shaft, chamber to West. Female on left side in wooden coffin, head to N. left hand under head, other hand down. \nLegs stretched out.\nAt breast vase.\nAt throat small shell of green paint under head a wooden head rest. ", "reverseCard": "reverseCard", "comments": "", "discoveryDate": "Jan. 15th.", "cardNumber": "T.81.", "excavatorName": "Mohammed 'Gwad"}, "user_id": 677, "task_id": 62126, "created": "2016-05-19T00:28:21.201290", "finish_time": "2016-05-19T00:28:21.201310", "calibration": null, "user_ip": null, "timeout": null, "project_id": 313, "id": 99237}, {"info": {"description": "T.82. T.83. 84.\nT.82.\nRidged chamber broken from 83. No finds.\nT.83. Undisturbed sand in shaft. \n83. 84.\nSeven sealed jars in chamber in east of a wood coffin. Abandoned by us owing to a dangerous tale of gebel. \n", "reverseCard": "", "comments": "Some of the handwriting was difficult to decipher. I made my best possible judgement. ", "discoveryDate": "Jan. 15th.", "cardNumber": "T.82, 83.", "excavatorName": "Mohammed 'Gwad"}, "user_id": 677, "task_id": 62127, "created": "2016-05-19T00:31:00.746934", "finish_time": "2016-05-19T00:31:00.746957", "calibration": null, "user_ip": null, "timeout": null, "project_id": 313, "id": 99238}, {"info": {"description": "T.84\nVI Dyn. Square shaft, ch. to S. girl in coffin on left side, head to north\n\nT.86\nRect. Shaft [sketch of tomb]\nCh. to N, fastened up. Body supine, head to N.", "reverseCard": "reverseCard", "comments": "", "discoveryDate": "Jan 15th 1909", "cardNumber": "T84, 86", "excavatorName": "N/A"}, "user_id": 1245, "task_id": 62128, "created": "2016-05-21T14:24:35.748919", "finish_time": "2016-05-21T14:24:35.748942", "calibration": null, "user_ip": null, "timeout": null, "project_id": 313, "id": 99442}, {"info": {"description": "Rect. shaft N.S., near top a child, body disturbed towards N. end.\n2 green glaze Bez amulets\nBl.gl. [poj?] amulet, 5 beads of glaze (?) & many white discord beads of shell.\nSlightly lower a pot -> [sketch] rough ware.\n\nChamber to N. mans body, head to N. Disturbed.\nLong bl. gl. heads [sketch]\n& mud [illegible] with cloth impression on one side & [sketch] on other.", "reverseCard": "", "comments": "", "discoveryDate": "Jan 19th 1909", "cardNumber": "T87", "excavatorName": "M. 'Awad"}, "user_id": 1245, "task_id": 62129, "created": "2016-05-21T14:30:46.383622", "finish_time": "2016-05-21T14:30:46.383643", "calibration": null, "user_ip": null, "timeout": null, "project_id": 313, "id": 99443}, {"info": {"description": "Disturbed tomb, burial near top.\nThree carmel beads, & 2 bl.gl. (?) beads [sketch]. Bones broken up.\nWhitish frog amulet.", "reverseCard": "", "comments": "", "discoveryDate": "Jan 20 1909", "cardNumber": "T.88", "excavatorName": "M. 'Awad"}, "user_id": 1245, "task_id": 62130, "created": "2016-05-21T14:33:04.350913", "finish_time": "2016-05-21T14:33:04.350936", "calibration": null, "user_ip": null, "timeout": null, "project_id": 313, "id": 99444}, {"info": {"description": "Rect. shaft, N&S [sketch detailing three chambers, labelled A-C]\n\nA. Child at corner, in coffin head to E.\n\nB. Woman, lower, head to N., in wooden coffin. On her left side, beads & bl. gl. stamp at r. hand (up to chin). Scarab at left hand [sketch]. Bl. gl. hedgehog above, beads, bl.gl. & red. Long head [sketch]\n\nC. Chamber to N. body, plundered.", "reverseCard": "", "comments": "", "discoveryDate": "Jan 16th 1909", "cardNumber": "T.91", "excavatorName": "Mohammed 'Awad"}, "user_id": 1245, "task_id": 62131, "created": "2016-05-21T14:38:33.357421", "finish_time": "2016-05-21T14:38:33.357447", "calibration": null, "user_ip": null, "timeout": null, "project_id": 313, "id": 99445}, {"info": {"description": "[Turba?], head to E., body on rt. side\n\nBelow it a VI Dyns. shaft, chamber to W. Full of drift. sand.", "reverseCard": "", "comments": "", "discoveryDate": "Jan 17 1909", "cardNumber": "T.101", "excavatorName": "Ahmed 'Aise"}, "user_id": 1245, "task_id": 62132, "created": "2016-05-21T14:41:10.078537", "finish_time": "2016-05-21T14:41:10.078561", "calibration": null, "user_ip": null, "timeout": null, "project_id": 313, "id": 99446}, {"info": {"description": "102. VI Dyn shaft, body on left side[;]103. VI Dyn. shaft, chamber to N. womans body, head to N on right side.", "reverseCard": "reverseCard", "comments": "", "discoveryDate": "Jan 119th", "cardNumber": "T.102, 103", "excavatorName": "Ahmed Aise"}, "user_id": 433, "task_id": 62133, "created": "2016-05-23T17:44:31.773418", "finish_time": "2016-05-23T17:44:31.773439", "calibration": null, "user_ip": null, "timeout": null, "project_id": 313, "id": 99589}, {"info": {"description": "", "reverseCard": "", "comments": "", "discoveryDate": "", "cardNumber": "", "excavatorName": ""}, "user_id": 433, "task_id": 62134, "created": "2016-05-23T17:44:38.381765", "finish_time": "2016-05-23T17:44:38.381786", "calibration": null, "user_ip": null, "timeout": null, "project_id": 313, "id": 99590}, {"info": {"description": "104. Turba, girl's body, head to N. on right side, hands down[;]105. VI Dyn. shaft. body on l. side, pot, sealed, in N corner of chamber", "reverseCard": "", "comments": "", "discoveryDate": "Jan 19th", "cardNumber": "T.104, 105", "excavatorName": "Ahmed Aise"}, "user_id": 433, "task_id": 62135, "created": "2016-05-23T17:46:06.631959", "finish_time": "2016-05-23T17:46:06.631981", "calibration": null, "user_ip": null, "timeout": null, "project_id": 313, "id": 99591}, {"info": {"description": "", "reverseCard": "", "comments": "", "discoveryDate": "", "cardNumber": "", "excavatorName": ""}, "user_id": 433, "task_id": 62136, "created": "2016-05-23T17:46:11.174066", "finish_time": "2016-05-23T17:46:11.174086", "calibration": null, "user_ip": null, "timeout": null, "project_id": 313, "id": 99592}, {"info": {"description": "106. Turba, body in wooden sarcoph. head removed, supine, S.E.[;]107. Turba. Body head to N.E., crouched, on rt. side hands up to face.", "reverseCard": "", "comments": "", "discoveryDate": "Jan. 20th", "cardNumber": "T.106, 107", "excavatorName": ""}, "user_id": 433, "task_id": 62137, "created": "2016-05-23T17:48:22.671059", "finish_time": "2016-05-23T17:48:22.671083", "calibration": null, "user_ip": null, "timeout": null, "project_id": 313, "id": 99594}, {"info": {"description": "120. Rect. shaft, chamber S, broken in from the blind shaft to south. Male body on back head to N. No furniture[;]121. Turba grave, old man, 4 teeth left. Supine head S. hands to side. Coffin stucco on wood, painted and shaped to shoulders. Three broken vases on top. Three fragments underneath (not in coffin, probably did not belong)", "reverseCard": "", "comments": "", "discoveryDate": "Jan. 21st", "cardNumber": "T.120, 121", "excavatorName": "Sawaq Awad"}, "user_id": 433, "task_id": 62138, "created": "2016-05-23T17:51:02.399883", "finish_time": "2016-05-23T17:51:02.399906", "calibration": null, "user_ip": null, "timeout": null, "project_id": 313, "id": 99595}, {"info": {"description": "", "reverseCard": "", "comments": "", "discoveryDate": "", "cardNumber": "", "excavatorName": ""}, "user_id": 433, "task_id": 62139, "created": "2016-05-23T17:51:06.518720", "finish_time": "2016-05-23T17:51:06.518744", "calibration": null, "user_ip": null, "timeout": null, "project_id": 313, "id": 99597}, {"info": {"description": "Roman vault, ran due E + W, one mummy, head to E. One fragt. at gold leaf on breast, under throat. Two Roman handled jars. A roman jug.", "reverseCard": "", "comments": "", "discoveryDate": "Jan 17th", "cardNumber": "T.150", "excavatorName": "Sawaq Awad"}, "user_id": 433, "task_id": 62140, "created": "2016-05-23T17:52:37.392591", "finish_time": "2016-05-23T17:52:37.392614", "calibration": null, "user_ip": null, "timeout": null, "project_id": 313, "id": 99598}]