[{"info": {"description": "Plundered.\n1. Rectangular shaft, bricked above\n2. fine copper knife, broken, in the \n3. filling, 185 mm long\n4. Two lower chambers, N collapsed;\n5. in sand 2 wooden ears, a nut\n6. bl. gl. beads\n7. a vase\n8. fragements of painted stucco.\n9. a small vase 38mm diam.\n10.\n11. The two upper chambers are quite\n12. empty\n13. N collapsed / Section of shaft / S ", "reverseCard": "reverseCard", "comments": "", "discoveryDate": "Dec. 9th.", "cardNumber": "O.1", "excavatorName": "Ahmed 'Aisa"}, "user_id": null, "task_id": 61665, "created": "2016-04-30T15:23:18.424257", "finish_time": "2016-04-30T15:23:18.424281", "calibration": null, "user_ip": "77.20.179.163", "timeout": null, "project_id": 306, "id": 96773}, {"info": {"description": "Plundered\n1. Rectangular shaft, N.W - S.E.\n2. Two chambers at a level\n3. One bl. gl. bead from N. chamber", "reverseCard": "", "comments": "", "discoveryDate": "Dec. 13th. ", "cardNumber": "O.2.", "excavatorName": "Ahmed 'Aibe"}, "user_id": null, "task_id": 61666, "created": "2016-04-30T15:25:07.942001", "finish_time": "2016-04-30T15:25:07.942025", "calibration": null, "user_ip": "77.20.179.163", "timeout": null, "project_id": 306, "id": 96774}, {"info": {"description": "Plundered \n1. Rather deep rectangular shaft\n2. chamber N. a. S. at same level.\n3. N. Three vases\n4. a) Two high bowls\n5. b) a small open dish MArk D. 3. \n6. White discoidal beads\n7.\n8. S. Small open dish Mark D. 3. S. \n9. White discoidal beads", "reverseCard": "", "comments": "", "discoveryDate": "Dec. 16th, ", "cardNumber": "O.3.", "excavatorName": "Ahmed 'Aise"}, "user_id": null, "task_id": 61667, "created": "2016-04-30T15:28:16.584415", "finish_time": "2016-04-30T15:28:16.584439", "calibration": null, "user_ip": "77.20.179.163", "timeout": null, "project_id": 306, "id": 96775}, {"info": {"description": "1. Rectangular shaft next to an W. of \n2. D. 3\n3. In shaft quite near top\n4. a) Part of pan bl. glaze vase\n5. b) Bell vases of pan pottery, 5 at past\n6. c) Bone knife 110 mm\n7. d) Complete red vase in frag(ment)s?\n8. e) Piece of incised wood \n9. from box 115 cm \n10. f) Rougher red vase\n11. g) Small rectangular flint\n12. h) Piece of ivaory bracelet\n13. j) Several more pan pot? vases\n14. k) Inlaid eyes (2)\n15. l) Broken bl. glazed Ushabti\n16. m) Large shell", "reverseCard": "", "comments": "", "discoveryDate": "Dec. 18th.", "cardNumber": "O. 4", "excavatorName": "Ahmed 'Aisa"}, "user_id": null, "task_id": 61668, "created": "2016-04-30T15:35:52.923834", "finish_time": "2016-04-30T15:35:52.923857", "calibration": null, "user_ip": "77.20.179.163", "timeout": null, "project_id": 306, "id": 96776}, {"info": {"description": "n) Small bowl open, pink and white spots \no) Bl. glazed beads\n\nThe rock below was unsound and so the \nN. chamber was never built\nS. chamber v(ery) roughly shaped and\nsides ### with bricks ", "reverseCard": "", "comments": "", "discoveryDate": "", "cardNumber": "", "excavatorName": ""}, "user_id": null, "task_id": 61669, "created": "2016-04-30T15:40:04.284617", "finish_time": "2016-04-30T15:40:04.284644", "calibration": null, "user_ip": "77.20.179.163", "timeout": null, "project_id": 306, "id": 96777}, {"info": {"description": "Rectangular shaft, bricked above. \nFine copper knife, broken, in the filling, 185 mm long.\nTwo lower chambers, N. collapsed. in South 2 wooden ears, a nut, bl. gl. bead, a vase, fragment of painted stucco, a very small vase 38mm diameter.\nTwo upper chambers are quite empty.", "reverseCard": "reverseCard", "comments": "Noted as plundered.\nDrawing of tomb. \nObjects noted as drawn.", "discoveryDate": "Dec. 9th", "cardNumber": "O1 South of  Shaneh", "excavatorName": "Ahmed 'Aisa"}, "user_id": 1, "task_id": 61665, "created": "2016-05-02T07:12:24.646064", "finish_time": "2016-05-02T07:12:24.646086", "calibration": null, "user_ip": null, "timeout": null, "project_id": 306, "id": 96813}, {"info": {"description": "Rectangular shaft, NW - SE. Two chambers at level. One bl.gl. bead from N. Chamber.", "reverseCard": "", "comments": "", "discoveryDate": "December 13th ", "cardNumber": "O2 Cemetery D", "excavatorName": "Ahmed 'Aise"}, "user_id": 1, "task_id": 61666, "created": "2016-05-02T07:13:25.898430", "finish_time": "2016-05-02T07:13:25.898457", "calibration": null, "user_ip": null, "timeout": null, "project_id": 306, "id": 96814}, {"info": {"description": "Cemetery: South of Shuneh\nTomb: P. 1\nPlundered.\nRectangular shaft, bricked above.\nFine copper knife, broken in the filling, 185 mm long.\nTwo lower chambers, N. collapsed.\nin South, 2 wooden ears, a nut\nbl. gl. beads\na vase\nfragment of painted stucco.\n2 v. small vase 38 mm diam.\nThe two upper chambers are quite empty.\n[drawing] N. collapsed; section of shaft. S.\nPhotos or Drawings: Drawn.", "reverseCard": "reverseCard", "comments": "", "discoveryDate": "Dec. 9th", "cardNumber": "", "excavatorName": "Ahmed 'Uisa"}, "user_id": 730, "task_id": 61665, "created": "2016-05-02T14:52:08.458809", "finish_time": "2016-05-02T14:52:08.458833", "calibration": null, "user_ip": null, "timeout": null, "project_id": 306, "id": 96818}, {"info": {"description": "[Card title changed from 1908-9 to] ABYDOS, 1909-10\nCemetery: D\nTomb: 2 \nPlundered.\nRectangular shaft, N.W. - S. E.\nTwo chambers at a level.\nOne bl. gl. bead from N. chamber", "reverseCard": "", "comments": "On the Tomb: entry at the top, there is a D that is lined out in front of the 2. The top of the card is marked: O.", "discoveryDate": "Dec. 13th", "cardNumber": "", "excavatorName": "Ahmed 'Aise"}, "user_id": 730, "task_id": 61666, "created": "2016-05-02T15:25:52.554375", "finish_time": "2016-05-02T15:25:52.554399", "calibration": null, "user_ip": null, "timeout": null, "project_id": 306, "id": 96819}, {"info": {"description": "Plundered.\nRather deep rectangular shaft chamber N& S at same level.\nNorth \nThree Vases\na) two high bowls\nb) a small open dish Mark D3\nWhite discoidal beads\nSouth\nSmall open dish Mark D3S\nWhite discoidal beads", "reverseCard": "reverseCard", "comments": "", "discoveryDate": "December 16th", "cardNumber": "O3", "excavatorName": "Ahmed 'Aise"}, "user_id": 1, "task_id": 61667, "created": "2016-05-02T17:49:30.498822", "finish_time": "2016-05-02T17:49:30.498846", "calibration": null, "user_ip": null, "timeout": null, "project_id": 306, "id": 96820}, {"info": {"description": "Rectangular shaft next to and West of D3.\nIn shaft near top:\na) parts of pan bl glaze vase\nb) Bell vases of pan pottery, 5 at best\nc) Bone knife 110mm\nd) Complete red vase in [..]\ne) Piece of incised wood from box 115cm\nf) Rougher red ware\ng) Small rectangular flint\nh) Pieces of ivory bracelet\nj) several more pan pot vases\nk) inlaid eye (2)\nl) Broken bl glaze Ushabti\nm) Large shell", "reverseCard": "", "comments": "OVER in bottom right", "discoveryDate": "December 18th", "cardNumber": "O4", "excavatorName": "Ahmed 'Aise"}, "user_id": 1, "task_id": 61668, "created": "2016-05-02T17:53:33.897366", "finish_time": "2016-05-02T17:53:33.897390", "calibration": null, "user_ip": null, "timeout": null, "project_id": 306, "id": 96821}, {"info": {"description": "n) Small bowl open, pink and white spots\no) Bl glaze beads\n\nThe rock below was unsound and so the North Chamber was never built. South chamber very roughly shaped and sides buttressed with brick.", "reverseCard": "", "comments": "Reverse of D4", "discoveryDate": "", "cardNumber": "", "excavatorName": ""}, "user_id": 1, "task_id": 61669, "created": "2016-05-02T17:54:54.966371", "finish_time": "2016-05-02T17:54:54.966395", "calibration": null, "user_ip": null, "timeout": null, "project_id": 306, "id": 96822}, {"info": {"description": "Rather deep rectangular shaft [;] Chamber N. & S. at same level. [;] N. Three vases [;] (a) Two high bowls. [;] (b) A small open dish. [;] White discoidal beads.  Mark D.3. [;] S. Small open dish. Mark D.3.S. [;] White discoidal beads.", "reverseCard": "reverseCard", "comments": "", "discoveryDate": "Dec. 16, 1910", "cardNumber": "D.3.", "excavatorName": "Ahmed Aise"}, "user_id": 717, "task_id": 61667, "created": "2016-05-02T18:18:57.017716", "finish_time": "2016-05-02T18:18:57.017738", "calibration": null, "user_ip": null, "timeout": null, "project_id": 306, "id": 96823}, {"info": {"description": "Rectangular shaft next to & W. of D.3. [;] In shaft quite near top. [;] (a) Parts of pon bl.glass vase. [;] (b) Bell vases of pon pottery, 5 at best. [;] (c) Bone knife, 110 mm. [;] (d) Complete red vase in frag. 6. [;] (e) Piece of [...]  wood from box. 115 cm. [;] (f) Roughen red ware. [;] (g) Small rectangular [...]int.  (h) Pieces of ivory bracelet. [;] (j) Several more pan pot. vases. (k) Inlaid eyes. (2). (L) Broken bl. glaze [...]shabin.  (m) Large shell.", "reverseCard": "", "comments": "Not sure of card no.", "discoveryDate": "Dec. 18, 1910", "cardNumber": "D.4", "excavatorName": "Ahmed Aisa"}, "user_id": 717, "task_id": 61668, "created": "2016-05-02T18:43:50.635549", "finish_time": "2016-05-02T18:43:50.635572", "calibration": null, "user_ip": null, "timeout": null, "project_id": 306, "id": 96824}, {"info": {"description": "(n) Small bowl open, pink & white spots. (o) Bl. glaze beads. [;]  The rock below was unopened & so [;] N. chamber was never built. [;] S. chamber v. roughly shaped & [;] sides butressed with brick.", "reverseCard": "", "comments": "", "discoveryDate": "", "cardNumber": "", "excavatorName": ""}, "user_id": 717, "task_id": 61669, "created": "2016-05-02T18:48:33.439498", "finish_time": "2016-05-02T18:48:33.439520", "calibration": null, "user_ip": null, "timeout": null, "project_id": 306, "id": 96825}, {"info": {"description": "[card title changed from ABYDOS, 1908-9 to:] 1909-10\nCemetery: D. Tomb: 3\nPlundered. \nRather deep rectangular shaft.\nChamber N. & S. at same level.\nN. Three vases\na) Two high bowls\nb) A small open dish [picture] Mark D. 3.\nWhite discoidal beads\nS. Small open dish\nWhite discoidal beads [picture] Mark D. 3 S", "reverseCard": "reverseCard", "comments": "Upper right-hand corner of card has: O.", "discoveryDate": "Dec. 16th", "cardNumber": "", "excavatorName": "Ahmed 'Aise"}, "user_id": 730, "task_id": 61667, "created": "2016-05-02T20:54:14.911546", "finish_time": "2016-05-02T20:54:14.911572", "calibration": null, "user_ip": null, "timeout": null, "project_id": 306, "id": 96869}]