[{"info": {"url": "https://farm1.staticflickr.com/683/22440069264_11d23c2612.jpg", "url_m": "https://farm1.staticflickr.com/683/22440069264_11d23c2612_m.jpg", "link": "https://www.flickr.com/photos/25459876@N04/22440069264", "url_b": "https://farm1.staticflickr.com/683/22440069264_11d23c2612_b.jpg", "title": "AB.TC.T.001"}, "n_answers": 2, "quorum": 0, "calibration": 0, "created": "2016-05-15T21:08:41.892034", "state": "completed", "project_id": 313, "id": 62098, "priority_0": 0.0}, {"info": {"url": "https://farm6.staticflickr.com/5639/23062849405_df7d2b55f9.jpg", "url_m": "https://farm6.staticflickr.com/5639/23062849405_df7d2b55f9_m.jpg", "link": "https://www.flickr.com/photos/25459876@N04/23062849405", "url_b": "https://farm6.staticflickr.com/5639/23062849405_df7d2b55f9_b.jpg", "title": "AB.TC.T.003a"}, "n_answers": 2, "quorum": 0, "calibration": 0, "created": "2016-05-15T21:08:41.942710", "state": "completed", "project_id": 313, "id": 62099, "priority_0": 0.0}, {"info": {"url": "https://farm1.staticflickr.com/650/23049254582_b347836868.jpg", "url_m": "https://farm1.staticflickr.com/650/23049254582_b347836868_m.jpg", "link": "https://www.flickr.com/photos/25459876@N04/23049254582", "url_b": "https://farm1.staticflickr.com/650/23049254582_b347836868_b.jpg", "title": "AB.TC.T.003b"}, "n_answers": 2, "quorum": 0, "calibration": 0, "created": "2016-05-15T21:08:41.975498", "state": "completed", "project_id": 313, "id": 62100, "priority_0": 0.0}, {"info": {"url": "https://farm1.staticflickr.com/650/23049254082_233410d6ff.jpg", "url_m": "https://farm1.staticflickr.com/650/23049254082_233410d6ff_m.jpg", "link": "https://www.flickr.com/photos/25459876@N04/23049254082", "url_b": "https://farm1.staticflickr.com/650/23049254082_233410d6ff_b.jpg", "title": "AB.TC.T.004"}, "n_answers": 2, "quorum": 0, "calibration": 0, "created": "2016-05-15T21:08:42.008586", "state": "completed", "project_id": 313, "id": 62101, "priority_0": 0.0}, {"info": {"url": "https://farm6.staticflickr.com/5637/23036805626_2598e9c337.jpg", "url_m": "https://farm6.staticflickr.com/5637/23036805626_2598e9c337_m.jpg", "link": "https://www.flickr.com/photos/25459876@N04/23036805626", "url_b": "https://farm6.staticflickr.com/5637/23036805626_2598e9c337_b.jpg", "title": "AB.TC.T.005,006,017"}, "n_answers": 2, "quorum": 0, "calibration": 0, "created": "2016-05-15T21:08:42.042327", "state": "completed", "project_id": 313, "id": 62102, "priority_0": 0.0}, {"info": {"url": "https://farm6.staticflickr.com/5650/22644440578_4d2becfe0b.jpg", "url_m": "https://farm6.staticflickr.com/5650/22644440578_4d2becfe0b_m.jpg", "link": "https://www.flickr.com/photos/25459876@N04/22644440578", "url_b": "https://farm6.staticflickr.com/5650/22644440578_4d2becfe0b_b.jpg", "title": "AB.TC.T.008"}, "n_answers": 2, "quorum": 0, "calibration": 0, "created": "2016-05-15T21:08:42.075910", "state": "completed", "project_id": 313, "id": 62103, "priority_0": 0.0}, {"info": {"url": "https://farm6.staticflickr.com/5711/22670570769_351c072c22.jpg", "url_m": "https://farm6.staticflickr.com/5711/22670570769_351c072c22_m.jpg", "link": "https://www.flickr.com/photos/25459876@N04/22670570769", "url_b": "https://farm6.staticflickr.com/5711/22670570769_351c072c22_b.jpg", "title": "AB.TC.T.011,012,013,014"}, "n_answers": 2, "quorum": 0, "calibration": 0, "created": "2016-05-15T21:08:42.108390", "state": "completed", "project_id": 313, "id": 62104, "priority_0": 0.0}, {"info": {"url": "https://farm6.staticflickr.com/5780/22644439738_d9856e36a8.jpg", "url_m": "https://farm6.staticflickr.com/5780/22644439738_d9856e36a8_m.jpg", "link": "https://www.flickr.com/photos/25459876@N04/22644439738", "url_b": "https://farm6.staticflickr.com/5780/22644439738_d9856e36a8_b.jpg", "title": "AB.TC.T.021"}, "n_answers": 2, "quorum": 0, "calibration": 0, "created": "2016-05-15T21:08:42.142062", "state": "completed", "project_id": 313, "id": 62105, "priority_0": 0.0}, {"info": {"url": "https://farm1.staticflickr.com/769/22441639723_0d963a25eb.jpg", "url_m": "https://farm1.staticflickr.com/769/22441639723_0d963a25eb_m.jpg", "link": "https://www.flickr.com/photos/25459876@N04/22441639723", "url_b": "https://farm1.staticflickr.com/769/22441639723_0d963a25eb_b.jpg", "title": "AB.TC.T.022"}, "n_answers": 2, "quorum": 0, "calibration": 0, "created": "2016-05-15T21:08:42.175340", "state": "completed", "project_id": 313, "id": 62106, "priority_0": 0.0}, {"info": {"url": "https://farm1.staticflickr.com/765/22670569239_4f79c15480.jpg", "url_m": "https://farm1.staticflickr.com/765/22670569239_4f79c15480_m.jpg", "link": "https://www.flickr.com/photos/25459876@N04/22670569239", "url_b": "https://farm1.staticflickr.com/765/22670569239_4f79c15480_b.jpg", "title": "AB.TC.T.025,026,027,028"}, "n_answers": 2, "quorum": 0, "calibration": 0, "created": "2016-05-15T21:08:42.209997", "state": "completed", "project_id": 313, "id": 62107, "priority_0": 0.0}, {"info": {"url": "https://farm1.staticflickr.com/709/23062844775_7c22c49048.jpg", "url_m": "https://farm1.staticflickr.com/709/23062844775_7c22c49048_m.jpg", "link": "https://www.flickr.com/photos/25459876@N04/23062844775", "url_b": "https://farm1.staticflickr.com/709/23062844775_7c22c49048_b.jpg", "title": "AB.TC.T.031a,032,033"}, "n_answers": 2, "quorum": 0, "calibration": 0, "created": "2016-05-15T21:08:42.242379", "state": "completed", "project_id": 313, "id": 62108, "priority_0": 0.0}, {"info": {"url": "https://farm1.staticflickr.com/584/22441638343_780fcf48c1.jpg", "url_m": "https://farm1.staticflickr.com/584/22441638343_780fcf48c1_m.jpg", "link": "https://www.flickr.com/photos/25459876@N04/22441638343", "url_b": "https://farm1.staticflickr.com/584/22441638343_780fcf48c1_b.jpg", "title": "AB.TC.T.031b"}, "n_answers": 2, "quorum": 0, "calibration": 0, "created": "2016-05-15T21:08:42.275054", "state": "completed", "project_id": 313, "id": 62109, "priority_0": 0.0}, {"info": {"url": "https://farm1.staticflickr.com/573/22644437758_009134faea.jpg", "url_m": "https://farm1.staticflickr.com/573/22644437758_009134faea_m.jpg", "link": "https://www.flickr.com/photos/25459876@N04/22644437758", "url_b": "https://farm1.staticflickr.com/573/22644437758_009134faea_b.jpg", "title": "AB.TC.T.041,042,043,044"}, "n_answers": 2, "quorum": 0, "calibration": 0, "created": "2016-05-15T21:08:42.308178", "state": "completed", "project_id": 313, "id": 62110, "priority_0": 0.0}, {"info": {"url": "https://farm6.staticflickr.com/5785/22670567569_e02abe182c.jpg", "url_m": "https://farm6.staticflickr.com/5785/22670567569_e02abe182c_m.jpg", "link": "https://www.flickr.com/photos/25459876@N04/22670567569", "url_b": "https://farm6.staticflickr.com/5785/22670567569_e02abe182c_b.jpg", "title": "AB.TC.T.051,052a,053,054a,055,056"}, "n_answers": 2, "quorum": 0, "calibration": 0, "created": "2016-05-15T21:08:42.341829", "state": "completed", "project_id": 313, "id": 62111, "priority_0": 0.0}, {"info": {"url": "https://farm1.staticflickr.com/586/22670566979_7d77e6ecb3.jpg", "url_m": "https://farm1.staticflickr.com/586/22670566979_7d77e6ecb3_m.jpg", "link": "https://www.flickr.com/photos/25459876@N04/22670566979", "url_b": "https://farm1.staticflickr.com/586/22670566979_7d77e6ecb3_b.jpg", "title": "AB.TC.T.052b,054b"}, "n_answers": 2, "quorum": 0, "calibration": 0, "created": "2016-05-15T21:08:42.375228", "state": "completed", "project_id": 313, "id": 62112, "priority_0": 0.0}, {"info": {"url": "https://farm1.staticflickr.com/715/22440061764_50d2c1b0b4.jpg", "url_m": "https://farm1.staticflickr.com/715/22440061764_50d2c1b0b4_m.jpg", "link": "https://www.flickr.com/photos/25459876@N04/22440061764", "url_b": "https://farm1.staticflickr.com/715/22440061764_50d2c1b0b4_b.jpg", "title": "AB.TC.T.057,058"}, "n_answers": 2, "quorum": 0, "calibration": 0, "created": "2016-05-15T21:08:42.408428", "state": "completed", "project_id": 313, "id": 62113, "priority_0": 0.0}, {"info": {"url": "https://farm1.staticflickr.com/683/23049247872_89c600ce9c.jpg", "url_m": "https://farm1.staticflickr.com/683/23049247872_89c600ce9c_m.jpg", "link": "https://www.flickr.com/photos/25459876@N04/23049247872", "url_b": "https://farm1.staticflickr.com/683/23049247872_89c600ce9c_b.jpg", "title": "AB.TC.T.061,062,063"}, "n_answers": 2, "quorum": 0, "calibration": 0, "created": "2016-05-15T21:08:42.441985", "state": "completed", "project_id": 313, "id": 62114, "priority_0": 0.0}, {"info": {"url": "https://farm1.staticflickr.com/672/22644435598_8dbaa23abd.jpg", "url_m": "https://farm1.staticflickr.com/672/22644435598_8dbaa23abd_m.jpg", "link": "https://www.flickr.com/photos/25459876@N04/22644435598", "url_b": "https://farm1.staticflickr.com/672/22644435598_8dbaa23abd_b.jpg", "title": "AB.TC.T.064,065"}, "n_answers": 2, "quorum": 0, "calibration": 0, "created": "2016-05-15T21:08:42.474896", "state": "completed", "project_id": 313, "id": 62115, "priority_0": 0.0}, {"info": {"url": "https://farm6.staticflickr.com/5834/22440060334_8004255f7b.jpg", "url_m": "https://farm6.staticflickr.com/5834/22440060334_8004255f7b_m.jpg", "link": "https://www.flickr.com/photos/25459876@N04/22440060334", "url_b": "https://farm6.staticflickr.com/5834/22440060334_8004255f7b_b.jpg", "title": "AB.TC.T.066a"}, "n_answers": 2, "quorum": 0, "calibration": 0, "created": "2016-05-15T21:08:42.508270", "state": "completed", "project_id": 313, "id": 62116, "priority_0": 0.0}, {"info": {"url": "https://farm1.staticflickr.com/719/22644492547_5b17ca85ce.jpg", "url_m": "https://farm1.staticflickr.com/719/22644492547_5b17ca85ce_m.jpg", "link": "https://www.flickr.com/photos/25459876@N04/22644492547", "url_b": "https://farm1.staticflickr.com/719/22644492547_5b17ca85ce_b.jpg", "title": "AB.TC.T.066b"}, "n_answers": 2, "quorum": 0, "calibration": 0, "created": "2016-05-15T21:08:42.541558", "state": "completed", "project_id": 313, "id": 62117, "priority_0": 0.0}, {"info": {"url": "https://farm1.staticflickr.com/682/23049246252_dfa9e0dc2a.jpg", "url_m": "https://farm1.staticflickr.com/682/23049246252_dfa9e0dc2a_m.jpg", "link": "https://www.flickr.com/photos/25459876@N04/23049246252", "url_b": "https://farm1.staticflickr.com/682/23049246252_dfa9e0dc2a_b.jpg", "title": "AB.TC.T.067,068"}, "n_answers": 2, "quorum": 0, "calibration": 0, "created": "2016-05-15T21:08:42.575590", "state": "completed", "project_id": 313, "id": 62118, "priority_0": 0.0}, {"info": {"url": "https://farm1.staticflickr.com/649/22440059384_1eabeed027.jpg", "url_m": "https://farm1.staticflickr.com/649/22440059384_1eabeed027_m.jpg", "link": "https://www.flickr.com/photos/25459876@N04/22440059384", "url_b": "https://farm1.staticflickr.com/649/22440059384_1eabeed027_b.jpg", "title": "AB.TC.T.069,070"}, "n_answers": 2, "quorum": 0, "calibration": 0, "created": "2016-05-15T21:08:42.607785", "state": "completed", "project_id": 313, "id": 62119, "priority_0": 0.0}, {"info": {"url": "https://farm6.staticflickr.com/5705/22644491467_415799ff6e.jpg", "url_m": "https://farm6.staticflickr.com/5705/22644491467_415799ff6e_m.jpg", "link": "https://www.flickr.com/photos/25459876@N04/22644491467", "url_b": "https://farm6.staticflickr.com/5705/22644491467_415799ff6e_b.jpg", "title": "AB.TC.T.071a"}, "n_answers": 2, "quorum": 0, "calibration": 0, "created": "2016-05-15T21:08:42.641416", "state": "completed", "project_id": 313, "id": 62120, "priority_0": 0.0}, {"info": {"url": "https://farm6.staticflickr.com/5705/23049244442_8a94f2198b.jpg", "url_m": "https://farm6.staticflickr.com/5705/23049244442_8a94f2198b_m.jpg", "link": "https://www.flickr.com/photos/25459876@N04/23049244442", "url_b": "https://farm6.staticflickr.com/5705/23049244442_8a94f2198b_b.jpg", "title": "AB.TC.T.071b"}, "n_answers": 2, "quorum": 0, "calibration": 0, "created": "2016-05-15T21:08:42.675117", "state": "completed", "project_id": 313, "id": 62121, "priority_0": 0.0}, {"info": {"url": "https://farm1.staticflickr.com/612/23074012911_0008cb9c3f.jpg", "url_m": "https://farm1.staticflickr.com/612/23074012911_0008cb9c3f_m.jpg", "link": "https://www.flickr.com/photos/25459876@N04/23074012911", "url_b": "https://farm1.staticflickr.com/612/23074012911_0008cb9c3f_b.jpg", "title": "AB.TC.T.072a,073,074"}, "n_answers": 2, "quorum": 0, "calibration": 0, "created": "2016-05-15T21:08:42.708074", "state": "completed", "project_id": 313, "id": 62122, "priority_0": 0.0}, {"info": {"url": "https://farm6.staticflickr.com/5639/22644490147_e84950497a.jpg", "url_m": "https://farm6.staticflickr.com/5639/22644490147_e84950497a_m.jpg", "link": "https://www.flickr.com/photos/25459876@N04/22644490147", "url_b": "https://farm6.staticflickr.com/5639/22644490147_e84950497a_b.jpg", "title": "AB.TC.T.072b"}, "n_answers": 2, "quorum": 0, "calibration": 0, "created": "2016-05-15T21:08:42.741575", "state": "completed", "project_id": 313, "id": 62123, "priority_0": 0.0}, {"info": {"url": "https://farm6.staticflickr.com/5683/23074005881_b3587e503c.jpg", "url_m": "https://farm6.staticflickr.com/5683/23074005881_b3587e503c_m.jpg", "link": "https://www.flickr.com/photos/25459876@N04/23074005881", "url_b": "https://farm6.staticflickr.com/5683/23074005881_b3587e503c_b.jpg", "title": "AB.TC.T.076,077"}, "n_answers": 2, "quorum": 0, "calibration": 0, "created": "2016-05-15T21:08:42.774677", "state": "completed", "project_id": 313, "id": 62124, "priority_0": 0.0}, {"info": {"url": "https://farm6.staticflickr.com/5780/23049243472_f34ba21231.jpg", "url_m": "https://farm6.staticflickr.com/5780/23049243472_f34ba21231_m.jpg", "link": "https://www.flickr.com/photos/25459876@N04/23049243472", "url_b": "https://farm6.staticflickr.com/5780/23049243472_f34ba21231_b.jpg", "title": "AB.TC.T.078,079"}, "n_answers": 2, "quorum": 0, "calibration": 0, "created": "2016-05-15T21:08:42.807712", "state": "completed", "project_id": 313, "id": 62125, "priority_0": 0.0}, {"info": {"url": "https://farm1.staticflickr.com/574/23036796406_01d9dd97a2.jpg", "url_m": "https://farm1.staticflickr.com/574/23036796406_01d9dd97a2_m.jpg", "link": "https://www.flickr.com/photos/25459876@N04/23036796406", "url_b": "https://farm1.staticflickr.com/574/23036796406_01d9dd97a2_b.jpg", "title": "AB.TC.T.081"}, "n_answers": 2, "quorum": 0, "calibration": 0, "created": "2016-05-15T21:08:42.841145", "state": "completed", "project_id": 313, "id": 62126, "priority_0": 0.0}, {"info": {"url": "https://farm1.staticflickr.com/571/23062837075_c455cf0beb.jpg", "url_m": "https://farm1.staticflickr.com/571/23062837075_c455cf0beb_m.jpg", "link": "https://www.flickr.com/photos/25459876@N04/23062837075", "url_b": "https://farm1.staticflickr.com/571/23062837075_c455cf0beb_b.jpg", "title": "AB.TC.T.082,083"}, "n_answers": 2, "quorum": 0, "calibration": 0, "created": "2016-05-15T21:08:42.874239", "state": "completed", "project_id": 313, "id": 62127, "priority_0": 0.0}, {"info": {"url": "https://farm6.staticflickr.com/5827/22644488187_d48a8dde17.jpg", "url_m": "https://farm6.staticflickr.com/5827/22644488187_d48a8dde17_m.jpg", "link": "https://www.flickr.com/photos/25459876@N04/22644488187", "url_b": "https://farm6.staticflickr.com/5827/22644488187_d48a8dde17_b.jpg", "title": "AB.TC.T.084,086"}, "n_answers": 2, "quorum": 0, "calibration": 0, "created": "2016-05-15T21:08:42.907557", "state": "completed", "project_id": 313, "id": 62128, "priority_0": 0.0}, {"info": {"url": "https://farm1.staticflickr.com/654/23074010061_3b8f822fcd.jpg", "url_m": "https://farm1.staticflickr.com/654/23074010061_3b8f822fcd_m.jpg", "link": "https://www.flickr.com/photos/25459876@N04/23074010061", "url_b": "https://farm1.staticflickr.com/654/23074010061_3b8f822fcd_b.jpg", "title": "AB.TC.T.087"}, "n_answers": 2, "quorum": 0, "calibration": 0, "created": "2016-05-15T21:08:42.941183", "state": "completed", "project_id": 313, "id": 62129, "priority_0": 0.0}, {"info": {"url": "https://farm1.staticflickr.com/570/22644487157_a184a1738f.jpg", "url_m": "https://farm1.staticflickr.com/570/22644487157_a184a1738f_m.jpg", "link": "https://www.flickr.com/photos/25459876@N04/22644487157", "url_b": "https://farm1.staticflickr.com/570/22644487157_a184a1738f_b.jpg", "title": "AB.TC.T.088"}, "n_answers": 2, "quorum": 0, "calibration": 0, "created": "2016-05-15T21:08:42.973941", "state": "completed", "project_id": 313, "id": 62130, "priority_0": 0.0}, {"info": {"url": "https://farm1.staticflickr.com/578/22441629403_c7172a6a3e.jpg", "url_m": "https://farm1.staticflickr.com/578/22441629403_c7172a6a3e_m.jpg", "link": "https://www.flickr.com/photos/25459876@N04/22441629403", "url_b": "https://farm1.staticflickr.com/578/22441629403_c7172a6a3e_b.jpg", "title": "AB.TC.T.091"}, "n_answers": 2, "quorum": 0, "calibration": 0, "created": "2016-05-15T21:08:43.007354", "state": "completed", "project_id": 313, "id": 62131, "priority_0": 0.0}, {"info": {"url": "https://farm1.staticflickr.com/691/22441628943_52297c80ae.jpg", "url_m": "https://farm1.staticflickr.com/691/22441628943_52297c80ae_m.jpg", "link": "https://www.flickr.com/photos/25459876@N04/22441628943", "url_b": "https://farm1.staticflickr.com/691/22441628943_52297c80ae_b.jpg", "title": "AB.TC.T.101"}, "n_answers": 2, "quorum": 0, "calibration": 0, "created": "2016-05-15T21:08:43.040847", "state": "completed", "project_id": 313, "id": 62132, "priority_0": 0.0}, {"info": {"url": "https://farm6.staticflickr.com/5781/22441628483_29450229c9.jpg", "url_m": "https://farm6.staticflickr.com/5781/22441628483_29450229c9_m.jpg", "link": "https://www.flickr.com/photos/25459876@N04/22441628483", "url_b": "https://farm6.staticflickr.com/5781/22441628483_29450229c9_b.jpg", "title": "AB.TC.T.102,103a"}, "n_answers": 2, "quorum": 0, "calibration": 0, "created": "2016-05-15T21:08:43.074389", "state": "completed", "project_id": 313, "id": 62133, "priority_0": 0.0}, {"info": {"url": "https://farm6.staticflickr.com/5778/22670558069_16b2f31175.jpg", "url_m": "https://farm6.staticflickr.com/5778/22670558069_16b2f31175_m.jpg", "link": "https://www.flickr.com/photos/25459876@N04/22670558069", "url_b": "https://farm6.staticflickr.com/5778/22670558069_16b2f31175_b.jpg", "title": "AB.TC.T.103b"}, "n_answers": 2, "quorum": 0, "calibration": 0, "created": "2016-05-15T21:08:43.108186", "state": "completed", "project_id": 313, "id": 62134, "priority_0": 0.0}, {"info": {"url": "https://farm1.staticflickr.com/673/23074007451_7a17c95cf3.jpg", "url_m": "https://farm1.staticflickr.com/673/23074007451_7a17c95cf3_m.jpg", "link": "https://www.flickr.com/photos/25459876@N04/23074007451", "url_b": "https://farm1.staticflickr.com/673/23074007451_7a17c95cf3_b.jpg", "title": "AB.TC.T.104,105a"}, "n_answers": 2, "quorum": 0, "calibration": 0, "created": "2016-05-15T21:08:43.141965", "state": "completed", "project_id": 313, "id": 62135, "priority_0": 0.0}, {"info": {"url": "https://farm1.staticflickr.com/607/23049238132_7de654c898.jpg", "url_m": "https://farm1.staticflickr.com/607/23049238132_7de654c898_m.jpg", "link": "https://www.flickr.com/photos/25459876@N04/23049238132", "url_b": "https://farm1.staticflickr.com/607/23049238132_7de654c898_b.jpg", "title": "AB.TC.T.105b"}, "n_answers": 2, "quorum": 0, "calibration": 0, "created": "2016-05-15T21:08:43.174958", "state": "completed", "project_id": 313, "id": 62136, "priority_0": 0.0}, {"info": {"url": "https://farm1.staticflickr.com/653/22441626953_f5baa1b1c1.jpg", "url_m": "https://farm1.staticflickr.com/653/22441626953_f5baa1b1c1_m.jpg", "link": "https://www.flickr.com/photos/25459876@N04/22441626953", "url_b": "https://farm1.staticflickr.com/653/22441626953_f5baa1b1c1_b.jpg", "title": "AB.TC.T.106,107"}, "n_answers": 2, "quorum": 0, "calibration": 0, "created": "2016-05-15T21:08:43.208208", "state": "completed", "project_id": 313, "id": 62137, "priority_0": 0.0}, {"info": {"url": "https://farm1.staticflickr.com/744/22644484187_7f1bb64038.jpg", "url_m": "https://farm1.staticflickr.com/744/22644484187_7f1bb64038_m.jpg", "link": "https://www.flickr.com/photos/25459876@N04/22644484187", "url_b": "https://farm1.staticflickr.com/744/22644484187_7f1bb64038_b.jpg", "title": "AB.TC.T.120a,121"}, "n_answers": 2, "quorum": 0, "calibration": 0, "created": "2016-05-15T21:08:43.241654", "state": "completed", "project_id": 313, "id": 62138, "priority_0": 0.0}, {"info": {"url": "https://farm6.staticflickr.com/5671/22440050974_ae1b939d81.jpg", "url_m": "https://farm6.staticflickr.com/5671/22440050974_ae1b939d81_m.jpg", "link": "https://www.flickr.com/photos/25459876@N04/22440050974", "url_b": "https://farm6.staticflickr.com/5671/22440050974_ae1b939d81_b.jpg", "title": "AB.TC.T.120b"}, "n_answers": 2, "quorum": 0, "calibration": 0, "created": "2016-05-15T21:08:43.275187", "state": "completed", "project_id": 313, "id": 62139, "priority_0": 0.0}, {"info": {"url": "https://farm6.staticflickr.com/5741/22644424938_228953fe2b.jpg", "url_m": "https://farm6.staticflickr.com/5741/22644424938_228953fe2b_m.jpg", "link": "https://www.flickr.com/photos/25459876@N04/22644424938", "url_b": "https://farm6.staticflickr.com/5741/22644424938_228953fe2b_b.jpg", "title": "AB.TC.T.150"}, "n_answers": 2, "quorum": 0, "calibration": 0, "created": "2016-05-15T21:08:43.308617", "state": "completed", "project_id": 313, "id": 62140, "priority_0": 0.0}]