[{"info": {"description": "1. Rect. shaft in a rect. enclosure.\n2. N chamber broken into next.\n3. Many small plain Ushabtis. \n4. Fragment of inlaid eye.\n5. Pieces & limestone Canopic jar.\n6. Vases (in this & broken chamber) [drawing of 5 vases]\n7. S chamber empty.", "reverseCard": "reverseCard", "comments": "", "discoveryDate": "Dec. 15th, 1910.", "cardNumber": "X 1 & 2", "excavatorName": "Kass\u00e2r"}, "user_id": 658, "task_id": 62005, "created": "2016-05-13T03:07:24.041089", "finish_time": "2016-05-13T03:07:24.041114", "calibration": null, "user_ip": null, "timeout": null, "project_id": 310, "id": 98766}, {"info": {"description": "Rect. wooden coffin under level of dalsher (sic) in X.1\nBody supine head of male aged to left.\nNo finds.\nHead west,", "reverseCard": "", "comments": "", "discoveryDate": "", "cardNumber": "X.2", "excavatorName": ""}, "user_id": 658, "task_id": 62006, "created": "2016-05-13T03:08:59.303188", "finish_time": "2016-05-13T03:08:59.303211", "calibration": null, "user_ip": null, "timeout": null, "project_id": 310, "id": 98767}, {"info": {"description": "Cemetery: XII Dyn.\nTomb. X.1 & 2\nRect. shaft in a rect. enclosure\nN. Chamber broken into next\nMany small plain Ushabtin, Fragt. of inlaid eye, Pieces  & limest. Canopic jar, Vaes (fr. this & broken chamber) [drawings]\nS Chamber empty", "reverseCard": "reverseCard", "comments": "", "discoveryDate": "Dec. 15th 1910.", "cardNumber": "", "excavatorName": "Kass\u00e2r"}, "user_id": 580, "task_id": 62005, "created": "2016-05-13T11:39:35.155206", "finish_time": "2016-05-13T11:39:35.155230", "calibration": null, "user_ip": null, "timeout": null, "project_id": 310, "id": 98805}, {"info": {"description": "X.2. Rect. wooden coffin under level of [...] in X.1.\nBody supine head of [female] aged to left.\nNo finds.\nhead West.\n[drawing]", "reverseCard": "", "comments": "", "discoveryDate": "", "cardNumber": "", "excavatorName": ""}, "user_id": 580, "task_id": 62006, "created": "2016-05-13T11:42:59.449993", "finish_time": "2016-05-13T11:42:59.450017", "calibration": null, "user_ip": null, "timeout": null, "project_id": 310, "id": 98806}, {"info": {"description": "Tomb X.3\nRect. shaft.\nFragt. of white spot ware in shaft.\nStuc[...] coffin, blue signs with black outline. Name erased & another substituted*. See tracing & copy\nPottery.\n*Cf also 1909-10 Z.2 for similar coffin & same title", "reverseCard": "", "comments": "", "discoveryDate": "Dec. 15th.", "cardNumber": "", "excavatorName": "Sirham"}, "user_id": 580, "task_id": 62007, "created": "2016-05-13T11:47:36.234001", "finish_time": "2016-05-13T11:47:36.234023", "calibration": null, "user_ip": null, "timeout": null, "project_id": 310, "id": 98807}, {"info": {"description": "[drawings]", "reverseCard": "", "comments": "", "discoveryDate": "", "cardNumber": "", "excavatorName": ""}, "user_id": 580, "task_id": 62008, "created": "2016-05-13T11:48:10.777437", "finish_time": "2016-05-13T11:48:10.777460", "calibration": null, "user_ip": null, "timeout": null, "project_id": 310, "id": 98808}, {"info": {"description": "Tomb X.4\nRect. shaft N-S.\nChmaber\n(a) Painted stucco coffin.\n(b) Pottery [drawing] 4 holes\n(c) Bronze needke & fish hooks these in top rad\u00efm", "reverseCard": "", "comments": "", "discoveryDate": "Dec. 15th", "cardNumber": "", "excavatorName": "M. 'Awad"}, "user_id": 580, "task_id": 62009, "created": "2016-05-13T11:50:37.878094", "finish_time": "2016-05-13T11:50:37.878118", "calibration": null, "user_ip": null, "timeout": null, "project_id": 310, "id": 98809}, {"info": {"description": "Tomb X.5\nRect. shaft.\nNorth ch.\nSoul house with steps, Wooden hairpin, Small alab. k. pot, 2 long pink beads [drawing], Horn bracelet, Vases [drawings], 2 long blue beads as above\nIX-XI", "reverseCard": "", "comments": "", "discoveryDate": "Dec. 14th.", "cardNumber": "", "excavatorName": "Sawag"}, "user_id": 580, "task_id": 62010, "created": "2016-05-13T11:52:43.221067", "finish_time": "2016-05-13T11:52:43.221092", "calibration": null, "user_ip": null, "timeout": null, "project_id": 310, "id": 98810}, {"info": {"description": "Tomb X.6.\nRect. shaft.\nNorth chamber\n(a)Small blue paste bead\n(b) fragt. of shell\nSouth chamber\n2 vases [drawings]", "reverseCard": "reverseCard", "comments": "", "discoveryDate": "Dec. 14th", "cardNumber": "X.6.", "excavatorName": "'Aisa"}, "user_id": 580, "task_id": 62011, "created": "2016-05-13T13:22:50.410047", "finish_time": "2016-05-13T13:22:50.410085", "calibration": null, "user_ip": null, "timeout": null, "project_id": 310, "id": 98821}, {"info": {"description": "Tomb X.7.\nRect. shaft.", "reverseCard": "", "comments": "", "discoveryDate": "Dec. 15.", "cardNumber": "X.7.", "excavatorName": "'A. Sharayif"}, "user_id": 580, "task_id": 62012, "created": "2016-05-13T13:23:31.009250", "finish_time": "2016-05-13T13:23:31.009275", "calibration": null, "user_ip": null, "timeout": null, "project_id": 310, "id": 98822}, {"info": {"description": "Rect. Shaft\nNorth Chamber.: Half steat[...] figne. white clay., Small discoid white beads, One small pot [drawing].\nSouth Chamber: Small pot [drawing].\n9 [...] Ground\nRect. shaft. Two chambers, empty.\nStone with neb signs, [drawing] rough, [drawing] red pol.", "reverseCard": "", "comments": "", "discoveryDate": "Dec. 14", "cardNumber": "X.8.9.", "excavatorName": "'Abd el Waris"}, "user_id": 580, "task_id": 62013, "created": "2016-05-13T13:28:52.248611", "finish_time": "2016-05-13T13:28:52.248635", "calibration": null, "user_ip": null, "timeout": null, "project_id": 310, "id": 98823}, {"info": {"description": "Tomb: X.10-11.12\n10. Rect. shaft.\nBody in shaft.\nFemale, on back legs crossed, clasping body of small boy at left side.\n3 bronze rings, 4 bl. gl. beads, piece of dull blue glaze plaque.\nCollapse of gebel disturbed remains.\n11. Rect. shaft\nBoth shafts abandoned as dangerous. Dec. 19th.\n\n12. [arabic] Rect. shaft.\nin shaft v. small discoid blue gl. beads, nut & 2 pieces of wood.\nS. chamber, Alab. kohl pot [drawing].", "reverseCard": "reverseCard", "comments": "", "discoveryDate": "Dec. 16th.", "cardNumber": "X.10-11.12", "excavatorName": "M. 'Awad"}, "user_id": 580, "task_id": 62014, "created": "2016-05-13T14:36:08.046701", "finish_time": "2016-05-13T14:36:08.046724", "calibration": null, "user_ip": null, "timeout": null, "project_id": 310, "id": 98824}, {"info": {"description": "Tomb: X.20-21\n20. [arabic] Rect. shaft, no finds\n21. [arabic] Rect. shaft, no finds", "reverseCard": "", "comments": "", "discoveryDate": "Dec. 16.", "cardNumber": "X.20-21", "excavatorName": ""}, "user_id": 580, "task_id": 62015, "created": "2016-05-13T14:37:25.982087", "finish_time": "2016-05-13T14:37:25.982110", "calibration": null, "user_ip": null, "timeout": null, "project_id": 310, "id": 98825}, {"info": {"description": "Tomb: X.22, 23\n22. [arabic] Rect. shaft: white discoid beads, Needle of copper, Piece of gold necklet or armlet of small discoid beads.\n23. [arabic] Rect. shaft.", "reverseCard": "", "comments": "", "discoveryDate": "Dec. 17.", "cardNumber": "X.22, 23", "excavatorName": ""}, "user_id": 580, "task_id": 62016, "created": "2016-05-13T14:40:00.663808", "finish_time": "2016-05-13T14:40:00.663830", "calibration": null, "user_ip": null, "timeout": null, "project_id": 310, "id": 98827}, {"info": {"description": "Rect. shaft.\nFrag;s of white pot were in shaft.\nStuccoed coffin, blue [...] with black outline. Name erased & another substituted.*\n\nPottery.\n\n*Cf. also 1909-10 Z.2 for smilar coffin & same title.", "reverseCard": "reverseCard", "comments": "", "discoveryDate": "Dec. 15th.", "cardNumber": "X.3", "excavatorName": "Sirhan"}, "user_id": 658, "task_id": 62007, "created": "2016-05-13T23:27:42.245535", "finish_time": "2016-05-13T23:27:42.245560", "calibration": null, "user_ip": null, "timeout": null, "project_id": 310, "id": 98833}, {"info": {"description": "", "reverseCard": "", "comments": "Drawings of 8 different vases, bowls and receptacles.", "discoveryDate": "", "cardNumber": "", "excavatorName": ""}, "user_id": 658, "task_id": 62008, "created": "2016-05-13T23:28:36.790263", "finish_time": "2016-05-13T23:28:36.790283", "calibration": null, "user_ip": null, "timeout": null, "project_id": 310, "id": 98834}, {"info": {"description": "Rect. shaft. N-S\nChamber:\na) Painted stucco coffin.\nb) Pottery [drawing of vase with 4 holes]\nc) Bronze needle & fish-[...], these in top radim.", "reverseCard": "", "comments": "", "discoveryDate": "Dec. 15th.", "cardNumber": "X.4", "excavatorName": "M. Awad"}, "user_id": 658, "task_id": 62009, "created": "2016-05-13T23:30:39.932347", "finish_time": "2016-05-13T23:30:39.932371", "calibration": null, "user_ip": null, "timeout": null, "project_id": 310, "id": 98835}, {"info": {"description": "Rect. shaft.\nNorth ch.:\n     Soul house with steps.\n     Wooden hairpin.\n     Small alab. k. pot.\n     2 long pink beads.\n     Horn bracelet.\n     Vases. [drawing of 3 vases]\n    2 long blue beads as above.\n\n\n\n1X-X1", "reverseCard": "", "comments": "", "discoveryDate": "Dec. 14th.", "cardNumber": "X.5", "excavatorName": "Sawaq"}, "user_id": 658, "task_id": 62010, "created": "2016-05-13T23:32:57.009222", "finish_time": "2016-05-13T23:32:57.009245", "calibration": null, "user_ip": null, "timeout": null, "project_id": 310, "id": 98836}, {"info": {"description": "Rect. shaft.\nNorth chamber:\n     a) small blue paste bead.\n     b) Frag. of shell\n\nSouth Chamber:\n     2 vases [drawing of 2 vases]", "reverseCard": "", "comments": "", "discoveryDate": "Dec. 14th.", "cardNumber": "X.6", "excavatorName": "Aisa"}, "user_id": 658, "task_id": 62011, "created": "2016-05-13T23:34:06.177429", "finish_time": "2016-05-13T23:34:06.177453", "calibration": null, "user_ip": null, "timeout": null, "project_id": 310, "id": 98837}, {"info": {"description": "Rect. shaft.", "reverseCard": "", "comments": "", "discoveryDate": "Dec. 15th.", "cardNumber": "X.7", "excavatorName": "A. Sharaqif"}, "user_id": 658, "task_id": 62012, "created": "2016-05-13T23:34:36.134975", "finish_time": "2016-05-13T23:34:36.134997", "calibration": null, "user_ip": null, "timeout": null, "project_id": 310, "id": 98838}, {"info": {"description": "Rect. shaft.\nnorth Chamber:\n     Half steatite fig. of white clay.\n     Small discoid white beads.\n     One small pot. [drawing of pot]\n\nSouth Chamber:\n    Small pot. [drawing of pot]\n\nM'Ar[...]\nRect. shaft.\nTwo chambers empty.\nStone with neb signs.\n[drawing of 2 pots, 1 rough, 1 red pot]\n", "reverseCard": "", "comments": "", "discoveryDate": "Dec. 14th.", "cardNumber": "X.8.9", "excavatorName": "Abu el Waris"}, "user_id": 658, "task_id": 62013, "created": "2016-05-13T23:37:27.426635", "finish_time": "2016-05-13T23:37:27.426659", "calibration": null, "user_ip": null, "timeout": null, "project_id": 310, "id": 98839}, {"info": {"description": "", "reverseCard": "", "comments": "", "discoveryDate": "", "cardNumber": "", "excavatorName": "M. Awad"}, "user_id": 658, "task_id": 62014, "created": "2016-05-13T23:37:35.170674", "finish_time": "2016-05-13T23:37:35.170695", "calibration": null, "user_ip": null, "timeout": null, "project_id": 310, "id": 98840}, {"info": {"description": "", "reverseCard": "", "comments": "", "discoveryDate": "Dec. 16th.", "cardNumber": "", "excavatorName": ""}, "user_id": 658, "task_id": 62015, "created": "2016-05-13T23:37:42.287722", "finish_time": "2016-05-13T23:37:42.287745", "calibration": null, "user_ip": null, "timeout": null, "project_id": 310, "id": 98841}, {"info": {"description": "", "reverseCard": "", "comments": "", "discoveryDate": "", "cardNumber": "X.22, 23\\", "excavatorName": ""}, "user_id": 658, "task_id": 62016, "created": "2016-05-13T23:37:52.151386", "finish_time": "2016-05-13T23:37:52.151407", "calibration": null, "user_ip": null, "timeout": null, "project_id": 310, "id": 98842}, {"info": {"description": "24. [...]\nRect. shaft. M. shaft:\nBeads, discoid white [drawin of2 beads]\nKohl stick (wood) & kohl shell.\nKohl pot lid (small)\n\n25. [...]\nOne upper chamber to S, two lower, one to W, one to S.\nFrom bottom of shaft:\n     a) Frag. of bl. gl. vase\n     b) Bronze serpent.\n     c) Frags. of stucco f[...]\n     d) D\u00f4m nut\n     e) Two shells\n\n                                         Over\n\n\n", "reverseCard": "", "comments": "", "discoveryDate": "Dec. 17th.", "cardNumber": "X.24, 25", "excavatorName": ""}, "user_id": 658, "task_id": 62017, "created": "2016-05-13T23:42:10.374065", "finish_time": "2016-05-13T23:42:10.374089", "calibration": null, "user_ip": null, "timeout": null, "project_id": 310, "id": 98843}, {"info": {"description": "     f) White & blue discoid beads\n     g) Small piece of s[...]\n     h) Pots [drawings of 4 pots]\n\nFrom Upper Chamber:\n     a) Oyster shells\n     b) Beads, carn. a[...] & spotted blue\n     c) Small shell", "reverseCard": "", "comments": "", "discoveryDate": "", "cardNumber": "", "excavatorName": ""}, "user_id": 658, "task_id": 62018, "created": "2016-05-13T23:44:25.335641", "finish_time": "2016-05-13T23:44:25.335664", "calibration": null, "user_ip": null, "timeout": null, "project_id": 310, "id": 98844}, {"info": {"description": "30. [...]\nChild in coffin, shallow, head to W, supine.", "reverseCard": "", "comments": "", "discoveryDate": "Dec. 18th.", "cardNumber": "X.30", "excavatorName": ""}, "user_id": 658, "task_id": 62019, "created": "2016-05-13T23:45:23.500653", "finish_time": "2016-05-13T23:45:23.500674", "calibration": null, "user_ip": null, "timeout": null, "project_id": 310, "id": 98845}, {"info": {"description": "X.31 Turba. E & W at a depth from surface of 7 feet. \n     (7 x 2 x 2\u00bd ft.) containing a large wooden coffin in which a hew bones remained              of the original body, which had been almost entirely destroyed.\n\nX.32 A similar turba. No bones or traces of coffin remaining.\n\nX.35 Similar turba. No finds.", "reverseCard": "", "comments": "", "discoveryDate": "Dec. 18, 1910", "cardNumber": "X.31, 32, 35", "excavatorName": "'c Kasar"}, "user_id": 658, "task_id": 62020, "created": "2016-05-13T23:49:54.312492", "finish_time": "2016-05-13T23:49:54.312517", "calibration": null, "user_ip": null, "timeout": null, "project_id": 310, "id": 98846}, {"info": {"description": "33. [...] [Arabic writing]\nDeep rect. shaft ch. to N & S.\nN. Chamber:\n    White discoid beads, bl. gl. beads.\n\nS. Chamber:\n     Long dark bl. gl. beads.\n     [...] a late re-burial.", "reverseCard": "", "comments": "", "discoveryDate": "Dec. 19th.", "cardNumber": "X.33", "excavatorName": ""}, "user_id": 658, "task_id": 62021, "created": "2016-05-13T23:51:47.307073", "finish_time": "2016-05-13T23:51:47.307099", "calibration": null, "user_ip": null, "timeout": null, "project_id": 310, "id": 98847}, {"info": {"description": "Rect. shaft:\nNear top an offering stela.\nOne large ch[...] with niche (to South)\nBlue glaze [...] with name.\nPiece of an arrow.\nPot of curious shape. [drawing of pot]\n8 large spherical beads, bl. [...] glaze.\n6 short cylindrical beads & one more.\nPart of red pol. bowl (in shaft).", "reverseCard": "reverseCard", "comments": "", "discoveryDate": "Dec. 19th.", "cardNumber": "X.34", "excavatorName": "In Arabic"}, "user_id": 658, "task_id": 62022, "created": "2016-05-13T23:58:07.532773", "finish_time": "2016-05-13T23:58:07.532801", "calibration": null, "user_ip": null, "timeout": null, "project_id": 310, "id": 98848}, {"info": {"description": "36. Rect. shaft, 2 ch. Empty\n\n37. Rect. Shaft.\n     Ch. to S. Kohl vase (half) on top of radim in chamber.", "reverseCard": "", "comments": "", "discoveryDate": "Dec. 22nd.", "cardNumber": "X.36, 37", "excavatorName": "In Arabic"}, "user_id": 658, "task_id": 62023, "created": "2016-05-13T23:59:26.905546", "finish_time": "2016-05-13T23:59:26.905570", "calibration": null, "user_ip": null, "timeout": null, "project_id": 310, "id": 98849}, {"info": {"description": "38. Shaft [Arabic writing]\nNo finds.\n\n39. V. late turba. [Arabic writing]\n     Piece of ivory object & bl. gl. beads, mostly small.\n", "reverseCard": "reverseCard", "comments": "", "discoveryDate": "Dec. 22", "cardNumber": "X.38, 39", "excavatorName": ""}, "user_id": 658, "task_id": 62024, "created": "2016-05-14T00:41:53.779388", "finish_time": "2016-05-14T00:41:53.779412", "calibration": null, "user_ip": null, "timeout": null, "project_id": 310, "id": 98856}, {"info": {"description": "", "reverseCard": "", "comments": "", "discoveryDate": "", "cardNumber": "", "excavatorName": "[Name written in Arabic]"}, "user_id": 658, "task_id": 62025, "created": "2016-05-14T00:42:08.874094", "finish_time": "2016-05-14T00:42:08.874117", "calibration": null, "user_ip": null, "timeout": null, "project_id": 310, "id": 98857}, {"info": {"description": "Rect. shaft.\n2 Broken Ushabtis on top.\nGold ring & v. small beads.\nCh. to N & S, empty (coffin in IV, no body)\nLower ch. to S.", "reverseCard": "", "comments": "", "discoveryDate": "Dec. 24", "cardNumber": "X.41", "excavatorName": "Name written in Arabic"}, "user_id": 658, "task_id": 62026, "created": "2016-05-14T00:43:56.252400", "finish_time": "2016-05-14T00:43:56.252425", "calibration": null, "user_ip": null, "timeout": null, "project_id": 310, "id": 98858}, {"info": {"description": "Rect. shaft.\n     In the shaft, lintel of limestone stela.\n     Long cyl. bl. gl. beads, hawk-headed\n     Vase lid & 2 vases, small [drawing of vase]\n     Broken vase [drawing of vase]\n\nPieces of cartonnage (over)\n\nThree ring vases. [drawing of vase]", "reverseCard": "", "comments": "", "discoveryDate": "Dec. 23", "cardNumber": "X.50", "excavatorName": "[Name written in Arabic]"}, "user_id": 658, "task_id": 62027, "created": "2016-05-14T00:47:49.995460", "finish_time": "2016-05-14T00:47:49.995483", "calibration": null, "user_ip": null, "timeout": null, "project_id": 310, "id": 98860}, {"info": {"description": "Cartonage", "reverseCard": "", "comments": "Drawings of hieroglyphs.", "discoveryDate": "", "cardNumber": "", "excavatorName": ""}, "user_id": 658, "task_id": 62028, "created": "2016-05-14T00:48:21.357956", "finish_time": "2016-05-14T00:48:21.357980", "calibration": null, "user_ip": null, "timeout": null, "project_id": 310, "id": 98861}, {"info": {"description": "Rect. shaft. 2 ch. to S, one to W.\nIn N. ch.:\n     a) 2 large rings & one small (silver)\n     b) fine set of beads carnel. (scaraboids) (& spherical), one light green stone\n        pendant, small white discoid beads & one blue glass bead(!!)\n\nIn shaft:\n     a) alab. vase.\n     b) Ivory handle of knife.\n     c) Pieces of wooden box\n     d) Black vase (small)\n     e) Red vase (small) [drawings of various vases]\n     f) Red vase (smaller)\n     g) Ochre vase, red wash on upper half.\n     h) Frag. black ware     \n                                       OVER", "reverseCard": "", "comments": "", "discoveryDate": "Dec. 23", "cardNumber": "X.51", "excavatorName": "[Name written in Arabic]"}, "user_id": 658, "task_id": 62029, "created": "2016-05-14T00:53:21.825089", "finish_time": "2016-05-14T00:53:21.825113", "calibration": null, "user_ip": null, "timeout": null, "project_id": 310, "id": 98863}, {"info": {"description": "     i) Frag. haematite-washed vase with black rim.\n\nFrom S. Lower Ch.:\n     a) Two pieces of small box.\n     b) Carnelian beads. [drawings]\n     c) Bl. & gr. glaze beads.\n     d) Blue spotted bead.\n     e) White discoid beads.\n     f) Frags. gold foil.\n     g) Ameth. bead,", "reverseCard": "", "comments": "", "discoveryDate": "", "cardNumber": "", "excavatorName": ""}, "user_id": 658, "task_id": 62030, "created": "2016-05-14T00:55:41.006532", "finish_time": "2016-05-14T00:55:41.006556", "calibration": null, "user_ip": null, "timeout": null, "project_id": 310, "id": 98865}, {"info": {"description": "Rect. shaft.\nN. Chamber:\n     Pot group (over)\n\nS. Chamber:\n     a) Blue marble swan-shaped vase.\n     b) Alab. dish with 4 tags.\n     c) Pottery group.\n", "reverseCard": "", "comments": "", "discoveryDate": "Dec. 24th.", "cardNumber": "X.52", "excavatorName": "[Name written in Arabic]"}, "user_id": 658, "task_id": 62031, "created": "2016-05-14T00:57:46.626469", "finish_time": "2016-05-14T00:57:46.626494", "calibration": null, "user_ip": null, "timeout": null, "project_id": 310, "id": 98868}, {"info": {"description": "", "reverseCard": "", "comments": "Card is blank.", "discoveryDate": "", "cardNumber": "", "excavatorName": ""}, "user_id": 658, "task_id": 62032, "created": "2016-05-14T00:58:08.998465", "finish_time": "2016-05-14T00:58:08.998488", "calibration": null, "user_ip": null, "timeout": null, "project_id": 310, "id": 98869}, {"info": {"description": "Very large bricked shaft:\nChambers to N & S\nPlundered in Roman times & worked with the sieve.", "reverseCard": "", "comments": "", "discoveryDate": "Dec. 23", "cardNumber": "X.55", "excavatorName": "Name in Arabic"}, "user_id": 658, "task_id": 62033, "created": "2016-05-14T00:59:42.150575", "finish_time": "2016-05-14T00:59:42.150600", "calibration": null, "user_ip": null, "timeout": null, "project_id": 310, "id": 98870}, {"info": {"description": "241 irus ioz\nRect. shaft. In shaft-\nBeads, Cam. discoid white,\nKohl stuln (now) & kohl shell.\nKohl pit lid (small)\n25. uibl ius\nOne upper chamber to S, two lower \none to W. we to S.\nFrom bottom of shaft\na. Fragt. of be.je. vase\nb. Bronze serphent\nc. Fragts. of stuces faus\nd. Rim nut\ne. Two shells.\nOVER.  ", "reverseCard": "reverseCard", "comments": "The handwriting was difficult to decipher. I made my best possible judgement. ", "discoveryDate": "Dec. 17", "cardNumber": "X.24-25", "excavatorName": ""}, "user_id": 677, "task_id": 62017, "created": "2016-05-14T01:02:57.011045", "finish_time": "2016-05-14T01:02:57.011069", "calibration": null, "user_ip": null, "timeout": null, "project_id": 310, "id": 98871}, {"info": {"description": "V. large e[...] shaft.\nNo finds.\nChambers to N & S, [...] to about 50 cm. fr. bottom.", "reverseCard": "", "comments": "Not sure about the unit of measurement as written.", "discoveryDate": "Dec. 24th.", "cardNumber": "X.56", "excavatorName": "Name written in Arabic"}, "user_id": 658, "task_id": 62034, "created": "2016-05-14T01:04:07.182739", "finish_time": "2016-05-14T01:04:07.182766", "calibration": null, "user_ip": null, "timeout": null, "project_id": 310, "id": 98872}, {"info": {"description": "f. White & blue discasd beads\ng. Small piece of snake\nh. Pits\nFrom upper chamber\na. Oyster shell\nb. Beads can. anelh\n& apotted blue\nc. Small shell", "reverseCard": "", "comments": "The handwriting was difficult to decipher. I made my best possible judgement. ", "discoveryDate": "", "cardNumber": "", "excavatorName": ""}, "user_id": 677, "task_id": 62018, "created": "2016-05-14T01:04:46.105191", "finish_time": "2016-05-14T01:04:46.105217", "calibration": null, "user_ip": null, "timeout": null, "project_id": 310, "id": 98873}, {"info": {"description": "30. uisjc algui\nChied in coffin, shallow.\nhead to W. supine. ", "reverseCard": "", "comments": "The handwriting was difficult to decipher. I made my best possible judgement. ", "discoveryDate": "Dec. 18th", "cardNumber": "X30", "excavatorName": ""}, "user_id": 677, "task_id": 62019, "created": "2016-05-14T01:06:02.728524", "finish_time": "2016-05-14T01:06:02.728548", "calibration": null, "user_ip": null, "timeout": null, "project_id": 310, "id": 98874}, {"info": {"description": "V. large rect. shaft, inlet at sdes.\nCh. to N & S, & undercut to E & W.     2 photos.\n\nS.:\na) Large granite(?) seated [...] of man & wife & son.\nb) Three small vases. [drawn]", "reverseCard": "", "comments": "", "discoveryDate": "Dec. 24th.", "cardNumber": "X.57", "excavatorName": "Name written in Arabic."}, "user_id": 658, "task_id": 62035, "created": "2016-05-14T01:25:48.610284", "finish_time": "2016-05-14T01:25:48.610308", "calibration": null, "user_ip": null, "timeout": null, "project_id": 310, "id": 98882}, {"info": {"description": "58. Rect. Shaft.\nCh. too N broken fr. 57.\nIn shaft: Piece of statue with inscription. \nTwo frags. of a limestone stela, painted & inscribed.\nThree vases. [drawn]\n\n59. Rect. shaft. \nCh. to N broken fr. 57.", "reverseCard": "", "comments": "", "discoveryDate": "Dec. 28-9", "cardNumber": "X.58, 59", "excavatorName": "Name written in Arabic"}, "user_id": 658, "task_id": 62036, "created": "2016-05-14T01:28:42.870849", "finish_time": "2016-05-14T01:28:42.870874", "calibration": null, "user_ip": null, "timeout": null, "project_id": 310, "id": 98883}, {"info": {"description": "60. Body in bricked turba, moved & plundered. Small br. ring.\n\n61. Body in wood coffin, disturbed, head to N. One pot at head.\n\n62. Body in turba, head N on R. side. 2 beads. Prob. XII or XIII.\n     One carnelian. [drawn]\n     One deep bl. gl. [drawn] this last exactly similar to that of 51, S chamber. ", "reverseCard": "", "comments": "", "discoveryDate": "Dec. 23", "cardNumber": "X.60, 61, 62", "excavatorName": "Name written in Arabic."}, "user_id": 658, "task_id": 62037, "created": "2016-05-14T01:47:20.321539", "finish_time": "2016-05-14T01:47:20.321563", "calibration": null, "user_ip": null, "timeout": null, "project_id": 310, "id": 98884}, {"info": {"description": "Rect. shafts with 4 ch. each, upper ch., all empty.\n64 gave in pot group in shaft.\nN. Ch.:\n   Piece of arrow.\n    2 small pieces of an ivory object.\n     Bl. gl. scaraboid, plain.\n     2 small ivory [...]\n     Piece of a horn obj. [drawning]\n     Pierced shell.\n\nPART OF CAT. 1910-11", "reverseCard": "", "comments": "", "discoveryDate": "Dec. 31", "cardNumber": "X.63, 64", "excavatorName": "Name written in Arabic."}, "user_id": 658, "task_id": 62038, "created": "2016-05-14T01:51:55.801463", "finish_time": "2016-05-14T01:51:55.801487", "calibration": null, "user_ip": null, "timeout": null, "project_id": 310, "id": 98885}, {"info": {"description": "Tombs: X.31.32,35.\nX.31: Furba. E & W. at a depth from surface of 7 feet (7 x 2 x 2 1/2 ft) containing a large wooden coffin in which a few bones remained of the original body which had been almost entirely destroyed.\nX.32: A similar Turba, no bones or traces of coffin remaining.\n35. Similar turba. No finds.", "reverseCard": "reverseCard", "comments": "", "discoveryDate": "18/XII/10", "cardNumber": "X.31.32,35.", "excavatorName": "'El Kasar"}, "user_id": 580, "task_id": 62020, "created": "2016-05-14T10:18:29.395220", "finish_time": "2016-05-14T10:18:29.395244", "calibration": null, "user_ip": null, "timeout": null, "project_id": 310, "id": 98886}, {"info": {"description": "Tomb X33.\n33. [arabic]\nDeep rect. shaft ch. to N & S.\nN. chamber: White discoid beads, bl. gl. bead\nS. chamber: Long dark bl. gl. beads, evid. a late re-burial", "reverseCard": "", "comments": "", "discoveryDate": "Dec. 19th", "cardNumber": "X33", "excavatorName": ""}, "user_id": 580, "task_id": 62021, "created": "2016-05-14T10:20:40.483349", "finish_time": "2016-05-14T10:20:40.483373", "calibration": null, "user_ip": null, "timeout": null, "project_id": 310, "id": 98887}, {"info": {"description": "Tomb X34.\n1. Rect. shaft.\n2. Near top an offering stela \n3. In shaft a rough painted Ushabti\n4. One large chamber with niche (to South)\n5. Blue glaze plaque with name\n6. Piece of an arrow\n7. Pot of curious shape [drawing]\n8. 8 Large spherical beads bl. & gr. glaze.\n9. 6 short cylind. beads, & one more. \n10. Part of red pol. bowl (in shaft)", "reverseCard": "", "comments": "", "discoveryDate": "Dec. 19th.", "cardNumber": "X34.", "excavatorName": "[arabic]"}, "user_id": 580, "task_id": 62022, "created": "2016-05-14T10:28:17.531093", "finish_time": "2016-05-14T10:28:17.531116", "calibration": null, "user_ip": null, "timeout": null, "project_id": 310, "id": 98888}, {"info": {"description": "Tomb: X36-37\n36. Rect shaft, 2 ch. Empty\n37. Rect. shaft.\nCh. to S. Kohl vase (half) on top of r\u00e2dim in chamber [drawing]", "reverseCard": "", "comments": "", "discoveryDate": "Dec. 22.", "cardNumber": "X36-37", "excavatorName": "[arabic]"}, "user_id": 580, "task_id": 62023, "created": "2016-05-14T10:30:12.989903", "finish_time": "2016-05-14T10:30:12.989926", "calibration": null, "user_ip": null, "timeout": null, "project_id": 310, "id": 98889}, {"info": {"description": "Tomb: X38-39\n38. Shaft. [arabic] no finds.\n39. V. late turba. [arabic] Piece of ivory object & bl. gl. beads mostly small.", "reverseCard": "reverseCard", "comments": "", "discoveryDate": "Dec. 22.", "cardNumber": "X38-39", "excavatorName": ""}, "user_id": 580, "task_id": 62024, "created": "2016-05-14T10:33:49.658552", "finish_time": "2016-05-14T10:33:49.658576", "calibration": null, "user_ip": null, "timeout": null, "project_id": 310, "id": 98890}, {"info": {"description": "Tomb: X40. = C.81. 1912\nA large building (see plans)\nin central portion a v. small wooden sarcoph. (model) under the [...], fell to pieces. Apparently empty. In centre.\nTwo broken mud vases at S.W. corner\nThe wide shaft had a v. large rect. chamber to S but was empty\n[plan]", "reverseCard": "", "comments": "", "discoveryDate": "Dec. 18th. onward", "cardNumber": "X40. = C.81. 1912", "excavatorName": "[arabic]"}, "user_id": 580, "task_id": 62025, "created": "2016-05-14T10:38:01.552169", "finish_time": "2016-05-14T10:38:01.552191", "calibration": null, "user_ip": null, "timeout": null, "project_id": 310, "id": 98891}, {"info": {"description": "Tomb: X41\nRect. Shaft.\n2 broken Ushabtiu in top.\ngold ring & v. small beads.\nCh. to N & S empty (coffin in N, no body)\nlower ch. to S.", "reverseCard": "reverseCard", "comments": "", "discoveryDate": "Dec. 24", "cardNumber": "X41", "excavatorName": "[arabic]"}, "user_id": 580, "task_id": 62026, "created": "2016-05-14T10:47:29.576770", "finish_time": "2016-05-14T10:47:29.576793", "calibration": null, "user_ip": null, "timeout": null, "project_id": 310, "id": 98892}, {"info": {"description": "Tomb: 50X\nRect. shaft.\nIn the shaft, lintel of limest. stela\nRough cyl. bl. gl. beads, hawk-headed vase lid & 2 vases [drawing] small.\nBroken vase [drawing]\nPieces of cartonnage (OVER)\nThree ring vases [drawing]", "reverseCard": "reverseCard", "comments": "", "discoveryDate": "Dec. 23", "cardNumber": "50X", "excavatorName": "[arabic]"}, "user_id": 580, "task_id": 62027, "created": "2016-05-14T15:25:52.462918", "finish_time": "2016-05-14T15:25:52.462939", "calibration": null, "user_ip": null, "timeout": null, "project_id": 310, "id": 98901}, {"info": {"description": "Cartonnage [drawing]", "reverseCard": "", "comments": "", "discoveryDate": "", "cardNumber": "", "excavatorName": ""}, "user_id": 580, "task_id": 62028, "created": "2016-05-14T15:26:08.535731", "finish_time": "2016-05-14T15:26:08.535756", "calibration": null, "user_ip": null, "timeout": null, "project_id": 310, "id": 98902}, {"info": {"description": "Cemetery: X\nTomb: 51.X\nRect shaft. 2 chs to S, one to N\nIn N. ch\n(a) 2 large rings & one small (silver)\n(b) fine set of beads carnel. (scaraboids) (& spherical), one light green stone pendant, small white discoid beads & one blue glass bead (!!)\nIn shaft\n(a) Alab. vase [drawing]\n(b) Ivory handle of knife\n(c) Pieces of wooden box\n(d) Black vase (small) [drawing]\n(e) Red Vase (small) [drawing]\n(f) Red vase smaller [drawing]\n(g) Ochre vase, red wash on upper half [drawing]\n(h) Fragt. black ware\nOVER", "reverseCard": "reverseCard", "comments": "", "discoveryDate": "Dec. 23.", "cardNumber": "51.X", "excavatorName": "[arabic]"}, "user_id": 580, "task_id": 62029, "created": "2016-05-14T15:34:23.488447", "finish_time": "2016-05-14T15:34:23.488468", "calibration": null, "user_ip": null, "timeout": null, "project_id": 310, "id": 98903}, {"info": {"description": "(i) Fragt. haematite-washed vase with with black rim\nFrom S. lower ch.\n(a) Two pieces of small box\n(b) Carnel. beads [drawings]\n(c) Bl. & gr. glaze beads.\n(d) Blue spotted bead\n(e) White discoid beads\n(f) Fragts. gold foil\n(g) Ameth. bead.", "reverseCard": "", "comments": "", "discoveryDate": "", "cardNumber": "", "excavatorName": ""}, "user_id": 580, "task_id": 62030, "created": "2016-05-14T15:37:05.872099", "finish_time": "2016-05-14T15:37:05.872120", "calibration": null, "user_ip": null, "timeout": null, "project_id": 310, "id": 98904}, {"info": {"description": "Tomb: 52.X\nRect. shaft\nN. chamber\nPot group (over). Drawn.\nS. chamber\n(a) Blue marble swan-shaped vase\n(b) Alab. dish with 4 tags\n(c) Pottery group. Drawn", "reverseCard": "", "comments": "", "discoveryDate": "Dec. 24th.", "cardNumber": "52.X", "excavatorName": "[arabic]"}, "user_id": 580, "task_id": 62031, "created": "2016-05-14T15:39:24.776271", "finish_time": "2016-05-14T15:39:24.776294", "calibration": null, "user_ip": null, "timeout": null, "project_id": 310, "id": 98905}, {"info": {"description": "", "reverseCard": "", "comments": "", "discoveryDate": "", "cardNumber": "", "excavatorName": ""}, "user_id": 580, "task_id": 62032, "created": "2016-05-14T15:39:35.675317", "finish_time": "2016-05-14T15:39:35.675340", "calibration": null, "user_ip": null, "timeout": null, "project_id": 310, "id": 98906}, {"info": {"description": "Tomb: 55X\nVery large bricked shaft.\nChs. to N & S.\nPlundered in Roman times & worked with the sieve.", "reverseCard": "", "comments": "", "discoveryDate": "Dec. 23.", "cardNumber": "55X", "excavatorName": "[arabic]"}, "user_id": 580, "task_id": 62033, "created": "2016-05-14T15:41:17.581859", "finish_time": "2016-05-14T15:41:17.581883", "calibration": null, "user_ip": null, "timeout": null, "project_id": 310, "id": 98907}, {"info": {"description": "Tomb: 56X\nV. large rect. shaft\nNo finds.\nChambers to N & S, bricked to about 50 cm. fr. [...].", "reverseCard": "", "comments": "", "discoveryDate": "Dec. 24.", "cardNumber": "56X", "excavatorName": "[arabic]"}, "user_id": 580, "task_id": 62034, "created": "2016-05-14T15:42:56.401810", "finish_time": "2016-05-14T15:42:56.401834", "calibration": null, "user_ip": null, "timeout": null, "project_id": 310, "id": 98908}, {"info": {"description": "Tomb: 57X\nV. large rect. shaft, inlet at sides. Plan.\nCh. to N & S. & undercut to E.W. Section. 2 Photoes\nn S.\n(a) Large granitic (?) seated statue cf man & wife & son\n(b) Three small vases [drawings]\n", "reverseCard": "", "comments": "", "discoveryDate": "Dec. 24.", "cardNumber": "57X", "excavatorName": "[arabic]"}, "user_id": 580, "task_id": 62035, "created": "2016-05-14T15:46:00.841355", "finish_time": "2016-05-14T15:46:00.841375", "calibration": null, "user_ip": null, "timeout": null, "project_id": 310, "id": 98909}, {"info": {"description": "Tomb (number) X58, 59.\n58. Rect. shaft\nCh. to N broken p. 57\nIn shaft\nPiece of statue with inscription (Drawn)\nTwo fragts. of a limestone stela (Drawn) painted & inscribed.\nThree vases [drawings] all red ware\n59. Rect. shaft\nCh. to N broken  p. 57", "reverseCard": "", "comments": "", "discoveryDate": "Dec. 28-9, 1911", "cardNumber": "X58, 59.", "excavatorName": "[arabic]"}, "user_id": 580, "task_id": 62036, "created": "2016-05-14T15:50:07.281633", "finish_time": "2016-05-14T15:50:07.281657", "calibration": null, "user_ip": null, "timeout": null, "project_id": 310, "id": 98910}, {"info": {"description": "Cemetery: XIIth.\nTomb: X60, 61, 62.\n60. Body in bricked turba, moved & plundered. Small br. ring.\n61. Body in wood coffin, disturbed, head to N. One pot at head [drawing]\n62. Baby in turba, head N. on r. side\n2 beads, Prob. XII or XIII, one carnel. [drawing], one deep bl. gl. [drawing], this last exactly similar to that of 51, S. ch.", "reverseCard": "", "comments": "", "discoveryDate": "Dec. 23.", "cardNumber": "X60, 61, 62.", "excavatorName": "[arabic]"}, "user_id": 580, "task_id": 62037, "created": "2016-05-14T15:53:58.560244", "finish_time": "2016-05-14T15:53:58.560269", "calibration": null, "user_ip": null, "timeout": null, "project_id": 310, "id": 98911}, {"info": {"description": "Tomb (number): X 63, 64\nRect. shafts with 4 ch. each, upper ch. all empty\n64. gave a pot. group in shaft (Drawn)\nN. ch.\nPiece of arrow.\n2 small pieces of an ivory object\nBl. gl. scaraboid, plain\n2 small ivory rivets\nPiece of a horn obj. [drawing]\nPierced shell\nPART of cat 1910-11", "reverseCard": "", "comments": "", "discoveryDate": "Dec. 31.", "cardNumber": "X63, 64", "excavatorName": "[arabic]"}, "user_id": 580, "task_id": 62038, "created": "2016-05-14T15:58:06.969073", "finish_time": "2016-05-14T15:58:06.969097", "calibration": null, "user_ip": null, "timeout": null, "project_id": 310, "id": 98912}]