[{"info": {"url": "https://farm6.staticflickr.com/5741/22440088094_6167e82349.jpg", "url_m": "https://farm6.staticflickr.com/5741/22440088094_6167e82349_m.jpg", "link": "https://www.flickr.com/photos/25459876@N04/22440088094", "url_b": "https://farm6.staticflickr.com/5741/22440088094_6167e82349_b.jpg", "title": "AB.TC.U.01a"}, "n_answers": 2, "quorum": 0, "calibration": 0, "created": "2016-05-15T21:05:14.316165", "state": "completed", "project_id": 312, "id": 62066, "priority_0": 0.0}, {"info": {"url": "https://farm6.staticflickr.com/5673/22440087774_f6ec99e8fa.jpg", "url_m": "https://farm6.staticflickr.com/5673/22440087774_f6ec99e8fa_m.jpg", "link": "https://www.flickr.com/photos/25459876@N04/22440087774", "url_b": "https://farm6.staticflickr.com/5673/22440087774_f6ec99e8fa_b.jpg", "title": "AB.TC.U.01b"}, "n_answers": 2, "quorum": 0, "calibration": 0, "created": "2016-05-15T21:05:14.410285", "state": "completed", "project_id": 312, "id": 62067, "priority_0": 0.0}, {"info": {"url": "https://farm6.staticflickr.com/5750/23036826126_473cb6e592.jpg", "url_m": "https://farm6.staticflickr.com/5750/23036826126_473cb6e592_m.jpg", "link": "https://www.flickr.com/photos/25459876@N04/23036826126", "url_b": "https://farm6.staticflickr.com/5750/23036826126_473cb6e592_b.jpg", "title": "AB.TC.U.02"}, "n_answers": 2, "quorum": 0, "calibration": 0, "created": "2016-05-15T21:05:14.442987", "state": "completed", "project_id": 312, "id": 62068, "priority_0": 0.0}, {"info": {"url": "https://farm6.staticflickr.com/5727/22441661743_ba29ea6133.jpg", "url_m": "https://farm6.staticflickr.com/5727/22441661743_ba29ea6133_m.jpg", "link": "https://www.flickr.com/photos/25459876@N04/22441661743", "url_b": "https://farm6.staticflickr.com/5727/22441661743_ba29ea6133_b.jpg", "title": "AB.TC.U.03"}, "n_answers": 2, "quorum": 0, "calibration": 0, "created": "2016-05-15T21:05:14.476620", "state": "completed", "project_id": 312, "id": 62069, "priority_0": 0.0}, {"info": {"url": "https://farm1.staticflickr.com/756/22670590779_9903efd36f.jpg", "url_m": "https://farm1.staticflickr.com/756/22670590779_9903efd36f_m.jpg", "link": "https://www.flickr.com/photos/25459876@N04/22670590779", "url_b": "https://farm1.staticflickr.com/756/22670590779_9903efd36f_b.jpg", "title": "AB.TC.U.04"}, "n_answers": 2, "quorum": 0, "calibration": 0, "created": "2016-05-15T21:05:14.510037", "state": "completed", "project_id": 312, "id": 62070, "priority_0": 0.0}, {"info": {"url": "https://farm1.staticflickr.com/591/23036824756_4eda1552b2.jpg", "url_m": "https://farm1.staticflickr.com/591/23036824756_4eda1552b2_m.jpg", "link": "https://www.flickr.com/photos/25459876@N04/23036824756", "url_b": "https://farm1.staticflickr.com/591/23036824756_4eda1552b2_b.jpg", "title": "AB.TC.U.07"}, "n_answers": 2, "quorum": 0, "calibration": 0, "created": "2016-05-15T21:05:14.542703", "state": "completed", "project_id": 312, "id": 62071, "priority_0": 0.0}, {"info": {"url": "https://farm6.staticflickr.com/5714/23049280932_8f0cf07562.jpg", "url_m": "https://farm6.staticflickr.com/5714/23049280932_8f0cf07562_m.jpg", "link": "https://www.flickr.com/photos/25459876@N04/23049280932", "url_b": "https://farm6.staticflickr.com/5714/23049280932_8f0cf07562_b.jpg", "title": "AB.TC.U.08"}, "n_answers": 2, "quorum": 0, "calibration": 0, "created": "2016-05-15T21:05:14.575960", "state": "completed", "project_id": 312, "id": 62072, "priority_0": 0.0}, {"info": {"url": "https://farm6.staticflickr.com/5647/22670598499_21ecbbe53f.jpg", "url_m": "https://farm6.staticflickr.com/5647/22670598499_21ecbbe53f_m.jpg", "link": "https://www.flickr.com/photos/25459876@N04/22670598499", "url_b": "https://farm6.staticflickr.com/5647/22670598499_21ecbbe53f_b.jpg", "title": "AB.TC.U.09"}, "n_answers": 2, "quorum": 0, "calibration": 0, "created": "2016-05-15T21:05:14.609256", "state": "completed", "project_id": 312, "id": 62073, "priority_0": 0.0}, {"info": {"url": "https://farm6.staticflickr.com/5696/22441669233_8a2f74f057.jpg", "url_m": "https://farm6.staticflickr.com/5696/22441669233_8a2f74f057_m.jpg", "link": "https://www.flickr.com/photos/25459876@N04/22441669233", "url_b": "https://farm6.staticflickr.com/5696/22441669233_8a2f74f057_b.jpg", "title": "AB.TC.U.10"}, "n_answers": 2, "quorum": 0, "calibration": 0, "created": "2016-05-15T21:05:14.642673", "state": "completed", "project_id": 312, "id": 62074, "priority_0": 0.0}, {"info": {"url": "https://farm6.staticflickr.com/5822/22441668833_8d72aeeaa7.jpg", "url_m": "https://farm6.staticflickr.com/5822/22441668833_8d72aeeaa7_m.jpg", "link": "https://www.flickr.com/photos/25459876@N04/22441668833", "url_b": "https://farm6.staticflickr.com/5822/22441668833_8d72aeeaa7_b.jpg", "title": "AB.TC.U.11"}, "n_answers": 2, "quorum": 0, "calibration": 0, "created": "2016-05-15T21:05:14.692663", "state": "completed", "project_id": 312, "id": 62075, "priority_0": 0.0}, {"info": {"url": "https://farm6.staticflickr.com/5797/23036832456_41f006d7b1.jpg", "url_m": "https://farm6.staticflickr.com/5797/23036832456_41f006d7b1_m.jpg", "link": "https://www.flickr.com/photos/25459876@N04/23036832456", "url_b": "https://farm6.staticflickr.com/5797/23036832456_41f006d7b1_b.jpg", "title": "AB.TC.U.12"}, "n_answers": 2, "quorum": 0, "calibration": 0, "created": "2016-05-15T21:05:14.725490", "state": "completed", "project_id": 312, "id": 62076, "priority_0": 0.0}, {"info": {"url": "https://farm6.staticflickr.com/5645/22644524537_0f54e53a16.jpg", "url_m": "https://farm6.staticflickr.com/5645/22644524537_0f54e53a16_m.jpg", "link": "https://www.flickr.com/photos/25459876@N04/22644524537", "url_b": "https://farm6.staticflickr.com/5645/22644524537_0f54e53a16_b.jpg", "title": "AB.TC.U.13a"}, "n_answers": 2, "quorum": 0, "calibration": 0, "created": "2016-05-15T21:05:14.759256", "state": "completed", "project_id": 312, "id": 62077, "priority_0": 0.0}, {"info": {"url": "https://farm6.staticflickr.com/5710/23036831846_1c9a1dbcc8.jpg", "url_m": "https://farm6.staticflickr.com/5710/23036831846_1c9a1dbcc8_m.jpg", "link": "https://www.flickr.com/photos/25459876@N04/23036831846", "url_b": "https://farm6.staticflickr.com/5710/23036831846_1c9a1dbcc8_b.jpg", "title": "AB.TC.U.13b"}, "n_answers": 2, "quorum": 0, "calibration": 0, "created": "2016-05-15T21:05:14.792313", "state": "completed", "project_id": 312, "id": 62078, "priority_0": 0.0}, {"info": {"url": "https://farm6.staticflickr.com/5764/22440092724_aee4754a78.jpg", "url_m": "https://farm6.staticflickr.com/5764/22440092724_aee4754a78_m.jpg", "link": "https://www.flickr.com/photos/25459876@N04/22440092724", "url_b": "https://farm6.staticflickr.com/5764/22440092724_aee4754a78_b.jpg", "title": "AB.TC.U.14"}, "n_answers": 2, "quorum": 0, "calibration": 0, "created": "2016-05-15T21:05:14.825470", "state": "completed", "project_id": 312, "id": 62079, "priority_0": 0.0}, {"info": {"url": "https://farm6.staticflickr.com/5705/22441667293_1b399e146f.jpg", "url_m": "https://farm6.staticflickr.com/5705/22441667293_1b399e146f_m.jpg", "link": "https://www.flickr.com/photos/25459876@N04/22441667293", "url_b": "https://farm6.staticflickr.com/5705/22441667293_1b399e146f_b.jpg", "title": "AB.TC.U.15a"}, "n_answers": 2, "quorum": 0, "calibration": 0, "created": "2016-05-15T21:05:14.858642", "state": "completed", "project_id": 312, "id": 62080, "priority_0": 0.0}, {"info": {"url": "https://farm1.staticflickr.com/725/23074045201_492b9cbeb5.jpg", "url_m": "https://farm1.staticflickr.com/725/23074045201_492b9cbeb5_m.jpg", "link": "https://www.flickr.com/photos/25459876@N04/23074045201", "url_b": "https://farm1.staticflickr.com/725/23074045201_492b9cbeb5_b.jpg", "title": "AB.TC.U.15b"}, "n_answers": 2, "quorum": 0, "calibration": 0, "created": "2016-05-15T21:05:14.893035", "state": "completed", "project_id": 312, "id": 62081, "priority_0": 0.0}, {"info": {"url": "https://farm6.staticflickr.com/5734/23062871635_f42f92dc9b.jpg", "url_m": "https://farm6.staticflickr.com/5734/23062871635_f42f92dc9b_m.jpg", "link": "https://www.flickr.com/photos/25459876@N04/23062871635", "url_b": "https://farm6.staticflickr.com/5734/23062871635_f42f92dc9b_b.jpg", "title": "AB.TC.U.16"}, "n_answers": 2, "quorum": 0, "calibration": 0, "created": "2016-05-15T21:05:14.925036", "state": "completed", "project_id": 312, "id": 62082, "priority_0": 0.0}, {"info": {"url": "https://farm1.staticflickr.com/674/22440086554_644e6b7bd1.jpg", "url_m": "https://farm1.staticflickr.com/674/22440086554_644e6b7bd1_m.jpg", "link": "https://www.flickr.com/photos/25459876@N04/22440086554", "url_b": "https://farm1.staticflickr.com/674/22440086554_644e6b7bd1_b.jpg", "title": "AB.TC.U.17"}, "n_answers": 2, "quorum": 0, "calibration": 0, "created": "2016-05-15T21:05:14.958828", "state": "completed", "project_id": 312, "id": 62083, "priority_0": 0.0}, {"info": {"url": "https://farm1.staticflickr.com/670/23062871345_23bdf33f68.jpg", "url_m": "https://farm1.staticflickr.com/670/23062871345_23bdf33f68_m.jpg", "link": "https://www.flickr.com/photos/25459876@N04/23062871345", "url_b": "https://farm1.staticflickr.com/670/23062871345_23bdf33f68_b.jpg", "title": "AB.TC.U.19"}, "n_answers": 2, "quorum": 0, "calibration": 0, "created": "2016-05-15T21:05:14.992023", "state": "completed", "project_id": 312, "id": 62084, "priority_0": 0.0}, {"info": {"url": "https://farm6.staticflickr.com/5686/23074044541_ddc63ded85.jpg", "url_m": "https://farm6.staticflickr.com/5686/23074044541_ddc63ded85_m.jpg", "link": "https://www.flickr.com/photos/25459876@N04/23074044541", "url_b": "https://farm6.staticflickr.com/5686/23074044541_ddc63ded85_b.jpg", "title": "AB.TC.U.20"}, "n_answers": 2, "quorum": 0, "calibration": 0, "created": "2016-05-15T21:05:15.024978", "state": "completed", "project_id": 312, "id": 62085, "priority_0": 0.0}, {"info": {"url": "https://farm6.staticflickr.com/5789/23074044341_157a41215f.jpg", "url_m": "https://farm6.staticflickr.com/5789/23074044341_157a41215f_m.jpg", "link": "https://www.flickr.com/photos/25459876@N04/23074044341", "url_b": "https://farm6.staticflickr.com/5789/23074044341_157a41215f_b.jpg", "title": "AB.TC.U.21"}, "n_answers": 2, "quorum": 0, "calibration": 0, "created": "2016-05-15T21:05:15.058729", "state": "completed", "project_id": 312, "id": 62086, "priority_0": 0.0}, {"info": {"url": "https://farm6.staticflickr.com/5835/22670594629_a7ee0e3a7c.jpg", "url_m": "https://farm6.staticflickr.com/5835/22670594629_a7ee0e3a7c_m.jpg", "link": "https://www.flickr.com/photos/25459876@N04/22670594629", "url_b": "https://farm6.staticflickr.com/5835/22670594629_a7ee0e3a7c_b.jpg", "title": "AB.TC.U.22"}, "n_answers": 2, "quorum": 0, "calibration": 0, "created": "2016-05-15T21:05:15.092063", "state": "completed", "project_id": 312, "id": 62087, "priority_0": 0.0}, {"info": {"url": "https://farm1.staticflickr.com/678/22644521617_28f441b016.jpg", "url_m": "https://farm1.staticflickr.com/678/22644521617_28f441b016_m.jpg", "link": "https://www.flickr.com/photos/25459876@N04/22644521617", "url_b": "https://farm1.staticflickr.com/678/22644521617_28f441b016_b.jpg", "title": "AB.TC.U.23"}, "n_answers": 2, "quorum": 0, "calibration": 0, "created": "2016-05-15T21:05:15.124602", "state": "completed", "project_id": 312, "id": 62088, "priority_0": 0.0}, {"info": {"url": "https://farm6.staticflickr.com/5681/23062869815_9644d9122b.jpg", "url_m": "https://farm6.staticflickr.com/5681/23062869815_9644d9122b_m.jpg", "link": "https://www.flickr.com/photos/25459876@N04/23062869815", "url_b": "https://farm6.staticflickr.com/5681/23062869815_9644d9122b_b.jpg", "title": "AB.TC.U.24"}, "n_answers": 2, "quorum": 0, "calibration": 0, "created": "2016-05-15T21:05:15.157944", "state": "completed", "project_id": 312, "id": 62089, "priority_0": 0.0}, {"info": {"url": "https://farm1.staticflickr.com/738/23062869525_035ec2546e.jpg", "url_m": "https://farm1.staticflickr.com/738/23062869525_035ec2546e_m.jpg", "link": "https://www.flickr.com/photos/25459876@N04/23062869525", "url_b": "https://farm1.staticflickr.com/738/23062869525_035ec2546e_b.jpg", "title": "AB.TC.U.25"}, "n_answers": 2, "quorum": 0, "calibration": 0, "created": "2016-05-15T21:05:15.191655", "state": "completed", "project_id": 312, "id": 62090, "priority_0": 0.0}, {"info": {"url": "https://farm1.staticflickr.com/663/23036828636_f0feb2aa7a.jpg", "url_m": "https://farm1.staticflickr.com/663/23036828636_f0feb2aa7a_m.jpg", "link": "https://www.flickr.com/photos/25459876@N04/23036828636", "url_b": "https://farm1.staticflickr.com/663/23036828636_f0feb2aa7a_b.jpg", "title": "AB.TC.U.26"}, "n_answers": 2, "quorum": 0, "calibration": 0, "created": "2016-05-15T21:05:15.224731", "state": "completed", "project_id": 312, "id": 62091, "priority_0": 0.0}, {"info": {"url": "https://farm1.staticflickr.com/620/22644520567_fe0f958482.jpg", "url_m": "https://farm1.staticflickr.com/620/22644520567_fe0f958482_m.jpg", "link": "https://www.flickr.com/photos/25459876@N04/22644520567", "url_b": "https://farm1.staticflickr.com/620/22644520567_fe0f958482_b.jpg", "title": "AB.TC.U.27"}, "n_answers": 2, "quorum": 0, "calibration": 0, "created": "2016-05-15T21:05:15.258759", "state": "completed", "project_id": 312, "id": 62092, "priority_0": 0.0}, {"info": {"url": "https://farm1.staticflickr.com/701/22441663953_6ac12c4d6d.jpg", "url_m": "https://farm1.staticflickr.com/701/22441663953_6ac12c4d6d_m.jpg", "link": "https://www.flickr.com/photos/25459876@N04/22441663953", "url_b": "https://farm1.staticflickr.com/701/22441663953_6ac12c4d6d_b.jpg", "title": "AB.TC.U.28"}, "n_answers": 2, "quorum": 0, "calibration": 0, "created": "2016-05-15T21:05:15.291697", "state": "completed", "project_id": 312, "id": 62093, "priority_0": 0.0}, {"info": {"url": "https://farm1.staticflickr.com/640/23036827746_19018f796b.jpg", "url_m": "https://farm1.staticflickr.com/640/23036827746_19018f796b_m.jpg", "link": "https://www.flickr.com/photos/25459876@N04/23036827746", "url_b": "https://farm1.staticflickr.com/640/23036827746_19018f796b_b.jpg", "title": "AB.TC.U.29"}, "n_answers": 2, "quorum": 0, "calibration": 0, "created": "2016-05-15T21:05:15.324449", "state": "completed", "project_id": 312, "id": 62094, "priority_0": 0.0}, {"info": {"url": "https://farm6.staticflickr.com/5778/22670590269_1c35e7e64f.jpg", "url_m": "https://farm6.staticflickr.com/5778/22670590269_1c35e7e64f_m.jpg", "link": "https://www.flickr.com/photos/25459876@N04/22670590269", "url_b": "https://farm6.staticflickr.com/5778/22670590269_1c35e7e64f_b.jpg", "title": "AB.TC.U.30"}, "n_answers": 2, "quorum": 0, "calibration": 0, "created": "2016-05-15T21:05:15.358000", "state": "completed", "project_id": 312, "id": 62095, "priority_0": 0.0}, {"info": {"url": "https://farm6.staticflickr.com/5665/23036827426_220cb6389c.jpg", "url_m": "https://farm6.staticflickr.com/5665/23036827426_220cb6389c_m.jpg", "link": "https://www.flickr.com/photos/25459876@N04/23036827426", "url_b": "https://farm6.staticflickr.com/5665/23036827426_220cb6389c_b.jpg", "title": "AB.TC.U.31"}, "n_answers": 2, "quorum": 0, "calibration": 0, "created": "2016-05-15T21:05:15.391261", "state": "completed", "project_id": 312, "id": 62096, "priority_0": 0.0}, {"info": {"url": "https://farm1.staticflickr.com/729/22644462718_81799605a6.jpg", "url_m": "https://farm1.staticflickr.com/729/22644462718_81799605a6_m.jpg", "link": "https://www.flickr.com/photos/25459876@N04/22644462718", "url_b": "https://farm1.staticflickr.com/729/22644462718_81799605a6_b.jpg", "title": "AB.TC.U.32"}, "n_answers": 2, "quorum": 0, "calibration": 0, "created": "2016-05-15T21:05:15.424249", "state": "completed", "project_id": 312, "id": 62097, "priority_0": 0.0}]