[{"info": {"description": "Cemetery: 1\nTomb: 1\nLarge [...] with later intrusions.", "reverseCard": "reverseCard", "comments": "", "discoveryDate": "", "cardNumber": "", "excavatorName": ""}, "user_id": 580, "task_id": 65434, "created": "2016-09-15T07:47:13.589138", "finish_time": "2016-09-15T07:47:13.589161", "calibration": null, "user_ip": null, "timeout": null, "project_id": 338, "id": 106057}, {"info": {"description": "XXV-XXX\nCemetery: A\nTomb: 2\nDate: Nov. 6.\n1. Large globular bead, blue glaze.\n2. Fragt. of green glaze fig. of Bes.", "reverseCard": "reverseCard", "comments": "", "discoveryDate": "", "cardNumber": "", "excavatorName": ""}, "user_id": 580, "task_id": 65435, "created": "2016-09-15T12:06:50.480979", "finish_time": "2016-09-15T12:06:50.481002", "calibration": null, "user_ip": null, "timeout": null, "project_id": 338, "id": 106116}, {"info": {"description": "Vaulted tomb built against the South side of A1. only the lower part of the south wall remains. The vaulting has entirely collapsed. The tomb was empty except for a bead and a fig. of Bes (fragt.) found on the gebel beneath the d\u00e9bris. The wall does not touch gebel but has a few inches of loose sand beneath it.\nPlan: cf Plan of A1.\nEdward R. Ayrton.", "reverseCard": "", "comments": "", "discoveryDate": "", "cardNumber": "", "excavatorName": ""}, "user_id": 580, "task_id": 65436, "created": "2016-09-15T12:10:26.815156", "finish_time": "2016-09-15T12:10:26.815179", "calibration": null, "user_ip": null, "timeout": null, "project_id": 338, "id": 106117}, {"info": {"description": "Cemetery: A.\nTomb: 4.\nDate: Nov. 8.\n1. 36 vases [drawing] Rough red pottery. Drawings: 1, 2, 3, 4.\n2. 32 cups [drawing] Rough red pottery. Drawings: 6, 7.\n3. 2 fragts. [drawing] dishes. Rough red pottery.", "reverseCard": "", "comments": "", "discoveryDate": "", "cardNumber": "", "excavatorName": ""}, "user_id": 580, "task_id": 65437, "created": "2016-09-15T12:12:46.505483", "finish_time": "2016-09-15T12:12:46.505506", "calibration": null, "user_ip": null, "timeout": null, "project_id": 338, "id": 106118}, {"info": {"description": "Below a totally destroyed vaulted tomb with some 15\" of sand between, the walls of a pit [diameter?].\n[drawing]\nOn cleaning this a hard floor was reached at 20\" from the top of walls and under this in NE corner was the skeleton of a very young child. At the other end the wall had disappeared and there was a large deposit of pots [diameter?] some 16\" deep on these was a shallow wall 8\" thick of bow-shape. Agst. the N wall were the remains of a skeleton (female) buried level with the top of the wall.\nOnly types of the pots were preserved & the rest reburied in the pit. (The vertebral bones of the child had not ossified the body & spinous process being sep.)\nEdward R. Ayrton.", "reverseCard": "reverseCard", "comments": "", "discoveryDate": "", "cardNumber": "", "excavatorName": ""}, "user_id": 580, "task_id": 65438, "created": "2016-09-15T12:24:18.192342", "finish_time": "2016-09-15T12:24:18.192363", "calibration": null, "user_ip": null, "timeout": null, "project_id": 338, "id": 106120}, {"info": {"description": "Cemetery: A.\nTomb: 5.\nDate: Nov. 9. 08.", "reverseCard": "", "comments": "", "discoveryDate": "", "cardNumber": "", "excavatorName": ""}, "user_id": 580, "task_id": 65439, "created": "2016-09-15T12:24:48.288904", "finish_time": "2016-09-15T12:24:48.288929", "calibration": null, "user_ip": null, "timeout": null, "project_id": 338, "id": 106121}, {"info": {"description": "A pit tomb, by the side of an already plundered tomb, with 6 ft. of untouched sand over the mouth.\n[Plan]\nThe coffin was in a hopelessly decayed condition. It had apparently been lined with white stucco & with a greyish stucco on the outwards. No traces of inscription. Inside was a skeleton lying at full length on its left side. Right hand covering pelvis.\nTotal length of skeleton 5' 3\". Female.\nNot an object found besides the skeleton.\nPhotos: View of site; View of Coffin; View of skeleton.\nEdward R. Ayrton.", "reverseCard": "", "comments": "", "discoveryDate": "", "cardNumber": "", "excavatorName": ""}, "user_id": 580, "task_id": 65440, "created": "2016-09-15T12:32:35.246273", "finish_time": "2016-09-15T12:32:35.246299", "calibration": null, "user_ip": null, "timeout": null, "project_id": 338, "id": 106122}, {"info": {"description": "XXV-XXX\nCemetery: A.\nTomb: 6\nDate: Nov. 9.\n1. Very rough pot found on top. [drawing]. Drawing: 1.\n2. Several small green glazed beads [drawing]", "reverseCard": "reverseCard", "comments": "", "discoveryDate": "", "cardNumber": "", "excavatorName": "Aleyn Suleiman."}, "user_id": 580, "task_id": 65441, "created": "2016-09-15T12:48:22.833508", "finish_time": "2016-09-15T12:48:22.833555", "calibration": null, "user_ip": null, "timeout": null, "project_id": 338, "id": 106123}, {"info": {"description": "A deep shaft 17ft. 4in. deep in the gebel the top few feet lined with stucco and partly bricked. Only a few beads of the Persian period were found in the shaft and near the bottom of the shaft the skull of an ox in fragments. One small chamber opened off to East. In it was a long coffin originally stuccoed but absolutely destroyed by white ants. The skeleton within (male) lay on its back with head crushed on breast. Not an object was found in the chamber.\nThe skull was somewhat prognathous and the skeleton that of an extremely powerful man\n[plan]\nA small vauleted chapel near may have belonged to this pit, but has been absolutely plundered.\nEdward R. Ayrton.", "reverseCard": "", "comments": "", "discoveryDate": "", "cardNumber": "", "excavatorName": ""}, "user_id": 580, "task_id": 65442, "created": "2016-09-15T12:54:41.095616", "finish_time": "2016-09-15T12:54:41.095640", "calibration": null, "user_ip": null, "timeout": null, "project_id": 338, "id": 106124}, {"info": {"description": "Cemetery: West of Shuneh end\nTomb: A.1.\nDate: Dec 8th\nUntouched.\n1. Six vases rough red ware [drawing] 15mm. Drawn\n2. One vase poor black ware [drawing] 85mm.\n3. Two bronze ear-rings at throat [drawing]\n4. At left ear small bronze ring\n5. Four pierced shells at throat\n6. Single string of bluish glass beads around the neck\nPhoto 1 cf grave.", "reverseCard": "", "comments": "", "discoveryDate": "", "cardNumber": "", "excavatorName": "Sawaq 'Awad"}, "user_id": 580, "task_id": 65443, "created": "2016-09-15T12:58:15.126271", "finish_time": "2016-09-15T12:58:15.126299", "calibration": null, "user_ip": null, "timeout": null, "project_id": 338, "id": 106126}, {"info": {"description": "Burial of child in shallow trench, 65 cm. deep. Sarcophagus entirely perished except for fragments.\nWest of N.W. corner of Sh\u00fbneh.\n[drawing]\n6 vases over legs & one under back.\nHead S-W, feet N.E", "reverseCard": "", "comments": "", "discoveryDate": "", "cardNumber": "", "excavatorName": ""}, "user_id": 580, "task_id": 65444, "created": "2016-09-15T13:06:54.639057", "finish_time": "2016-09-15T13:06:54.639080", "calibration": null, "user_ip": null, "timeout": null, "project_id": 338, "id": 106127}, {"info": {"description": "Cemetery: West of far end of Shuneh\nTomb: A.2.\nDate: Dec. 9th.\nNarrow trench, Length 2 metres\nN.W.-S.E., head to N.W. Body supine but rather on left side nead turned to left & right arm under body.\nOne vase [drawing], a top of trench\nA second [drawing] 40 cm. above head.\nDrawn.\nPhoto 1/2 pl of whole body\nThe shaft-grave A.3. was unfinished", "reverseCard": "", "comments": "", "discoveryDate": "", "cardNumber": "", "excavatorName": "Sawaq 'Aloud"}, "user_id": 580, "task_id": 65445, "created": "2016-09-15T13:11:01.310193", "finish_time": "2016-09-15T13:11:01.310219", "calibration": null, "user_ip": null, "timeout": null, "project_id": 338, "id": 106130}, {"info": {"description": "[drawing] ", "reverseCard": "", "comments": "", "discoveryDate": "", "cardNumber": "", "excavatorName": ""}, "user_id": 580, "task_id": 65446, "created": "2016-09-15T13:11:37.719585", "finish_time": "2016-09-15T13:11:37.719609", "calibration": null, "user_ip": null, "timeout": null, "project_id": 338, "id": 106131}, {"info": {"description": "Cemetery: A\nTomb: A.3.\nDate: Dec 12th.\nRectangular shaft, next to A.4.\nUnfinished.\nVase [drawing] in top of shaft.\nalso small bead & amulet of bl. glaze", "reverseCard": "", "comments": "", "discoveryDate": "", "cardNumber": "", "excavatorName": "Sawaq 'Awad"}, "user_id": 580, "task_id": 65447, "created": "2016-09-15T13:13:08.309110", "finish_time": "2016-09-15T13:13:08.309137", "calibration": null, "user_ip": null, "timeout": null, "project_id": 338, "id": 106132}, {"info": {"description": "Cemetery: A.\nTomb: A.4.\nDate: Dec. 13th.\nprob XVIII & chamber earlier\nRather broad shaft N.W-S.E.\nIn the top were several vases [drawings] and an alab. kohl-vase.\nThe burial A.5. lay across the top of the brickwork.\nNo chambers but at bottom of shaft lay 3 burials in coffins of wood.\n(a) On right side with head to right. Alab. vase under chest [drawing] 64 mm.\n(b) Prone on face. Under breast (1) Alab kohl vase 74 mm. [drawing] (2) Wooden comb. & at l. ear a bronze ear-ring. Blue glass bead from this region in filling.\n[plan]\nOVER", "reverseCard": "", "comments": "", "discoveryDate": "", "cardNumber": "", "excavatorName": "Sawaq 'Awad"}, "user_id": 580, "task_id": 65448, "created": "2016-09-15T13:22:09.018072", "finish_time": "2016-09-15T13:22:09.018097", "calibration": null, "user_ip": null, "timeout": null, "project_id": 338, "id": 106134}, {"info": {"description": "Much deeper lay the one large chamber to the S. Completely plundered\n(a) Four fragments coarse pottery\n(b) Three v. large bl. gl. beads\n(c) One smaller bl. gl. bead\n(d) Piece of stone.", "reverseCard": "", "comments": "", "discoveryDate": "", "cardNumber": "", "excavatorName": ""}, "user_id": 580, "task_id": 65449, "created": "2016-09-15T13:23:39.573775", "finish_time": "2016-09-15T13:23:39.573795", "calibration": null, "user_ip": null, "timeout": null, "project_id": 338, "id": 106135}, {"info": {"description": "Cemetery: A\nTomb: A.5.\nDate: Dec. 13th.\nIntact. \nprob XVIII\nFemale body buried in wooden coffin across brick top of the shaft A.4. Photos 7, 8, 9.\nOrientation N.E (head) & S.W.\nBody supine, extended, face to right.\nLong plaited hair.\nNine vases [drawing] at head & eight at feet. Drawn.\nTwo bronze wire earrings at ears.\nScarab under chin [drawing]\nNear left hand 3 scarabs, one scaraboid & one round button\nAt throat one blue glass bead [drawing] & a few minute glaze & one silver bead.\nUnder wrists small gl. beads, clearly in single string bracelets, setting [drawing]\nSee over", "reverseCard": "reverseCard", "comments": "", "discoveryDate": "", "cardNumber": "", "excavatorName": "Sawaq 'Awad"}, "user_id": 580, "task_id": 65450, "created": "2016-09-15T13:46:53.038482", "finish_time": "2016-09-15T13:46:53.038506", "calibration": null, "user_ip": null, "timeout": null, "project_id": 338, "id": 106136}, {"info": {"description": "[drawings]\nJ.A.D.", "reverseCard": "", "comments": "", "discoveryDate": "", "cardNumber": "", "excavatorName": ""}, "user_id": 580, "task_id": 65451, "created": "2016-09-15T13:47:50.836741", "finish_time": "2016-09-15T13:47:50.836766", "calibration": null, "user_ip": null, "timeout": null, "project_id": 338, "id": 106138}, {"info": {"description": "Cemetery: A\nTomb: A.6\nDate: Dec. 13th.\nIntact.\nTrench grave N.E. & S.W., head to N.E. Photos 10, 11; just across N.W. end of A.4 & thus parallel to A.5. Size 220 x 65 cm.\nSarcoph. of wood. Body supine rather on left side.\nFive vases at head, one at r. elbow & 8 at feet.\n[drawings]", "reverseCard": "reverseCard", "comments": "", "discoveryDate": "", "cardNumber": "", "excavatorName": ""}, "user_id": 580, "task_id": 65452, "created": "2016-09-15T14:03:57.593677", "finish_time": "2016-09-15T14:03:57.593700", "calibration": null, "user_ip": null, "timeout": null, "project_id": 338, "id": 106140}, {"info": {"description": "[drawing]\nJ.A.D.", "reverseCard": "", "comments": "", "discoveryDate": "", "cardNumber": "", "excavatorName": ""}, "user_id": 580, "task_id": 65453, "created": "2016-09-15T14:04:26.043345", "finish_time": "2016-09-15T14:04:26.043369", "calibration": null, "user_ip": null, "timeout": null, "project_id": 338, "id": 106141}, {"info": {"description": "Cemetery: A\nTomb: A.7.\nDate: Dec. 18th.\nRectangular turba N.W & S.E. hopelessly plundered, bones out of all order\nVases\n(1) Large flask [Drawing]\n(2) Bowl. [Drawing]\n(3) Vase [Drawing]\n(4) Two small beads.", "reverseCard": "reverseCard", "comments": "", "discoveryDate": "", "cardNumber": "", "excavatorName": "Sawaq 'Awad"}, "user_id": 580, "task_id": 65454, "created": "2016-09-15T14:08:43.116111", "finish_time": "2016-09-15T14:08:43.116135", "calibration": null, "user_ip": null, "timeout": null, "project_id": 338, "id": 106142}, {"info": {"description": "Cemetery: A.\nTomb: A.8.\nDate: Dec. 18th.\nRectangular shaft, unfinished, to E of A.4 just as A.0 is unfinished to left of it\nIn shaft several fragments of red pot. dishes, one white spotted.\n[plan]", "reverseCard": "", "comments": "", "discoveryDate": "", "cardNumber": "", "excavatorName": "Sawaq 'Awad"}, "user_id": 580, "task_id": 65455, "created": "2016-09-15T14:11:05.215485", "finish_time": "2016-09-15T14:11:05.215509", "calibration": null, "user_ip": null, "timeout": null, "project_id": 338, "id": 106143}, {"info": {"description": "Cemetery: A.\nTomb: A.9.\nDate: Dec. 20th\nA shallow rectangular trench near the A.4. group. Oriented W.N.W. & E.S.E. Two adults & a very young baby. The bones were in great disorder/\nTwo pots in top of filling [Drawings], the latter pierced\nAt feet one pot [Drawing]\nAt heads one alab. kohl vase & lid\nheight\n& 4 vases [Drawing]\nalso two semucircular objects of whitish stone, badly ruined.", "reverseCard": "", "comments": "", "discoveryDate": "", "cardNumber": "", "excavatorName": "Sawaq 'Awad"}, "user_id": 580, "task_id": 65456, "created": "2016-09-15T14:13:57.203424", "finish_time": "2016-09-15T14:13:57.203447", "calibration": null, "user_ip": null, "timeout": null, "project_id": 338, "id": 106144}, {"info": {"description": "Cemetery: A\nTomb: A.10\nDate: Dec. 26th.\nLarge shaft.\nAt top of filling, 4 vases [Drawing]", "reverseCard": "", "comments": "", "discoveryDate": "", "cardNumber": "", "excavatorName": "Sawaq 'Awad"}, "user_id": 580, "task_id": 65457, "created": "2016-09-15T14:14:43.594294", "finish_time": "2016-09-15T14:14:43.594323", "calibration": null, "user_ip": null, "timeout": null, "project_id": 338, "id": 106145}, {"info": {"description": "Cemetery: A\nTomb: A.11. 12\nDate: Dec. 26th\nA.11. Shallow long trench grave, badly plundered. N.W-S.E. Bones in hopeless confusion, head missing. Three vases above head end [Drawings]\nA.12 Rect. shaft. Blind. \n[A.14. Disturb turba along N. of A.12. No remains.]", "reverseCard": "", "comments": "", "discoveryDate": "", "cardNumber": "", "excavatorName": "Sawaq 'Awad"}, "user_id": 580, "task_id": 65458, "created": "2016-09-15T14:17:37.181653", "finish_time": "2016-09-15T14:17:37.181680", "calibration": null, "user_ip": null, "timeout": null, "project_id": 338, "id": 106146}, {"info": {"description": "[Drawing]\nPlan of burial in shaft.\nNorth chamber\nCoffin plundered out, lid in shaft.\n3 small vases at entrance [Drawings]", "reverseCard": "reverseCard", "comments": "", "discoveryDate": "", "cardNumber": "", "excavatorName": ""}, "user_id": 580, "task_id": 65460, "created": "2016-09-15T14:18:40.640150", "finish_time": "2016-09-15T14:18:40.640180", "calibration": null, "user_ip": null, "timeout": null, "project_id": 338, "id": 106147}, {"info": {"description": "Cemetery: A\nTomb: A.13\nA.13. Rectangular shaft, burial 1 metre below the brickwork. Female, supine, in wooden coffin, head N.W. Three vases & alab. vase at foot. Four vases at head & 2 dom nuts. Scarab under left hand [Drawing]. One more vase below.\n[Plan]\nA.14. Badly plundered turba.", "reverseCard": "reverseCard", "comments": "", "discoveryDate": "", "cardNumber": "", "excavatorName": ""}, "user_id": 580, "task_id": 65459, "created": "2016-09-15T14:21:39.406780", "finish_time": "2016-09-15T14:21:39.406804", "calibration": null, "user_ip": null, "timeout": null, "project_id": 338, "id": 106148}, {"info": {"description": "Tomb: A.13 (cont)\nNorth chamber.\na. Coffin of thick wood, skull of boy. End piece [Hieroglyphs]. Side [Hieroglyphs]. Cart. [Hieroglyphs].\nb. Long stick with cane end ? a brush\nc. Three pots [drawing]\nA.15, 16 were both blind.", "reverseCard": "", "comments": "", "discoveryDate": "", "cardNumber": "", "excavatorName": ""}, "user_id": 580, "task_id": 65461, "created": "2016-09-15T14:23:54.193218", "finish_time": "2016-09-15T14:23:54.193243", "calibration": null, "user_ip": null, "timeout": null, "project_id": 338, "id": 106149}, {"info": {"description": "Tomb: A.17, 18, 20\nDate: Jan. 2nd.\nA.17. Disturbed turba at foot (South) of A.13. No remains exc. a bl. gl. Bez figure in rad\u00eem above.\nA.18. Turba at South of A.15. Child. No remains exc. a few bl. gl. beads.\nA.20. A mastaba south of the last group. Not worked. Five small black vases & a shell in rad\u00eem.", "reverseCard": "", "comments": "", "discoveryDate": "", "cardNumber": "", "excavatorName": "Sawaq 'Awad"}, "user_id": 580, "task_id": 65462, "created": "2016-09-15T14:26:22.298799", "finish_time": "2016-09-15T14:26:22.298824", "calibration": null, "user_ip": null, "timeout": null, "project_id": 338, "id": 106150}, {"info": {"description": "Jan 10th\n?\nA.105\n[Plan]\nRect. shaft\nCh. to S. empty\nCh. to N. Few small bl. jc. disc. beads.", "reverseCard": "", "comments": "", "discoveryDate": "", "cardNumber": "", "excavatorName": "M. 'Awad"}, "user_id": 580, "task_id": 65463, "created": "2016-09-15T14:28:43.001218", "finish_time": "2016-09-15T14:28:43.001242", "calibration": null, "user_ip": null, "timeout": null, "project_id": 338, "id": 106151}, {"info": {"description": "Jan 10-11\nA.106\nRect. shaft.\nCh. to N. No body. Bl. gl. tubular beads. Bl. gl. small discoid beads. [...] beads [drawings]", "reverseCard": "", "comments": "", "discoveryDate": "", "cardNumber": "", "excavatorName": "Samm\u00e2n"}, "user_id": 580, "task_id": 65464, "created": "2016-09-15T14:30:52.419835", "finish_time": "2016-09-15T14:30:52.419862", "calibration": null, "user_ip": null, "timeout": null, "project_id": 338, "id": 106152}, {"info": {"description": "Jan 10-11\nA.107\nLate vault. E & W. Shaft to E\nFew fragts. of wood coffin. Part of head rest. Piece of horn bracelet. Blue yellow & red glass paste beads [Drawing]. Few carnel. beads [Drawing]", "reverseCard": "", "comments": "", "discoveryDate": "", "cardNumber": "", "excavatorName": "M. 'Awad."}, "user_id": 580, "task_id": 65465, "created": "2016-09-15T14:33:04.607402", "finish_time": "2016-09-15T14:33:04.607425", "calibration": null, "user_ip": null, "timeout": null, "project_id": 338, "id": 106153}, {"info": {"description": "Cemetery: A\nTomb: 1\nLarge mastaba with later intrusions.", "reverseCard": "reverseCard", "comments": "", "discoveryDate": "", "cardNumber": "", "excavatorName": ""}, "user_id": 658, "task_id": 65434, "created": "2016-09-16T03:18:39.977596", "finish_time": "2016-09-16T03:18:39.977620", "calibration": null, "user_ip": null, "timeout": null, "project_id": 338, "id": 106182}, {"info": {"description": "Cemetery: A\nTomb: 2\n1. Large globular bead, blue glaze.\n2. Frag't. of green glaze fig. of Bes.", "reverseCard": "", "comments": "", "discoveryDate": "Nov. 6", "cardNumber": "", "excavatorName": ""}, "user_id": 658, "task_id": 65435, "created": "2016-09-16T03:20:31.402157", "finish_time": "2016-09-16T03:20:31.402181", "calibration": null, "user_ip": null, "timeout": null, "project_id": 338, "id": 106183}, {"info": {"description": "Vaulted tomb built against the south side of A1, only the lower part of the south wall remains. The vaulting had entirely collapsed. The tomb was empty except for a bead and a fig. of Bes (frag't.) found on the gebel beneath the d\u00e9lris [sic]. The wall does not touch the gebel but has a few inches of loose sand beneath it.\nPlan: cf. Plan of A1.\nSigned: Edward R. Lynton", "reverseCard": "", "comments": "", "discoveryDate": "", "cardNumber": "", "excavatorName": ""}, "user_id": 658, "task_id": 65436, "created": "2016-09-16T03:25:08.814817", "finish_time": "2016-09-16T03:25:08.814843", "calibration": null, "user_ip": null, "timeout": null, "project_id": 338, "id": 106184}, {"info": {"description": "Cemetery: A\nTomb: 4\n1. 36 vases [drawing] rough Med. pottery D.1.2.3.4\n2. 32 cups; rough Med. pottery D. 6.7\n3. 2 frag'ts dishes. Rough Med. pottery.", "reverseCard": "", "comments": "", "discoveryDate": "Nov. 8", "cardNumber": "", "excavatorName": ""}, "user_id": 658, "task_id": 65437, "created": "2016-09-16T03:26:53.216121", "finish_time": "2016-09-16T03:26:53.216148", "calibration": null, "user_ip": null, "timeout": null, "project_id": 338, "id": 106185}, {"info": {"description": "Below a totally destroyed vaulted tomb with some 15\" of sand between, the walls of a pit. (\u00d8) [drawing]\nOn clearing this, a hard floor was reached at 20\" from top of walls and under this in NE corner was the skeleton of a very young child. At the other end the wall had disappeared and there was a large deposit of pots (\u00d8) some 16\" deep on these was a shallow wall 8\" thick of bow-shapes. Agst. the N wall was the remains of a skeleton (female symbol) buried level with the top of the wall. Only  types of the pots were p[...]d & the rest reburied in the pit. (The vertebral bones of the child had not ossified the body & spinous process being sep.)", "reverseCard": "", "comments": "", "discoveryDate": "", "cardNumber": "", "excavatorName": ""}, "user_id": 658, "task_id": 65438, "created": "2016-09-16T03:46:54.439459", "finish_time": "2016-09-16T03:46:54.439488", "calibration": null, "user_ip": null, "timeout": null, "project_id": 338, "id": 106189}, {"info": {"description": "Cemetery: A\nTomb: 5", "reverseCard": "", "comments": "", "discoveryDate": "Nov. 9, 1908", "cardNumber": "", "excavatorName": ""}, "user_id": 658, "task_id": 65439, "created": "2016-09-16T03:47:24.413110", "finish_time": "2016-09-16T03:47:24.413134", "calibration": null, "user_ip": null, "timeout": null, "project_id": 338, "id": 106190}, {"info": {"description": "A pit tomb, by the side of an already plundered tomb, with 6 ft. of untouched sand over the mouth. \nThe coffin was in a hopelessly decayed condition. It had apparently been lined with white stucco & with a greyish stucco on the outside. No traces of inscription. Inside was a skeleton lying at full length on its left side. Right hand covering pelvis. \nTotal length of skeleton 5'3\" (female symbol).\nNot an object found besides the skeleton.\nPhotos:\nView of site.\nView of coffin.\nView of skeleton.", "reverseCard": "", "comments": "", "discoveryDate": "", "cardNumber": "", "excavatorName": ""}, "user_id": 658, "task_id": 65440, "created": "2016-09-16T03:52:31.688493", "finish_time": "2016-09-16T03:52:31.688518", "calibration": null, "user_ip": null, "timeout": null, "project_id": 338, "id": 106192}, {"info": {"description": "Cemetery: A\nTomb: 6\n1. Very rough pot found on top.   D1\n2. Several small green glazed beads.", "reverseCard": "reverseCard", "comments": "", "discoveryDate": "Nov. 9", "cardNumber": "", "excavatorName": "Aleyu Suleiman"}, "user_id": 658, "task_id": 65441, "created": "2016-09-16T22:26:30.518612", "finish_time": "2016-09-16T22:26:30.518636", "calibration": null, "user_ip": null, "timeout": null, "project_id": 338, "id": 106229}, {"info": {"description": "A deep shaft 17 ft. 4 in. deep in the gebel the top few feet lined with stucco and partly bricked. Only a few beads of the Persian period were found in the shaft, and near the bottom of the shaft the skull of an (male symbol) in fragments. One small chamber opened off to East. In it was a long coffin originally stuccoed but absolutely destroyed by white ants. The skeleton within (male symbol) lay on its back with head crushed on the breast. Not an object was found in the chamber. The skull was somewhat prognathus and the skeleton that of an extremely powerful man.\nA small vaulted chapel near may have belonged to this pit, but has been absolutely plundered. ", "reverseCard": "", "comments": "", "discoveryDate": "", "cardNumber": "", "excavatorName": ""}, "user_id": 658, "task_id": 65442, "created": "2016-09-16T22:32:26.187966", "finish_time": "2016-09-16T22:32:26.187987", "calibration": null, "user_ip": null, "timeout": null, "project_id": 338, "id": 106230}, {"info": {"description": "Cemetery: West of Shumah end\nTomb: A1\n1. Six vases rough red ware   Drawn\n2. One vase poor black ware\n3. Two bronze earrings at throat.\n4. At left ear small bronze ring.\n5. Four pierced shells at throat.\n6. Single string of bluish glass beads around the neck.\n\nPhoto 1 of grave.", "reverseCard": "", "comments": "", "discoveryDate": "Dec. 8", "cardNumber": "", "excavatorName": "Sawaq 'Awad"}, "user_id": 658, "task_id": 65443, "created": "2016-09-16T22:35:50.250370", "finish_time": "2016-09-16T22:35:50.250394", "calibration": null, "user_ip": null, "timeout": null, "project_id": 338, "id": 106231}, {"info": {"description": "Burial of child in shallow trench, 65 cm deep. Sarcophagus entirely perished except for fragments. West of NW corner of Shumeh.\n6 vases over legs & one under back.\nHead S-W, feet NE.", "reverseCard": "", "comments": "", "discoveryDate": "", "cardNumber": "", "excavatorName": ""}, "user_id": 658, "task_id": 65444, "created": "2016-09-16T22:37:11.425071", "finish_time": "2016-09-16T22:37:11.425094", "calibration": null, "user_ip": null, "timeout": null, "project_id": 338, "id": 106232}, {"info": {"description": "Cemetery: West of far end of Shumel\n1. Narrow trench, length 2 meters\n2. NW-SE, head to NW     Drawn.\n3. Body supine but rather on left side.\n4. Head turned to left & right arm under body.              Photo \u00bd pl. of whole body.\n5. One vase, a top of trench.\n6. A second (drawing of vase) 40 cm above head.    \nThe shaft-grave A.3 was unfinished.\n", "reverseCard": "", "comments": "", "discoveryDate": "Dec. 9th", "cardNumber": "", "excavatorName": "Sawaq 'Awad"}, "user_id": 658, "task_id": 65445, "created": "2016-09-16T22:41:25.261291", "finish_time": "2016-09-16T22:41:25.261317", "calibration": null, "user_ip": null, "timeout": null, "project_id": 338, "id": 106233}, {"info": {"description": "", "reverseCard": "", "comments": "Drawing of body in grave.", "discoveryDate": "", "cardNumber": "", "excavatorName": ""}, "user_id": 658, "task_id": 65446, "created": "2016-09-16T22:41:49.932348", "finish_time": "2016-09-16T22:41:49.932379", "calibration": null, "user_ip": null, "timeout": null, "project_id": 338, "id": 106234}, {"info": {"description": "Cemetery\" A\nTomb: A3\nRectangular shaft, next to A.4.\nUnfinished.\nVase in top of shaft\nalso small bead & amulet of bl. glaze.", "reverseCard": "", "comments": "", "discoveryDate": "Dec. 12th", "cardNumber": "", "excavatorName": "Sawaq 'Awad"}, "user_id": 658, "task_id": 65447, "created": "2016-09-16T22:43:48.480353", "finish_time": "2016-09-16T22:43:48.480379", "calibration": null, "user_ip": null, "timeout": null, "project_id": 338, "id": 106235}, {"info": {"description": "Cemetery: A\nTomb: A.4\nRather broad shaft NW-SE\nIn the top were several vases and an alab. kohl-vase.\nThe burial A.5 lay across the top of the brickwork.\nNo chambers, but at bottom of shaft lay 3 burials in coffins of wood.\na) In right side with head to right. Alab. vase under chest.\nb) Lay as a).\nc) Prone on face. Under breast\n         1) Alab. kohl vase 74 mm\n         2) Wooden comb.\n& at l. ear a bronze earring.\nBlue glass bead from this region in [...]   OVER\n\n", "reverseCard": "", "comments": "", "discoveryDate": "Dec. 13th", "cardNumber": "", "excavatorName": "Sawaq 'Awad"}, "user_id": 658, "task_id": 65448, "created": "2016-09-16T22:48:02.608286", "finish_time": "2016-09-16T22:48:02.608311", "calibration": null, "user_ip": null, "timeout": null, "project_id": 338, "id": 106236}, {"info": {"description": "Much deeper lay the one large chamber to the S completely plundered.\na) Four fragments coarse pottery\nb) Three v. large bl. gl. beads.\nc) One smaller bl. gl. bead.\nd) Piece of stone.", "reverseCard": "", "comments": "", "discoveryDate": "", "cardNumber": "", "excavatorName": ""}, "user_id": 658, "task_id": 65449, "created": "2016-09-16T22:49:25.762483", "finish_time": "2016-09-16T22:49:25.762509", "calibration": null, "user_ip": null, "timeout": null, "project_id": 338, "id": 106237}, {"info": {"description": "Cemetery: A\nTomb: A.5\nFemale body buried in wooden coffin across brick top of the shaft A.4. Orientation NE (head) & SW.\nBody supine, extended, face to right. Long plaited hair.\nNine vases at head & eight at feet. Two bronze wire earrings at ears. Scarab under chin. Near left hand 3 scarabs, one scaraboid & one round button.\nAt throat one blue glass bead & a few minute glaze & one silver bead.\nUnder wrists small gl. beads, clearly in single string bracelets, setting.", "reverseCard": "", "comments": "", "discoveryDate": "Dec. 13th", "cardNumber": "", "excavatorName": "Sawaq 'Awad"}, "user_id": 658, "task_id": 65450, "created": "2016-09-16T23:24:03.767504", "finish_time": "2016-09-16T23:24:03.767530", "calibration": null, "user_ip": null, "timeout": null, "project_id": 338, "id": 106238}, {"info": {"description": "", "reverseCard": "", "comments": "Drawing of body in coffin.", "discoveryDate": "", "cardNumber": "", "excavatorName": ""}, "user_id": 658, "task_id": 65451, "created": "2016-09-16T23:24:31.116548", "finish_time": "2016-09-16T23:24:31.116578", "calibration": null, "user_ip": null, "timeout": null, "project_id": 338, "id": 106239}, {"info": {"description": "Cemetery: A\nTomb: A.6 Intact\nTrench grave NE & SW, head to NE; just across NW end of A.4 & thus parallel to A.5. Size 220 x 65 cm.\nSarcoph. of wood. Body supine rather on left side.\nFive vases at head, one at R elbow & 8 at feet.", "reverseCard": "", "comments": "", "discoveryDate": "Dec. 13th", "cardNumber": "", "excavatorName": "Sawaq 'Awad"}, "user_id": 658, "task_id": 65452, "created": "2016-09-16T23:27:08.018231", "finish_time": "2016-09-16T23:27:08.018258", "calibration": null, "user_ip": null, "timeout": null, "project_id": 338, "id": 106240}, {"info": {"description": "", "reverseCard": "", "comments": "Drawing of body.", "discoveryDate": "", "cardNumber": "", "excavatorName": ""}, "user_id": 658, "task_id": 65453, "created": "2016-09-16T23:27:21.714966", "finish_time": "2016-09-16T23:27:21.714990", "calibration": null, "user_ip": null, "timeout": null, "project_id": 338, "id": 106241}, {"info": {"description": "Cemetery: A\nTomb: A.7\nRectangular turba NW & SE, hopelessly plundered, bones out of all order.\nVases \n1) large flask\n2) Bowl\n3) Vase\n4) Two small beads.", "reverseCard": "", "comments": "", "discoveryDate": "Dec. 18th", "cardNumber": "", "excavatorName": "Sawaq 'Awad"}, "user_id": 658, "task_id": 65454, "created": "2016-09-16T23:29:13.668948", "finish_time": "2016-09-16T23:29:13.668971", "calibration": null, "user_ip": null, "timeout": null, "project_id": 338, "id": 106242}, {"info": {"description": "Cemetery: A\nTomb: A.8\nRectangular shaft, unfinished, to E of A.4 just as A.0 is unfinished to left of it.\nIn shaft several fragments of red pot. dishes, one white spotted.", "reverseCard": "", "comments": "", "discoveryDate": "Dec. 18th", "cardNumber": "", "excavatorName": "Sawaq 'Awad"}, "user_id": 658, "task_id": 65455, "created": "2016-09-16T23:33:35.489026", "finish_time": "2016-09-16T23:33:35.489050", "calibration": null, "user_ip": null, "timeout": null, "project_id": 338, "id": 106243}, {"info": {"description": "Cemetery: A\nTomb: A.9\nA shallow rectangular trench near the A.4 group. Oriented WNW & ESE. Two adults & a very young baby. The bones were in great disorder.\nTwo pots in top of filling, the latter pierced.\nAt feet one pot.\nAt heads, one alab. kohl vase & lid.\nheight\n& 4 vases,\nalso two semicircular objects of whitish stone, badly ruined.", "reverseCard": "", "comments": "", "discoveryDate": "Dec. 20th", "cardNumber": "", "excavatorName": "Sawaq 'Awad"}, "user_id": 658, "task_id": 65456, "created": "2016-09-16T23:36:32.163071", "finish_time": "2016-09-16T23:36:32.163094", "calibration": null, "user_ip": null, "timeout": null, "project_id": 338, "id": 106244}, {"info": {"description": "Cemetery: A\nTomb: A.10\nLarge shaft.\nAt top of filling, 4 vases.", "reverseCard": "", "comments": "", "discoveryDate": "Dec. 26th", "cardNumber": "", "excavatorName": "Sawaq 'Awad"}, "user_id": 658, "task_id": 65457, "created": "2016-09-16T23:37:20.164648", "finish_time": "2016-09-16T23:37:20.164672", "calibration": null, "user_ip": null, "timeout": null, "project_id": 338, "id": 106245}, {"info": {"description": "Cemetery: A\nTomb: A.11.12\nA.11\nShallow long trench grave, badly plundered, NW-SE.\nBone in hopeless confusion, head missing.\nThree vases above head end.\n\nA.12\nRect. shaft, blind.\n[A.14 Disturbed turba along N of A.12, no remains.", "reverseCard": "", "comments": "", "discoveryDate": "Dec. 26th", "cardNumber": "", "excavatorName": "Sawaq 'Awad"}, "user_id": 658, "task_id": 65458, "created": "2016-09-16T23:39:26.176220", "finish_time": "2016-09-16T23:39:26.176244", "calibration": null, "user_ip": null, "timeout": null, "project_id": 338, "id": 106246}, {"info": {"description": "Cemetery: A\nTomb: A.13\nA.13\nRectangular shaft, burial 1 meter below the brickwork. Female, supine, in wooden coffin, head NW.\nThree vases & alab. vase at foot.\nFour vases at head & 2 dam. [...]\nScarab under left had,\nOne more vase below.\nA.14\nBadly plundered turba.", "reverseCard": "", "comments": "", "discoveryDate": "", "cardNumber": "", "excavatorName": ""}, "user_id": 658, "task_id": 65459, "created": "2016-09-16T23:49:33.075994", "finish_time": "2016-09-16T23:49:33.076020", "calibration": null, "user_ip": null, "timeout": null, "project_id": 338, "id": 106247}, {"info": {"description": "Plan of burial in shaft.\nNorth Chamber:\nCoffin plundered out, lid in shaft.\n3 small vases at entrance.", "reverseCard": "reverseCard", "comments": "", "discoveryDate": "", "cardNumber": "", "excavatorName": ""}, "user_id": 658, "task_id": 65460, "created": "2016-09-17T01:07:23.934308", "finish_time": "2016-09-17T01:07:23.934332", "calibration": null, "user_ip": null, "timeout": null, "project_id": 338, "id": 106252}, {"info": {"description": "Tomb: A.13 (cont.)\nNorth Chamber:\nA coffin of thick wood, skull of boy. \nEnd piece: [hieroglyphics]\nG: Long stick with cane and ? a brush\nc. Three pots\nA.15, 16: were both blind.\n", "reverseCard": "", "comments": "", "discoveryDate": "", "cardNumber": "", "excavatorName": ""}, "user_id": 658, "task_id": 65461, "created": "2016-09-17T01:09:39.589792", "finish_time": "2016-09-17T01:09:39.589815", "calibration": null, "user_ip": null, "timeout": null, "project_id": 338, "id": 106253}, {"info": {"description": "Tomb: A.17, 18, 20\nA.17:\nDisturbed turba at foot (south) of A.13.\nNo remains exc. a bl. gl. Bes figure in radim above.\n\nA.18:\nTurba at South of A.15. Child. No remains exc. for a few bl. gl. beads.\n\nA.20:\nA mastaba south of the last group. Not worked. Five small black vases & a shell in radim.\n", "reverseCard": "", "comments": "", "discoveryDate": "Jan. 2nd.", "cardNumber": "", "excavatorName": "Sawaq 'Awad"}, "user_id": 658, "task_id": 65462, "created": "2016-09-17T01:12:29.434435", "finish_time": "2016-09-17T01:12:29.434461", "calibration": null, "user_ip": null, "timeout": null, "project_id": 338, "id": 106254}, {"info": {"description": "Tomb: A.105", "reverseCard": "", "comments": "", "discoveryDate": "Jan. 10th", "cardNumber": "", "excavatorName": "M. 'Awad"}, "user_id": 658, "task_id": 65463, "created": "2016-09-17T01:13:10.823567", "finish_time": "2016-09-17T01:13:10.823597", "calibration": null, "user_ip": null, "timeout": null, "project_id": 338, "id": 106255}, {"info": {"description": "Tomb. A.106\nRect. shaft.\nCl. to N\nNo body.\nBl. gl. tab[...] bead,\nBl. gl. small discoid beads.\n[...] beads.", "reverseCard": "", "comments": "", "discoveryDate": "Jan. 10-11", "cardNumber": "", "excavatorName": "Samman"}, "user_id": 658, "task_id": 65464, "created": "2016-09-17T01:15:01.629152", "finish_time": "2016-09-17T01:15:01.629179", "calibration": null, "user_ip": null, "timeout": null, "project_id": 338, "id": 106256}, {"info": {"description": "Tomb. A.107\nLate vault, E & W, shaft to E.\nFew frag'ts of wood coffin, part of  head rest.\nPiece of horn bracelet.\nBlue, yellow & red glass paste beads.\nFew carnel. beads.", "reverseCard": "", "comments": "", "discoveryDate": "Jan. 10-11", "cardNumber": "", "excavatorName": "M. Awad"}, "user_id": 658, "task_id": 65465, "created": "2016-09-17T01:16:41.078844", "finish_time": "2016-09-17T01:16:41.078867", "calibration": null, "user_ip": null, "timeout": null, "project_id": 338, "id": 106257}, {"info": {"description": "Large mastaba with later intrusions. ", "reverseCard": "reverseCard", "comments": "", "discoveryDate": "Abydos, 1908-9", "cardNumber": "A 1.", "excavatorName": ""}, "user_id": 1401, "task_id": 65434, "created": "2016-09-17T17:07:10.056458", "finish_time": "2016-09-17T17:07:10.056487", "calibration": null, "user_ip": null, "timeout": null, "project_id": 338, "id": 106415}, {"info": {"description": "Large globular [...] blue glaze \n[...] of green glaze fig. of Bes", "reverseCard": "", "comments": "XXV-XXX", "discoveryDate": "Abydos, 1908-9", "cardNumber": "A. 2. ", "excavatorName": "n/a"}, "user_id": 1401, "task_id": 65435, "created": "2016-09-17T17:08:29.427797", "finish_time": "2016-09-17T17:08:29.427820", "calibration": null, "user_ip": null, "timeout": null, "project_id": 338, "id": 106416}, {"info": {"description": "Vaulted tomb built against the south side\nof A 1. only the lower part of the south wall\nremains. The vaulting has entirely collapsed. \nThe tomb was emply except for [..] a bead\nand a fig: of Bes(fragt:) found on the gebel\nbeneath the debris. The wall does not touch \ngebel but has a few [...] of loose sand\nbeneath it. \nPlan: - of Plan of A1. ", "reverseCard": "", "comments": "", "discoveryDate": "n/a", "cardNumber": "n/a", "excavatorName": "Edward R. Leynton"}, "user_id": 1401, "task_id": 65436, "created": "2016-09-17T17:11:56.910320", "finish_time": "2016-09-17T17:11:56.910350", "calibration": null, "user_ip": null, "timeout": null, "project_id": 338, "id": 106417}, {"info": {"description": "365 vases rough red pottery   D.1.2.3.4\n32 cups rough red pottery D. 6. 7\n2 [...] dishes. Rough red pottery ", "reverseCard": "", "comments": "", "discoveryDate": "Abydos, Nov 8 1908-9", "cardNumber": "A 4. ", "excavatorName": "n/a"}, "user_id": 1401, "task_id": 65437, "created": "2016-09-17T17:13:46.830276", "finish_time": "2016-09-17T17:13:46.830300", "calibration": null, "user_ip": null, "timeout": null, "project_id": 338, "id": 106418}, {"info": {"description": "Below a totally destroyed vaulted tomb with some \n15\" of sand between, the walls of a pit.\n\nOn cleaning this a hard p[...] was reached at \n20\" from top of walls and under this in NE corner\nwas the skeleton of a very young child. At the other \nend of the wall has disappeared and there was a \nlarge [....] of pots. some 16\" deep on there\nwas a shallow wall 8\" thick of bow-shape.\n[...] the N wall were the remains of a skeleton (female symbol)\nburied level with the top of the wall\nOnly types of the pots was [...] & the [..]\nreburied in the pit. (the reburial [...] of the \nchild had not [....] the body & [....] precur[...] s[..]", "reverseCard": "", "comments": "", "discoveryDate": "n/a", "cardNumber": "n/a", "excavatorName": "Edward R. Leynton"}, "user_id": 1401, "task_id": 65438, "created": "2016-09-17T17:19:00.173925", "finish_time": "2016-09-17T17:19:00.173950", "calibration": null, "user_ip": null, "timeout": null, "project_id": 338, "id": 106419}, {"info": {"description": "n/a", "reverseCard": "", "comments": "", "discoveryDate": "Nov 9 - 8 ", "cardNumber": "A 5", "excavatorName": "n/a"}, "user_id": 1401, "task_id": 65439, "created": "2016-09-17T17:19:33.751907", "finish_time": "2016-09-17T17:19:33.751930", "calibration": null, "user_ip": null, "timeout": null, "project_id": 338, "id": 106420}, {"info": {"description": "A pit tomb, by the side of an already plundered\ntomb, with 6 ft. of untouched sand over the mouth. \n\nThe coffin was in a hopelessly\ndecayed condition. It had\napparently been lined with \nwhite stucco & with a \ngreyish stucco on the out[...]\nNo traces of inscription\n[...] was a skeleton lying\nat full length on its left\nside. Right hand covering pelvis. \n\nTotal length of skeleton 5'3\" (female symbol)\nNot an object found besides\nthe skeleton.", "reverseCard": "reverseCard", "comments": "Text below in signature panel\n\"Photos\nview of site\nview of coffin\nview of skeleton\"", "discoveryDate": "n/a", "cardNumber": "n/a", "excavatorName": "Edward N. Reynton"}, "user_id": 1401, "task_id": 65440, "created": "2016-09-18T09:14:07.142495", "finish_time": "2016-09-18T09:14:07.142523", "calibration": null, "user_ip": null, "timeout": null, "project_id": 338, "id": 106454}, {"info": {"description": "Very rough pot on top D.1.\nseveral small green glaze [..] beads", "reverseCard": "", "comments": "top right \nXXV - XXX", "discoveryDate": "Nov 9 1908-9 Abydos", "cardNumber": "A 6", "excavatorName": "Aleyu Suliman"}, "user_id": 1401, "task_id": 65441, "created": "2016-09-18T09:15:38.370588", "finish_time": "2016-09-18T09:15:38.370614", "calibration": null, "user_ip": null, "timeout": null, "project_id": 338, "id": 106455}, {"info": {"description": "A deep shaft 17 ft 4 in deep in the gebel the top few feet\n[...] with stucco and partly bricked. Only a few\nbeads of the [...] period were found in the shaft. \nAnd near the bottom of the shaft the skull of an [..] in\nfragments. One small chamber opened off to East.\nIn it was a long coffin originally stuccoed but \nabsolutely destroyed by white ants. The skeleton\nwithin (male symbol) lay on its back with head crushed\non breast. Not an object was found in the chamber.\nThe skull was somewhat \nprogn[....] and the \nskeleton that of an \nextremely powerful\nman.\nA small vaulted chapel\nnear may have belonged to this\npit, but has been absolutely plundered. ", "reverseCard": "", "comments": "", "discoveryDate": "n/a", "cardNumber": "n/a", "excavatorName": "Edward N. Reynton"}, "user_id": 1401, "task_id": 65442, "created": "2016-09-18T09:26:41.755483", "finish_time": "2016-09-18T09:26:41.755508", "calibration": null, "user_ip": null, "timeout": null, "project_id": 338, "id": 106456}, {"info": {"description": "untouched\nsix vases rough red ware  155 [..]   drawn\none vase poor black ware  85 [..]\ntwo bronze ear-rings at throat\nat left ear small bronze ring\nfour pierced shells at throat\nsingle string of bluish glass beads\naround the neck\n\n\nphoto 1 of grave", "reverseCard": "", "comments": "", "discoveryDate": "Dec 8 1909 West of Shu[..] end", "cardNumber": "A. 1.", "excavatorName": "Sawaq 'Airad"}, "user_id": 1401, "task_id": 65443, "created": "2016-09-18T09:29:57.966542", "finish_time": "2016-09-18T09:29:57.966567", "calibration": null, "user_ip": null, "timeout": null, "project_id": 338, "id": 106457}, {"info": {"description": "Burial of  child in shallow trench, 65cm. deep.\nSarcophagus entirely perished except for fragments\nwest of N.W corner of Shu[..] \n6 vases over legs & one under back.\nHead S-W, feet N.E", "reverseCard": "", "comments": "", "discoveryDate": "n/a", "cardNumber": "n/a", "excavatorName": "n/a"}, "user_id": 1401, "task_id": 65444, "created": "2016-09-18T09:31:38.708508", "finish_time": "2016-09-18T09:31:38.708532", "calibration": null, "user_ip": null, "timeout": null, "project_id": 338, "id": 106458}, {"info": {"description": "Narrow trench, length 2 metres\nN.W - S.E, head to N. W               drawn\nbody supine but rather on left side\nhead turned to left & right arm\nunder body                                    photo 1/2 [..]\none vase, & top of trench                of whole\nA second 40 c. above head              body\n\nThe shaft-grave A.3. was unfinished ", "reverseCard": "", "comments": "", "discoveryDate": "Dec 9 1908-9 West of fare end of Sh[..]", "cardNumber": "A. 2.", "excavatorName": "Sawaq 'Airad"}, "user_id": 1401, "task_id": 65445, "created": "2016-09-18T09:34:23.927910", "finish_time": "2016-09-18T09:34:23.927936", "calibration": null, "user_ip": null, "timeout": null, "project_id": 338, "id": 106459}, {"info": {"description": "drawing of skeleton ", "reverseCard": "", "comments": "", "discoveryDate": "n/a", "cardNumber": "n/a", "excavatorName": "n/a"}, "user_id": 1401, "task_id": 65446, "created": "2016-09-18T09:34:58.638773", "finish_time": "2016-09-18T09:34:58.638800", "calibration": null, "user_ip": null, "timeout": null, "project_id": 338, "id": 106460}, {"info": {"description": "Rectangular shaft, next to A. 4. \nunfinished. \n\nVase in top of shaft\nalso small bead & amulet of bl. glaze", "reverseCard": "", "comments": "", "discoveryDate": "Dec 12 1909. 10", "cardNumber": "A. 3.", "excavatorName": "Sawaq 'Airad"}, "user_id": 1401, "task_id": 65447, "created": "2016-09-18T09:36:08.015254", "finish_time": "2016-09-18T09:36:08.015281", "calibration": null, "user_ip": null, "timeout": null, "project_id": 338, "id": 106461}, {"info": {"description": "Rather broad shaft N.W - S.E\nin the top were several vases \n                                                                drawn\nand an alab kohl-vase\nThe burial A. 5 lay across the \ntop of the brickwork.\n\nNo chambers but at bottow of shaft\nlay 3 burials in coffins of wood.\na. in right side with head to right\nalab vase under chest 64mm\nb. lay as a.\nc. prone on face. Under breast\n    1. alab kohl vase 74 mm\n     2. wooden comb\n& at l. ear a bronze ear-ring\nblue glass bead from this region in filling\n                                                                         OVER  ", "reverseCard": "", "comments": "at top text\n\"prob XVIII & chamber earlier\"", "discoveryDate": "Dec 13 1909.10", "cardNumber": "A. 4", "excavatorName": "Sawaq 'Airad"}, "user_id": 1401, "task_id": 65448, "created": "2016-09-18T09:42:53.675973", "finish_time": "2016-09-18T09:42:53.675997", "calibration": null, "user_ip": null, "timeout": null, "project_id": 338, "id": 106462}, {"info": {"description": "Much deeper lay the one large chamber to the S\ncompletely plundered\na. four fragments coarse pottery\nb. three v. large bl. gl. beads\nc. one smaller bl. gl. bead\nd. piece of stone ", "reverseCard": "", "comments": "", "discoveryDate": "n/a", "cardNumber": "n/a", "excavatorName": "n/a"}, "user_id": 1401, "task_id": 65449, "created": "2016-09-18T09:44:03.822755", "finish_time": "2016-09-18T09:44:03.822780", "calibration": null, "user_ip": null, "timeout": null, "project_id": 338, "id": 106463}, {"info": {"description": "Intact prob XVIII\n\nFemale body buried in wooden coffin     Photos 7, 8, 9.\nacross brick top of the shaft A. 4.\norientation N.E (head) & S.W\nBody supine, extended, face to right\nLong plaited hair\nNine vases at head & eight at fee        drawn\nTwo bronze wire earrings at ears\nScarab under chin\nNear left had 3 scarabs, one                see over\nscaraboid & one round [...]\nAt throat one blue glass bead\n& a few minute glaze & one silver bead.\nUnder wrists small gl. beads, clearly\nin single string bracelets, [...]ing", "reverseCard": "", "comments": "", "discoveryDate": "Dec 13th 1909-10", "cardNumber": "A. 5.", "excavatorName": "Sawaq 'Airad"}, "user_id": 1401, "task_id": 65450, "created": "2016-09-18T09:48:22.046908", "finish_time": "2016-09-18T09:48:22.046932", "calibration": null, "user_ip": null, "timeout": null, "project_id": 338, "id": 106464}, {"info": {"description": "n/a", "reverseCard": "", "comments": "drawing scarab inscriptions and skeleton ", "discoveryDate": "n/a", "cardNumber": "n/a", "excavatorName": "n/a"}, "user_id": 1401, "task_id": 65451, "created": "2016-09-18T09:49:06.641643", "finish_time": "2016-09-18T09:49:06.641668", "calibration": null, "user_ip": null, "timeout": null, "project_id": 338, "id": 106465}, {"info": {"description": "Intact\n\ntrench grave N.E & S.W, head to N. E       photos 10, 11\njust across N.W end of A. 4 &\nthus parallel to A. 5 size 220 x 65 cm\nSarcoph of wood. Body supine rather \non left side.\nFive vases of head, one at r. elbow\n& 8 at feet. ", "reverseCard": "", "comments": "", "discoveryDate": "Dec 13 1909-10", "cardNumber": "A. 6.", "excavatorName": "Sawaq 'Airad"}, "user_id": 1401, "task_id": 65452, "created": "2016-09-18T09:50:46.794872", "finish_time": "2016-09-18T09:50:46.794895", "calibration": null, "user_ip": null, "timeout": null, "project_id": 338, "id": 106466}, {"info": {"description": "n/a", "reverseCard": "", "comments": "drawing of burial", "discoveryDate": "n/a", "cardNumber": "n/a", "excavatorName": "n/a"}, "user_id": 1401, "task_id": 65453, "created": "2016-09-18T09:51:11.055444", "finish_time": "2016-09-18T09:51:11.055472", "calibration": null, "user_ip": null, "timeout": null, "project_id": 338, "id": 106467}, {"info": {"description": "Rectangular t[...] N.W & S.E.\nhopelessly plundered, bones out\nof all order\nvases\n1. large flask\n2. bowl\n3. vase\n4. two small beads", "reverseCard": "", "comments": "", "discoveryDate": "Dec 18th 1909-10", "cardNumber": "A. 7.", "excavatorName": "Sawaq 'Airad"}, "user_id": 1401, "task_id": 65454, "created": "2016-09-18T09:52:47.487785", "finish_time": "2016-09-18T09:52:47.487815", "calibration": null, "user_ip": null, "timeout": null, "project_id": 338, "id": 106468}, {"info": {"description": "Rectangular shaft, unfinished\nto E of A. 4 just as A. 0 is\nunfinished to left of it\nIn shaft several fragments \nof red pot dishes, one white spotted ", "reverseCard": "", "comments": "", "discoveryDate": "Dec 18 1908 - 10", "cardNumber": "A. 8.", "excavatorName": "Sawaq"}, "user_id": 1401, "task_id": 65455, "created": "2016-09-18T09:54:03.307509", "finish_time": "2016-09-18T09:54:03.307536", "calibration": null, "user_ip": null, "timeout": null, "project_id": 338, "id": 106469}, {"info": {"description": "A shallow rectangular trench\nnear the A. 4 group. Oriented W.N. W\n& E.S. E. Two adults & a very young\nbaby. The bones were in great disorder\nTwo pots in top of filling \nthe latter pierced\nAt feet one pot\nAt heads one alab kohl vase & lid\nheight\n& 4 vases \nalso two semicircular objects\nof whitish stone, badly ruined. ", "reverseCard": "", "comments": "", "discoveryDate": "Dec 20 1909-10", "cardNumber": "A. 9.", "excavatorName": "saw"}, "user_id": 1401, "task_id": 65456, "created": "2016-09-18T09:56:21.594622", "finish_time": "2016-09-18T09:56:21.594646", "calibration": null, "user_ip": null, "timeout": null, "project_id": 338, "id": 106470}, {"info": {"description": "large shaft\n\nat top of filling, 4 vases ", "reverseCard": "", "comments": "", "discoveryDate": "26 December 1908-9", "cardNumber": "A.10.", "excavatorName": "Sawaq 'Airad"}, "user_id": 1401, "task_id": 65457, "created": "2016-09-18T09:57:03.476008", "finish_time": "2016-09-18T09:57:03.476035", "calibration": null, "user_ip": null, "timeout": null, "project_id": 338, "id": 106471}, {"info": {"description": "A. 11\nshallow long trench grave, badly\nplundered N.W - S.E\nBones in hopeless confusion, head\nmissing \nthree vases above head end.\n\nA. 12 rect. shaft. Burial\n\n{A 14 disturbed t[...]\nalong N of A. 12 no remains}", "reverseCard": "", "comments": "", "discoveryDate": "26 December 1908-9", "cardNumber": "A. 11. 12", "excavatorName": "Sawaq 'Airad"}, "user_id": 1401, "task_id": 65458, "created": "2016-09-18T09:58:54.402886", "finish_time": "2016-09-18T09:58:54.402910", "calibration": null, "user_ip": null, "timeout": null, "project_id": 338, "id": 106472}, {"info": {"description": "A. 13\nRectangular shaft, burial 1 metre\nbelow the brickwork, female, supine, \nin wooden coffin. head N.w\nthree vases & alab vase at foot\nfour vases at head & 2 down [...]\nscarab under left hand \none more vase below         OVER\n A. 14.\nbadly plundered tomb", "reverseCard": "", "comments": "", "discoveryDate": "n/a", "cardNumber": "A. 13", "excavatorName": "n/a"}, "user_id": 1401, "task_id": 65459, "created": "2016-09-18T10:07:45.989668", "finish_time": "2016-09-18T10:07:45.989692", "calibration": null, "user_ip": null, "timeout": null, "project_id": 338, "id": 106473}, {"info": {"description": "N.W.\nPlan of burial in shaft.\n\nNorth chamber\ncoffin plundered out, lid in shaft.\n3 small vases at entrance. ", "reverseCard": "", "comments": "", "discoveryDate": "n/a", "cardNumber": "n/a", "excavatorName": "n/a"}, "user_id": 1401, "task_id": 65460, "created": "2016-09-18T10:09:12.625463", "finish_time": "2016-09-18T10:09:12.625486", "calibration": null, "user_ip": null, "timeout": null, "project_id": 338, "id": 106474}, {"info": {"description": "North chamber\na coffin of thick wood, skull of boy\nEnd piece\nSide \nCont\nG. [...] stick with cane end ? a brush\nc. three pots\n\nA 15, 16 were both bl[...]\n", "reverseCard": "", "comments": "", "discoveryDate": "n/a", "cardNumber": "A. 13 (cont)", "excavatorName": "n/a"}, "user_id": 1401, "task_id": 65461, "created": "2016-09-18T10:11:19.464474", "finish_time": "2016-09-18T10:11:19.464503", "calibration": null, "user_ip": null, "timeout": null, "project_id": 338, "id": 106475}, {"info": {"description": "A. 17\nDisburbed tomb at foot (South) of A. 13.\nNo remains exc a bl bl. Bes figurine\nin [...] above.\n\nA. 18 tomb at south of A. 15 child\nno remains exc a few bl gl beads\n\nA. 20 A mastaba south of the last\ngroup. Not worked\nFive small black vases & a \nshell in [...]", "reverseCard": "", "comments": "", "discoveryDate": "2 January 1909-10", "cardNumber": "A. 17, 18, 20", "excavatorName": "Sawaq 'Airad"}, "user_id": 1401, "task_id": 65462, "created": "2016-09-18T10:17:07.804511", "finish_time": "2016-09-18T10:17:07.804534", "calibration": null, "user_ip": null, "timeout": null, "project_id": 338, "id": 106476}, {"info": {"description": "Rect. shaft \nCh to S. empty\nCh. to N\nFew small bl [..] disc beads ", "reverseCard": "", "comments": "", "discoveryDate": "n/a", "cardNumber": "A. 105", "excavatorName": "M. 'Gwad"}, "user_id": 1401, "task_id": 65463, "created": "2016-09-18T10:18:17.022316", "finish_time": "2016-09-18T10:18:17.022340", "calibration": null, "user_ip": null, "timeout": null, "project_id": 338, "id": 106477}, {"info": {"description": "Rect. shaft.\nCh to N. \nno body\nBe [...] tab[...] beads\n\"     \"    small discoloured beads\n[...] beads ", "reverseCard": "", "comments": "", "discoveryDate": "10 - 11 Jan", "cardNumber": "A. 106", "excavatorName": "Samman"}, "user_id": 1401, "task_id": 65464, "created": "2016-09-18T10:19:53.169114", "finish_time": "2016-09-18T10:19:53.169138", "calibration": null, "user_ip": null, "timeout": null, "project_id": 338, "id": 106478}, {"info": {"description": "Late vault. E & W\nshaft to E\nFew fragts of wood coffin\npart of head rest.\nPiece of horn bracelet\nBlue, yellow & red glass paste beads\nFew camel[?] beads ", "reverseCard": "", "comments": "", "discoveryDate": "10 - 11 Jan ", "cardNumber": "A. 107", "excavatorName": "M. 'Gwad"}, "user_id": 1401, "task_id": 65465, "created": "2016-09-18T10:21:36.961423", "finish_time": "2016-09-18T10:21:36.961449", "calibration": null, "user_ip": null, "timeout": null, "project_id": 338, "id": 106479}]