[{"info": {"url": "https://farm6.staticflickr.com/5729/23036936986_4c95dbee3a.jpg", "url_m": "https://farm6.staticflickr.com/5729/23036936986_4c95dbee3a_m.jpg", "link": "https://www.flickr.com/photos/25459876@N04/23036936986", "url_b": "https://farm6.staticflickr.com/5729/23036936986_4c95dbee3a_b.jpg", "title": "AB.TC.Z.01"}, "n_answers": 3, "quorum": 0, "calibration": 0, "created": "2016-03-10T16:38:21.385605", "state": "completed", "project_id": 302, "id": 61112, "priority_0": 0.0}, {"info": {"url": "https://farm1.staticflickr.com/578/22440199534_3db860a8c2.jpg", "url_m": "https://farm1.staticflickr.com/578/22440199534_3db860a8c2_m.jpg", "link": "https://www.flickr.com/photos/25459876@N04/22440199534", "url_b": "https://farm1.staticflickr.com/578/22440199534_3db860a8c2_b.jpg", "title": "AB.TC.Z.01.aa"}, "n_answers": 3, "quorum": 0, "calibration": 0, "created": "2016-03-10T16:38:21.572859", "state": "completed", "project_id": 302, "id": 61113, "priority_0": 0.0}, {"info": {"url": "https://farm1.staticflickr.com/613/23036938466_9d80536430.jpg", "url_m": "https://farm1.staticflickr.com/613/23036938466_9d80536430_m.jpg", "link": "https://www.flickr.com/photos/25459876@N04/23036938466", "url_b": "https://farm1.staticflickr.com/613/23036938466_9d80536430_b.jpg", "title": "AB.TC.Z.01.ab"}, "n_answers": 3, "quorum": 0, "calibration": 0, "created": "2016-03-10T16:38:21.638687", "state": "completed", "project_id": 302, "id": 61114, "priority_0": 0.0}, {"info": {"url": "https://farm6.staticflickr.com/5744/23036937756_f7b6f03ddf.jpg", "url_m": "https://farm6.staticflickr.com/5744/23036937756_f7b6f03ddf_m.jpg", "link": "https://www.flickr.com/photos/25459876@N04/23036937756", "url_b": "https://farm6.staticflickr.com/5744/23036937756_f7b6f03ddf_b.jpg", "title": "AB.TC.Z.02"}, "n_answers": 3, "quorum": 0, "calibration": 0, "created": "2016-03-10T16:38:21.713006", "state": "completed", "project_id": 302, "id": 61115, "priority_0": 0.0}, {"info": {"url": "https://farm6.staticflickr.com/5680/23074149181_9fd6712943.jpg", "url_m": "https://farm6.staticflickr.com/5680/23074149181_9fd6712943_m.jpg", "link": "https://www.flickr.com/photos/25459876@N04/23074149181", "url_b": "https://farm6.staticflickr.com/5680/23074149181_9fd6712943_b.jpg", "title": "AB.TC.Z.02.a"}, "n_answers": 3, "quorum": 0, "calibration": 0, "created": "2016-03-10T16:38:21.757305", "state": "completed", "project_id": 302, "id": 61116, "priority_0": 0.0}, {"info": {"url": "https://farm6.staticflickr.com/5751/23062977305_fcb59863bd.jpg", "url_m": "https://farm6.staticflickr.com/5751/23062977305_fcb59863bd_m.jpg", "link": "https://www.flickr.com/photos/25459876@N04/23062977305", "url_b": "https://farm6.staticflickr.com/5751/23062977305_fcb59863bd_b.jpg", "title": "AB.TC.Z.03"}, "n_answers": 3, "quorum": 0, "calibration": 0, "created": "2016-03-10T16:38:21.803863", "state": "completed", "project_id": 302, "id": 61117, "priority_0": 0.0}, {"info": {"url": "https://farm1.staticflickr.com/604/22644571448_88982b8b70.jpg", "url_m": "https://farm1.staticflickr.com/604/22644571448_88982b8b70_m.jpg", "link": "https://www.flickr.com/photos/25459876@N04/22644571448", "url_b": "https://farm1.staticflickr.com/604/22644571448_88982b8b70_b.jpg", "title": "AB.TC.Z.04"}, "n_answers": 3, "quorum": 0, "calibration": 0, "created": "2016-03-10T16:38:21.847837", "state": "completed", "project_id": 302, "id": 61118, "priority_0": 0.0}, {"info": {"url": "https://farm6.staticflickr.com/5665/23074154161_74df01959a.jpg", "url_m": "https://farm6.staticflickr.com/5665/23074154161_74df01959a_m.jpg", "link": "https://www.flickr.com/photos/25459876@N04/23074154161", "url_b": "https://farm6.staticflickr.com/5665/23074154161_74df01959a_b.jpg", "title": "AB.TC.Z.05"}, "n_answers": 3, "quorum": 0, "calibration": 0, "created": "2016-03-10T16:38:21.889227", "state": "completed", "project_id": 302, "id": 61119, "priority_0": 0.0}, {"info": {"url": "https://farm1.staticflickr.com/660/23074153881_d82e109e3b.jpg", "url_m": "https://farm1.staticflickr.com/660/23074153881_d82e109e3b_m.jpg", "link": "https://www.flickr.com/photos/25459876@N04/23074153881", "url_b": "https://farm1.staticflickr.com/660/23074153881_d82e109e3b_b.jpg", "title": "AB.TC.Z.06"}, "n_answers": 3, "quorum": 0, "calibration": 0, "created": "2016-03-10T16:38:21.952823", "state": "completed", "project_id": 302, "id": 61120, "priority_0": 0.0}, {"info": {"url": "https://farm6.staticflickr.com/5709/22644633067_5eba2473e7.jpg", "url_m": "https://farm6.staticflickr.com/5709/22644633067_5eba2473e7_m.jpg", "link": "https://www.flickr.com/photos/25459876@N04/22644633067", "url_b": "https://farm6.staticflickr.com/5709/22644633067_5eba2473e7_b.jpg", "title": "AB.TC.Z.08"}, "n_answers": 3, "quorum": 0, "calibration": 0, "created": "2016-03-10T16:38:22.001038", "state": "completed", "project_id": 302, "id": 61121, "priority_0": 0.0}, {"info": {"url": "https://farm1.staticflickr.com/698/23036942176_8e05330f63.jpg", "url_m": "https://farm1.staticflickr.com/698/23036942176_8e05330f63_m.jpg", "link": "https://www.flickr.com/photos/25459876@N04/23036942176", "url_b": "https://farm1.staticflickr.com/698/23036942176_8e05330f63_b.jpg", "title": "AB.TC.Z.10"}, "n_answers": 3, "quorum": 0, "calibration": 0, "created": "2016-03-10T16:38:22.036817", "state": "completed", "project_id": 302, "id": 61122, "priority_0": 0.0}, {"info": {"url": "https://farm1.staticflickr.com/764/22441776893_a0acd33034.jpg", "url_m": "https://farm1.staticflickr.com/764/22441776893_a0acd33034_m.jpg", "link": "https://www.flickr.com/photos/25459876@N04/22441776893", "url_b": "https://farm1.staticflickr.com/764/22441776893_a0acd33034_b.jpg", "title": "AB.TC.Z.11"}, "n_answers": 3, "quorum": 0, "calibration": 0, "created": "2016-03-10T16:38:22.070578", "state": "completed", "project_id": 302, "id": 61123, "priority_0": 0.0}, {"info": {"url": "https://farm1.staticflickr.com/749/22441776633_981f5a01ab.jpg", "url_m": "https://farm1.staticflickr.com/749/22441776633_981f5a01ab_m.jpg", "link": "https://www.flickr.com/photos/25459876@N04/22441776633", "url_b": "https://farm1.staticflickr.com/749/22441776633_981f5a01ab_b.jpg", "title": "AB.TC.Z.12"}, "n_answers": 3, "quorum": 0, "calibration": 0, "created": "2016-03-10T16:38:22.103334", "state": "completed", "project_id": 302, "id": 61124, "priority_0": 0.0}, {"info": {"url": "https://farm1.staticflickr.com/741/23074152401_023c8cca95.jpg", "url_m": "https://farm1.staticflickr.com/741/23074152401_023c8cca95_m.jpg", "link": "https://www.flickr.com/photos/25459876@N04/23074152401", "url_b": "https://farm1.staticflickr.com/741/23074152401_023c8cca95_b.jpg", "title": "AB.TC.Z.13"}, "n_answers": 3, "quorum": 0, "calibration": 0, "created": "2016-03-10T16:38:22.136551", "state": "completed", "project_id": 302, "id": 61125, "priority_0": 0.0}, {"info": {"url": "https://farm1.staticflickr.com/728/22441775973_51b12df1a7.jpg", "url_m": "https://farm1.staticflickr.com/728/22441775973_51b12df1a7_m.jpg", "link": "https://www.flickr.com/photos/25459876@N04/22441775973", "url_b": "https://farm1.staticflickr.com/728/22441775973_51b12df1a7_b.jpg", "title": "AB.TC.Z.14"}, "n_answers": 3, "quorum": 0, "calibration": 0, "created": "2016-03-10T16:38:22.169943", "state": "completed", "project_id": 302, "id": 61126, "priority_0": 0.0}, {"info": {"url": "https://farm1.staticflickr.com/610/22670703499_1765ac469d.jpg", "url_m": "https://farm1.staticflickr.com/610/22670703499_1765ac469d_m.jpg", "link": "https://www.flickr.com/photos/25459876@N04/22670703499", "url_b": "https://farm1.staticflickr.com/610/22670703499_1765ac469d_b.jpg", "title": "AB.TC.Z.15"}, "n_answers": 3, "quorum": 0, "calibration": 0, "created": "2016-03-10T16:38:22.203380", "state": "completed", "project_id": 302, "id": 61127, "priority_0": 0.0}, {"info": {"url": "https://farm6.staticflickr.com/5772/22440201374_f4d4214161.jpg", "url_m": "https://farm6.staticflickr.com/5772/22440201374_f4d4214161_m.jpg", "link": "https://www.flickr.com/photos/25459876@N04/22440201374", "url_b": "https://farm6.staticflickr.com/5772/22440201374_f4d4214161_b.jpg", "title": "AB.TC.Z.15.a"}, "n_answers": 3, "quorum": 0, "calibration": 0, "created": "2016-03-10T16:38:22.237025", "state": "completed", "project_id": 302, "id": 61128, "priority_0": 0.0}, {"info": {"url": "https://farm1.staticflickr.com/714/22440200804_0c7eb13d04.jpg", "url_m": "https://farm1.staticflickr.com/714/22440200804_0c7eb13d04_m.jpg", "link": "https://www.flickr.com/photos/25459876@N04/22440200804", "url_b": "https://farm1.staticflickr.com/714/22440200804_0c7eb13d04_b.jpg", "title": "AB.TC.Z.aa"}, "n_answers": 3, "quorum": 0, "calibration": 0, "created": "2016-03-10T16:38:22.269725", "state": "completed", "project_id": 302, "id": 61129, "priority_0": 0.0}, {"info": {"url": "https://farm1.staticflickr.com/674/23074150601_4ba1b11cff.jpg", "url_m": "https://farm1.staticflickr.com/674/23074150601_4ba1b11cff_m.jpg", "link": "https://www.flickr.com/photos/25459876@N04/23074150601", "url_b": "https://farm1.staticflickr.com/674/23074150601_4ba1b11cff_b.jpg", "title": "AB.TC.Z.ab"}, "n_answers": 3, "quorum": 0, "calibration": 0, "created": "2016-03-10T16:38:22.302706", "state": "completed", "project_id": 302, "id": 61130, "priority_0": 0.0}]