[{"info": {"url": "https://farm1.staticflickr.com/728/23062796985_d1d7318340.jpg", "url_m": "https://farm1.staticflickr.com/728/23062796985_d1d7318340_m.jpg", "link": "https://www.flickr.com/photos/25459876@N04/23062796985", "url_b": "https://farm1.staticflickr.com/728/23062796985_d1d7318340_b.jpg", "title": "AB.TC.R.001a"}, "n_answers": 3, "quorum": 0, "calibration": 0, "created": "2016-09-15T09:53:36.965884", "state": "completed", "project_id": 345, "id": 66436, "priority_0": 0.0}, {"info": {"url": "https://farm1.staticflickr.com/623/22440015204_c6bf4a8a4d.jpg", "url_m": "https://farm1.staticflickr.com/623/22440015204_c6bf4a8a4d_m.jpg", "link": "https://www.flickr.com/photos/25459876@N04/22440015204", "url_b": "https://farm1.staticflickr.com/623/22440015204_c6bf4a8a4d_b.jpg", "title": "AB.TC.R.001b"}, "n_answers": 3, "quorum": 0, "calibration": 0, "created": "2016-09-15T09:53:37.014886", "state": "completed", "project_id": 345, "id": 66437, "priority_0": 0.0}, {"info": {"url": "https://farm6.staticflickr.com/5690/22440014854_05090b0d62.jpg", "url_m": "https://farm6.staticflickr.com/5690/22440014854_05090b0d62_m.jpg", "link": "https://www.flickr.com/photos/25459876@N04/22440014854", "url_b": "https://farm6.staticflickr.com/5690/22440014854_05090b0d62_b.jpg", "title": "AB.TC.R.002a"}, "n_answers": 3, "quorum": 0, "calibration": 0, "created": "2016-09-15T09:53:37.049005", "state": "completed", "project_id": 345, "id": 66438, "priority_0": 0.0}, {"info": {"url": "https://farm6.staticflickr.com/5714/23049199692_61e5696395.jpg", "url_m": "https://farm6.staticflickr.com/5714/23049199692_61e5696395_m.jpg", "link": "https://www.flickr.com/photos/25459876@N04/23049199692", "url_b": "https://farm6.staticflickr.com/5714/23049199692_61e5696395_b.jpg", "title": "AB.TC.R.002b"}, "n_answers": 3, "quorum": 0, "calibration": 0, "created": "2016-09-15T09:53:37.081842", "state": "completed", "project_id": 345, "id": 66439, "priority_0": 0.0}, {"info": {"url": "https://farm1.staticflickr.com/585/22441588123_bd2729a7e6.jpg", "url_m": "https://farm1.staticflickr.com/585/22441588123_bd2729a7e6_m.jpg", "link": "https://www.flickr.com/photos/25459876@N04/22441588123", "url_b": "https://farm1.staticflickr.com/585/22441588123_bd2729a7e6_b.jpg", "title": "AB.TC.R.003a"}, "n_answers": 3, "quorum": 0, "calibration": 0, "created": "2016-09-15T09:53:37.115716", "state": "completed", "project_id": 345, "id": 66440, "priority_0": 0.0}, {"info": {"url": "https://farm6.staticflickr.com/5697/22440013374_b1a47e6b6b.jpg", "url_m": "https://farm6.staticflickr.com/5697/22440013374_b1a47e6b6b_m.jpg", "link": "https://www.flickr.com/photos/25459876@N04/22440013374", "url_b": "https://farm6.staticflickr.com/5697/22440013374_b1a47e6b6b_b.jpg", "title": "AB.TC.R.003b"}, "n_answers": 3, "quorum": 0, "calibration": 0, "created": "2016-09-15T09:53:37.150888", "state": "completed", "project_id": 345, "id": 66441, "priority_0": 0.0}, {"info": {"url": "https://farm1.staticflickr.com/757/22440011734_a19e5db603.jpg", "url_m": "https://farm1.staticflickr.com/757/22440011734_a19e5db603_m.jpg", "link": "https://www.flickr.com/photos/25459876@N04/22440011734", "url_b": "https://farm1.staticflickr.com/757/22440011734_a19e5db603_b.jpg", "title": "AB.TC.R.004a,005,006"}, "n_answers": 3, "quorum": 0, "calibration": 0, "created": "2016-09-15T09:53:37.190992", "state": "completed", "project_id": 345, "id": 66442, "priority_0": 0.0}, {"info": {"url": "https://farm1.staticflickr.com/689/23073993001_b7f480583e.jpg", "url_m": "https://farm1.staticflickr.com/689/23073993001_b7f480583e_m.jpg", "link": "https://www.flickr.com/photos/25459876@N04/23073993001", "url_b": "https://farm1.staticflickr.com/689/23073993001_b7f480583e_b.jpg", "title": "AB.TC.R.004b"}, "n_answers": 3, "quorum": 0, "calibration": 0, "created": "2016-09-15T09:53:37.233951", "state": "completed", "project_id": 345, "id": 66443, "priority_0": 0.0}, {"info": {"url": "https://farm1.staticflickr.com/624/22644469987_e0610da426.jpg", "url_m": "https://farm1.staticflickr.com/624/22644469987_e0610da426_m.jpg", "link": "https://www.flickr.com/photos/25459876@N04/22644469987", "url_b": "https://farm1.staticflickr.com/624/22644469987_e0610da426_b.jpg", "title": "AB.TC.R.010"}, "n_answers": 3, "quorum": 0, "calibration": 0, "created": "2016-09-15T09:53:37.265948", "state": "completed", "project_id": 345, "id": 66444, "priority_0": 0.0}, {"info": {"url": "https://farm1.staticflickr.com/700/22644411568_65340847e1.jpg", "url_m": "https://farm1.staticflickr.com/700/22644411568_65340847e1_m.jpg", "link": "https://www.flickr.com/photos/25459876@N04/22644411568", "url_b": "https://farm1.staticflickr.com/700/22644411568_65340847e1_b.jpg", "title": "AB.TC.R.011,012"}, "n_answers": 3, "quorum": 0, "calibration": 0, "created": "2016-09-15T09:53:37.300661", "state": "completed", "project_id": 345, "id": 66445, "priority_0": 0.0}, {"info": {"url": "https://farm6.staticflickr.com/5707/23036775826_fca5ee93c9.jpg", "url_m": "https://farm6.staticflickr.com/5707/23036775826_fca5ee93c9_m.jpg", "link": "https://www.flickr.com/photos/25459876@N04/23036775826", "url_b": "https://farm6.staticflickr.com/5707/23036775826_fca5ee93c9_b.jpg", "title": "AB.TC.R.013,015"}, "n_answers": 3, "quorum": 0, "calibration": 0, "created": "2016-09-15T09:53:37.335113", "state": "completed", "project_id": 345, "id": 66446, "priority_0": 0.0}, {"info": {"url": "https://farm1.staticflickr.com/572/23049221962_4c84153320.jpg", "url_m": "https://farm1.staticflickr.com/572/23049221962_4c84153320_m.jpg", "link": "https://www.flickr.com/photos/25459876@N04/23049221962", "url_b": "https://farm1.staticflickr.com/572/23049221962_4c84153320_b.jpg", "title": "AB.TC.R.014"}, "n_answers": 3, "quorum": 0, "calibration": 0, "created": "2016-09-15T09:53:37.373171", "state": "completed", "project_id": 345, "id": 66447, "priority_0": 0.0}, {"info": {"url": "https://farm6.staticflickr.com/5659/23062816595_33737a2348.jpg", "url_m": "https://farm6.staticflickr.com/5659/23062816595_33737a2348_m.jpg", "link": "https://www.flickr.com/photos/25459876@N04/23062816595", "url_b": "https://farm6.staticflickr.com/5659/23062816595_33737a2348_b.jpg", "title": "AB.TC.R.016a"}, "n_answers": 3, "quorum": 0, "calibration": 0, "created": "2016-09-15T09:53:37.411834", "state": "completed", "project_id": 345, "id": 66448, "priority_0": 0.0}, {"info": {"url": "https://farm1.staticflickr.com/701/22670539819_ef2e524fcd.jpg", "url_m": "https://farm1.staticflickr.com/701/22670539819_ef2e524fcd_m.jpg", "link": "https://www.flickr.com/photos/25459876@N04/22670539819", "url_b": "https://farm1.staticflickr.com/701/22670539819_ef2e524fcd_b.jpg", "title": "AB.TC.R.016b"}, "n_answers": 3, "quorum": 0, "calibration": 0, "created": "2016-09-15T09:53:37.452227", "state": "completed", "project_id": 345, "id": 66449, "priority_0": 0.0}, {"info": {"url": "https://farm1.staticflickr.com/655/22670539409_d44a4c40d6.jpg", "url_m": "https://farm1.staticflickr.com/655/22670539409_d44a4c40d6_m.jpg", "link": "https://www.flickr.com/photos/25459876@N04/22670539409", "url_b": "https://farm1.staticflickr.com/655/22670539409_d44a4c40d6_b.jpg", "title": "AB.TC.R.016c"}, "n_answers": 3, "quorum": 0, "calibration": 0, "created": "2016-09-15T09:53:37.491471", "state": "completed", "project_id": 345, "id": 66450, "priority_0": 0.0}, {"info": {"url": "https://farm6.staticflickr.com/5792/22441608503_407438d19e.jpg", "url_m": "https://farm6.staticflickr.com/5792/22441608503_407438d19e_m.jpg", "link": "https://www.flickr.com/photos/25459876@N04/22441608503", "url_b": "https://farm6.staticflickr.com/5792/22441608503_407438d19e_b.jpg", "title": "AB.TC.R.016d"}, "n_answers": 3, "quorum": 0, "calibration": 0, "created": "2016-09-15T09:53:37.526991", "state": "completed", "project_id": 345, "id": 66451, "priority_0": 0.0}, {"info": {"url": "https://farm6.staticflickr.com/5760/22670538399_2bd10b9397.jpg", "url_m": "https://farm6.staticflickr.com/5760/22670538399_2bd10b9397_m.jpg", "link": "https://www.flickr.com/photos/25459876@N04/22670538399", "url_b": "https://farm6.staticflickr.com/5760/22670538399_2bd10b9397_b.jpg", "title": "AB.TC.R.017"}, "n_answers": 3, "quorum": 0, "calibration": 0, "created": "2016-09-15T09:53:37.566012", "state": "completed", "project_id": 345, "id": 66452, "priority_0": 0.0}, {"info": {"url": "https://farm1.staticflickr.com/626/22440034004_99211f8f90.jpg", "url_m": "https://farm1.staticflickr.com/626/22440034004_99211f8f90_m.jpg", "link": "https://www.flickr.com/photos/25459876@N04/22440034004", "url_b": "https://farm1.staticflickr.com/626/22440034004_99211f8f90_b.jpg", "title": "AB.TC.R.018a"}, "n_answers": 3, "quorum": 0, "calibration": 0, "created": "2016-09-15T09:53:37.602047", "state": "completed", "project_id": 345, "id": 66453, "priority_0": 0.0}, {"info": {"url": "https://farm6.staticflickr.com/5743/23073988381_f643cb8326.jpg", "url_m": "https://farm6.staticflickr.com/5743/23073988381_f643cb8326_m.jpg", "link": "https://www.flickr.com/photos/25459876@N04/23073988381", "url_b": "https://farm6.staticflickr.com/5743/23073988381_f643cb8326_b.jpg", "title": "AB.TC.R.018b"}, "n_answers": 3, "quorum": 0, "calibration": 0, "created": "2016-09-15T09:53:37.641025", "state": "completed", "project_id": 345, "id": 66454, "priority_0": 0.0}, {"info": {"url": "https://farm6.staticflickr.com/5779/23062813585_aa7bbe6106.jpg", "url_m": "https://farm6.staticflickr.com/5779/23062813585_aa7bbe6106_m.jpg", "link": "https://www.flickr.com/photos/25459876@N04/23062813585", "url_b": "https://farm6.staticflickr.com/5779/23062813585_aa7bbe6106_b.jpg", "title": "AB.TC.R.018c"}, "n_answers": 3, "quorum": 0, "calibration": 0, "created": "2016-09-15T09:53:37.677030", "state": "completed", "project_id": 345, "id": 66455, "priority_0": 0.0}, {"info": {"url": "https://farm1.staticflickr.com/775/22644406888_b079138fde.jpg", "url_m": "https://farm1.staticflickr.com/775/22644406888_b079138fde_m.jpg", "link": "https://www.flickr.com/photos/25459876@N04/22644406888", "url_b": "https://farm1.staticflickr.com/775/22644406888_b079138fde_b.jpg", "title": "AB.TC.R.018d"}, "n_answers": 3, "quorum": 0, "calibration": 0, "created": "2016-09-15T09:53:37.710598", "state": "completed", "project_id": 345, "id": 66456, "priority_0": 0.0}, {"info": {"url": "https://farm1.staticflickr.com/621/22644464247_ea6780a36c.jpg", "url_m": "https://farm1.staticflickr.com/621/22644464247_ea6780a36c_m.jpg", "link": "https://www.flickr.com/photos/25459876@N04/22644464247", "url_b": "https://farm1.staticflickr.com/621/22644464247_ea6780a36c_b.jpg", "title": "AB.TC.R.019"}, "n_answers": 3, "quorum": 0, "calibration": 0, "created": "2016-09-15T09:53:37.743057", "state": "completed", "project_id": 345, "id": 66457, "priority_0": 0.0}, {"info": {"url": "https://farm1.staticflickr.com/737/22644463857_d09e01a6ca.jpg", "url_m": "https://farm1.staticflickr.com/737/22644463857_d09e01a6ca_m.jpg", "link": "https://www.flickr.com/photos/25459876@N04/22644463857", "url_b": "https://farm1.staticflickr.com/737/22644463857_d09e01a6ca_b.jpg", "title": "AB.TC.R.020"}, "n_answers": 3, "quorum": 0, "calibration": 0, "created": "2016-09-15T09:53:37.776430", "state": "completed", "project_id": 345, "id": 66458, "priority_0": 0.0}, {"info": {"url": "https://farm1.staticflickr.com/615/22441605293_4218c5d65e.jpg", "url_m": "https://farm1.staticflickr.com/615/22441605293_4218c5d65e_m.jpg", "link": "https://www.flickr.com/photos/25459876@N04/22441605293", "url_b": "https://farm1.staticflickr.com/615/22441605293_4218c5d65e_b.jpg", "title": "AB.TC.R.026"}, "n_answers": 3, "quorum": 0, "calibration": 0, "created": "2016-09-15T09:53:37.810017", "state": "completed", "project_id": 345, "id": 66459, "priority_0": 0.0}, {"info": {"url": "https://farm6.staticflickr.com/5673/22440030784_5d8a0963fe.jpg", "url_m": "https://farm6.staticflickr.com/5673/22440030784_5d8a0963fe_m.jpg", "link": "https://www.flickr.com/photos/25459876@N04/22440030784", "url_b": "https://farm6.staticflickr.com/5673/22440030784_5d8a0963fe_b.jpg", "title": "AB.TC.R.051a,052a,053a"}, "n_answers": 3, "quorum": 0, "calibration": 0, "created": "2016-09-15T09:53:37.844004", "state": "completed", "project_id": 345, "id": 66460, "priority_0": 0.0}, {"info": {"url": "https://farm6.staticflickr.com/5774/22670517449_cd7ae9652c.jpg", "url_m": "https://farm6.staticflickr.com/5774/22670517449_cd7ae9652c_m.jpg", "link": "https://www.flickr.com/photos/25459876@N04/22670517449", "url_b": "https://farm6.staticflickr.com/5774/22670517449_cd7ae9652c_b.jpg", "title": "AB.TC.R.051b"}, "n_answers": 3, "quorum": 0, "calibration": 0, "created": "2016-09-15T09:53:37.877200", "state": "completed", "project_id": 345, "id": 66461, "priority_0": 0.0}, {"info": {"url": "https://farm1.staticflickr.com/705/22644462217_ec56cd0d07.jpg", "url_m": "https://farm1.staticflickr.com/705/22644462217_ec56cd0d07_m.jpg", "link": "https://www.flickr.com/photos/25459876@N04/22644462217", "url_b": "https://farm1.staticflickr.com/705/22644462217_ec56cd0d07_b.jpg", "title": "AB.TC.R.051c"}, "n_answers": 3, "quorum": 0, "calibration": 0, "created": "2016-09-15T09:53:37.909639", "state": "completed", "project_id": 345, "id": 66462, "priority_0": 0.0}, {"info": {"url": "https://farm6.staticflickr.com/5772/23049215792_33e78cf532.jpg", "url_m": "https://farm6.staticflickr.com/5772/23049215792_33e78cf532_m.jpg", "link": "https://www.flickr.com/photos/25459876@N04/23049215792", "url_b": "https://farm6.staticflickr.com/5772/23049215792_33e78cf532_b.jpg", "title": "AB.TC.R.052a,053a"}, "n_answers": 3, "quorum": 0, "calibration": 0, "created": "2016-09-15T09:53:37.943809", "state": "completed", "project_id": 345, "id": 66463, "priority_0": 0.0}, {"info": {"url": "https://farm1.staticflickr.com/675/22644404028_7dc91584f1.jpg", "url_m": "https://farm1.staticflickr.com/675/22644404028_7dc91584f1_m.jpg", "link": "https://www.flickr.com/photos/25459876@N04/22644404028", "url_b": "https://farm1.staticflickr.com/675/22644404028_7dc91584f1_b.jpg", "title": "AB.TC.R.054,055a"}, "n_answers": 3, "quorum": 0, "calibration": 0, "created": "2016-09-15T09:53:37.977058", "state": "completed", "project_id": 345, "id": 66464, "priority_0": 0.0}, {"info": {"url": "https://farm6.staticflickr.com/5771/22644461217_63454a41cc.jpg", "url_m": "https://farm6.staticflickr.com/5771/22644461217_63454a41cc_m.jpg", "link": "https://www.flickr.com/photos/25459876@N04/22644461217", "url_b": "https://farm6.staticflickr.com/5771/22644461217_63454a41cc_b.jpg", "title": "AB.TC.R.055b"}, "n_answers": 3, "quorum": 0, "calibration": 0, "created": "2016-09-15T09:53:38.010458", "state": "completed", "project_id": 345, "id": 66465, "priority_0": 0.0}, {"info": {"url": "https://farm1.staticflickr.com/709/22440028894_7fccecb1b3.jpg", "url_m": "https://farm1.staticflickr.com/709/22440028894_7fccecb1b3_m.jpg", "link": "https://www.flickr.com/photos/25459876@N04/22440028894", "url_b": "https://farm1.staticflickr.com/709/22440028894_7fccecb1b3_b.jpg", "title": "AB.TC.R.057"}, "n_answers": 3, "quorum": 0, "calibration": 0, "created": "2016-09-15T09:53:38.044084", "state": "completed", "project_id": 345, "id": 66466, "priority_0": 0.0}, {"info": {"url": "https://farm6.staticflickr.com/5772/23049213972_4e4b839d0e.jpg", "url_m": "https://farm6.staticflickr.com/5772/23049213972_4e4b839d0e_m.jpg", "link": "https://www.flickr.com/photos/25459876@N04/23049213972", "url_b": "https://farm6.staticflickr.com/5772/23049213972_4e4b839d0e_b.jpg", "title": "AB.TC.R.058a"}, "n_answers": 3, "quorum": 0, "calibration": 0, "created": "2016-09-15T09:53:38.077642", "state": "completed", "project_id": 345, "id": 66467, "priority_0": 0.0}, {"info": {"url": "https://farm6.staticflickr.com/5656/22440027804_50e2ec1232.jpg", "url_m": "https://farm6.staticflickr.com/5656/22440027804_50e2ec1232_m.jpg", "link": "https://www.flickr.com/photos/25459876@N04/22440027804", "url_b": "https://farm6.staticflickr.com/5656/22440027804_50e2ec1232_b.jpg", "title": "AB.TC.R.058b"}, "n_answers": 3, "quorum": 0, "calibration": 0, "created": "2016-09-15T09:53:38.111112", "state": "completed", "project_id": 345, "id": 66468, "priority_0": 0.0}, {"info": {"url": "https://farm6.staticflickr.com/5649/22670531429_c970d4ae38.jpg", "url_m": "https://farm6.staticflickr.com/5649/22670531429_c970d4ae38_m.jpg", "link": "https://www.flickr.com/photos/25459876@N04/22670531429", "url_b": "https://farm6.staticflickr.com/5649/22670531429_c970d4ae38_b.jpg", "title": "AB.TC.R.059"}, "n_answers": 3, "quorum": 0, "calibration": 0, "created": "2016-09-15T09:53:38.144514", "state": "completed", "project_id": 345, "id": 66469, "priority_0": 0.0}, {"info": {"url": "https://farm1.staticflickr.com/608/23049212352_ea49300f07.jpg", "url_m": "https://farm1.staticflickr.com/608/23049212352_ea49300f07_m.jpg", "link": "https://www.flickr.com/photos/25459876@N04/23049212352", "url_b": "https://farm1.staticflickr.com/608/23049212352_ea49300f07_b.jpg", "title": "AB.TC.R.080"}, "n_answers": 3, "quorum": 0, "calibration": 0, "created": "2016-09-15T09:53:38.177813", "state": "completed", "project_id": 345, "id": 66470, "priority_0": 0.0}, {"info": {"url": "https://farm1.staticflickr.com/761/23036765676_6085695afc.jpg", "url_m": "https://farm1.staticflickr.com/761/23036765676_6085695afc_m.jpg", "link": "https://www.flickr.com/photos/25459876@N04/23036765676", "url_b": "https://farm1.staticflickr.com/761/23036765676_6085695afc_b.jpg", "title": "AB.TC.R.081"}, "n_answers": 3, "quorum": 0, "calibration": 0, "created": "2016-09-15T09:53:38.211966", "state": "completed", "project_id": 345, "id": 66471, "priority_0": 0.0}, {"info": {"url": "https://farm6.staticflickr.com/5709/23036765476_fc1f75cbf4.jpg", "url_m": "https://farm6.staticflickr.com/5709/23036765476_fc1f75cbf4_m.jpg", "link": "https://www.flickr.com/photos/25459876@N04/23036765476", "url_b": "https://farm6.staticflickr.com/5709/23036765476_fc1f75cbf4_b.jpg", "title": "AB.TC.R.083"}, "n_answers": 3, "quorum": 0, "calibration": 0, "created": "2016-09-15T09:53:38.250360", "state": "completed", "project_id": 345, "id": 66472, "priority_0": 0.0}, {"info": {"url": "https://farm1.staticflickr.com/695/22644400918_27548fbb7d.jpg", "url_m": "https://farm1.staticflickr.com/695/22644400918_27548fbb7d_m.jpg", "link": "https://www.flickr.com/photos/25459876@N04/22644400918", "url_b": "https://farm1.staticflickr.com/695/22644400918_27548fbb7d_b.jpg", "title": "AB.TC.R.090"}, "n_answers": 3, "quorum": 0, "calibration": 0, "created": "2016-09-15T09:53:38.286121", "state": "completed", "project_id": 345, "id": 66473, "priority_0": 0.0}, {"info": {"url": "https://farm1.staticflickr.com/598/22644457967_acd7e91dbb.jpg", "url_m": "https://farm1.staticflickr.com/598/22644457967_acd7e91dbb_m.jpg", "link": "https://www.flickr.com/photos/25459876@N04/22644457967", "url_b": "https://farm1.staticflickr.com/598/22644457967_acd7e91dbb_b.jpg", "title": "AB.TC.R.091"}, "n_answers": 3, "quorum": 0, "calibration": 0, "created": "2016-09-15T09:53:38.319602", "state": "completed", "project_id": 345, "id": 66474, "priority_0": 0.0}, {"info": {"url": "https://farm6.staticflickr.com/5686/22670516669_1ee5d3b7c6.jpg", "url_m": "https://farm6.staticflickr.com/5686/22670516669_1ee5d3b7c6_m.jpg", "link": "https://www.flickr.com/photos/25459876@N04/22670516669", "url_b": "https://farm6.staticflickr.com/5686/22670516669_1ee5d3b7c6_b.jpg", "title": "AB.TC.R.092"}, "n_answers": 3, "quorum": 0, "calibration": 0, "created": "2016-09-15T09:53:38.353077", "state": "completed", "project_id": 345, "id": 66475, "priority_0": 0.0}, {"info": {"url": "https://farm6.staticflickr.com/5719/22670529529_cb795838df.jpg", "url_m": "https://farm6.staticflickr.com/5719/22670529529_cb795838df_m.jpg", "link": "https://www.flickr.com/photos/25459876@N04/22670529529", "url_b": "https://farm6.staticflickr.com/5719/22670529529_cb795838df_b.jpg", "title": "AB.TC.R.093"}, "n_answers": 3, "quorum": 0, "calibration": 0, "created": "2016-09-15T09:53:38.386689", "state": "completed", "project_id": 345, "id": 66476, "priority_0": 0.0}, {"info": {"url": "https://farm6.staticflickr.com/5644/22670529229_ce961d6d7f.jpg", "url_m": "https://farm6.staticflickr.com/5644/22670529229_ce961d6d7f_m.jpg", "link": "https://www.flickr.com/photos/25459876@N04/22670529229", "url_b": "https://farm6.staticflickr.com/5644/22670529229_ce961d6d7f_b.jpg", "title": "AB.TC.R.100"}, "n_answers": 3, "quorum": 0, "calibration": 0, "created": "2016-09-15T09:53:38.419869", "state": "completed", "project_id": 345, "id": 66477, "priority_0": 0.0}, {"info": {"url": "https://farm1.staticflickr.com/568/23073979451_c339d79b33.jpg", "url_m": "https://farm1.staticflickr.com/568/23073979451_c339d79b33_m.jpg", "link": "https://www.flickr.com/photos/25459876@N04/23073979451", "url_b": "https://farm1.staticflickr.com/568/23073979451_c339d79b33_b.jpg", "title": "AB.TC.R.101"}, "n_answers": 3, "quorum": 0, "calibration": 0, "created": "2016-09-15T09:53:38.452389", "state": "completed", "project_id": 345, "id": 66478, "priority_0": 0.0}, {"info": {"url": "https://farm1.staticflickr.com/637/22644399678_7ae5151210.jpg", "url_m": "https://farm1.staticflickr.com/637/22644399678_7ae5151210_m.jpg", "link": "https://www.flickr.com/photos/25459876@N04/22644399678", "url_b": "https://farm1.staticflickr.com/637/22644399678_7ae5151210_b.jpg", "title": "AB.TC.R.101.aa"}, "n_answers": 3, "quorum": 0, "calibration": 0, "created": "2016-09-15T09:53:38.486931", "state": "completed", "project_id": 345, "id": 66479, "priority_0": 0.0}, {"info": {"url": "https://farm6.staticflickr.com/5830/22644456767_893b15232f.jpg", "url_m": "https://farm6.staticflickr.com/5830/22644456767_893b15232f_m.jpg", "link": "https://www.flickr.com/photos/25459876@N04/22644456767", "url_b": "https://farm6.staticflickr.com/5830/22644456767_893b15232f_b.jpg", "title": "AB.TC.R.101.ab"}, "n_answers": 3, "quorum": 0, "calibration": 0, "created": "2016-09-15T09:53:38.520386", "state": "completed", "project_id": 345, "id": 66480, "priority_0": 0.0}, {"info": {"url": "https://farm1.staticflickr.com/698/23049209532_563f5d8c78.jpg", "url_m": "https://farm1.staticflickr.com/698/23049209532_563f5d8c78_m.jpg", "link": "https://www.flickr.com/photos/25459876@N04/23049209532", "url_b": "https://farm1.staticflickr.com/698/23049209532_563f5d8c78_b.jpg", "title": "AB.TC.R.102,103a"}, "n_answers": 3, "quorum": 0, "calibration": 0, "created": "2016-09-15T09:53:38.553674", "state": "completed", "project_id": 345, "id": 66481, "priority_0": 0.0}, {"info": {"url": "https://farm1.staticflickr.com/715/23062804795_609d690943.jpg", "url_m": "https://farm1.staticflickr.com/715/23062804795_609d690943_m.jpg", "link": "https://www.flickr.com/photos/25459876@N04/23062804795", "url_b": "https://farm1.staticflickr.com/715/23062804795_609d690943_b.jpg", "title": "AB.TC.R.102.a"}, "n_answers": 3, "quorum": 0, "calibration": 0, "created": "2016-09-15T09:53:38.587541", "state": "completed", "project_id": 345, "id": 66482, "priority_0": 0.0}, {"info": {"url": "https://farm6.staticflickr.com/5761/23036762556_a8a6a5c770.jpg", "url_m": "https://farm6.staticflickr.com/5761/23036762556_a8a6a5c770_m.jpg", "link": "https://www.flickr.com/photos/25459876@N04/23036762556", "url_b": "https://farm6.staticflickr.com/5761/23036762556_a8a6a5c770_b.jpg", "title": "AB.TC.R.103.a"}, "n_answers": 3, "quorum": 0, "calibration": 0, "created": "2016-09-15T09:53:38.620267", "state": "completed", "project_id": 345, "id": 66483, "priority_0": 0.0}, {"info": {"url": "https://farm6.staticflickr.com/5835/23073978351_5ca1880274.jpg", "url_m": "https://farm6.staticflickr.com/5835/23073978351_5ca1880274_m.jpg", "link": "https://www.flickr.com/photos/25459876@N04/23073978351", "url_b": "https://farm6.staticflickr.com/5835/23073978351_5ca1880274_b.jpg", "title": "AB.TC.R.103b"}, "n_answers": 3, "quorum": 0, "calibration": 0, "created": "2016-09-15T09:53:38.654187", "state": "completed", "project_id": 345, "id": 66484, "priority_0": 0.0}, {"info": {"url": "https://farm1.staticflickr.com/639/23073977791_e78b63266f.jpg", "url_m": "https://farm1.staticflickr.com/639/23073977791_e78b63266f_m.jpg", "link": "https://www.flickr.com/photos/25459876@N04/23073977791", "url_b": "https://farm1.staticflickr.com/639/23073977791_e78b63266f_b.jpg", "title": "AB.TC.R.104"}, "n_answers": 3, "quorum": 0, "calibration": 0, "created": "2016-09-15T09:53:38.687604", "state": "completed", "project_id": 345, "id": 66485, "priority_0": 0.0}, {"info": {"url": "https://farm6.staticflickr.com/5730/23062804075_9804d9f7c3.jpg", "url_m": "https://farm6.staticflickr.com/5730/23062804075_9804d9f7c3_m.jpg", "link": "https://www.flickr.com/photos/25459876@N04/23062804075", "url_b": "https://farm6.staticflickr.com/5730/23062804075_9804d9f7c3_b.jpg", "title": "AB.TC.R.104.a"}, "n_answers": 3, "quorum": 0, "calibration": 0, "created": "2016-09-15T09:53:38.721646", "state": "completed", "project_id": 345, "id": 66486, "priority_0": 0.0}, {"info": {"url": "https://farm6.staticflickr.com/5803/22644397198_6ea690da13.jpg", "url_m": "https://farm6.staticflickr.com/5803/22644397198_6ea690da13_m.jpg", "link": "https://www.flickr.com/photos/25459876@N04/22644397198", "url_b": "https://farm6.staticflickr.com/5803/22644397198_6ea690da13_b.jpg", "title": "AB.TC.R.105"}, "n_answers": 3, "quorum": 0, "calibration": 0, "created": "2016-09-15T09:53:38.753138", "state": "completed", "project_id": 345, "id": 66487, "priority_0": 0.0}, {"info": {"url": "https://farm1.staticflickr.com/639/23062803215_c84057300e.jpg", "url_m": "https://farm1.staticflickr.com/639/23062803215_c84057300e_m.jpg", "link": "https://www.flickr.com/photos/25459876@N04/23062803215", "url_b": "https://farm1.staticflickr.com/639/23062803215_c84057300e_b.jpg", "title": "AB.TC.R.106"}, "n_answers": 3, "quorum": 0, "calibration": 0, "created": "2016-09-15T09:53:38.787037", "state": "completed", "project_id": 345, "id": 66488, "priority_0": 0.0}, {"info": {"url": "https://farm1.staticflickr.com/678/22441595683_0ee7d906d9.jpg", "url_m": "https://farm1.staticflickr.com/678/22441595683_0ee7d906d9_m.jpg", "link": "https://www.flickr.com/photos/25459876@N04/22441595683", "url_b": "https://farm1.staticflickr.com/678/22441595683_0ee7d906d9_b.jpg", "title": "AB.TC.R.107"}, "n_answers": 3, "quorum": 0, "calibration": 0, "created": "2016-09-15T09:53:38.820301", "state": "completed", "project_id": 345, "id": 66489, "priority_0": 0.0}, {"info": {"url": "https://farm1.staticflickr.com/630/22644453977_03e20afb60.jpg", "url_m": "https://farm1.staticflickr.com/630/22644453977_03e20afb60_m.jpg", "link": "https://www.flickr.com/photos/25459876@N04/22644453977", "url_b": "https://farm1.staticflickr.com/630/22644453977_03e20afb60_b.jpg", "title": "AB.TC.R.108a"}, "n_answers": 3, "quorum": 0, "calibration": 0, "created": "2016-09-15T09:53:38.853821", "state": "completed", "project_id": 345, "id": 66490, "priority_0": 0.0}, {"info": {"url": "https://farm1.staticflickr.com/749/23062802475_27fb82962d.jpg", "url_m": "https://farm1.staticflickr.com/749/23062802475_27fb82962d_m.jpg", "link": "https://www.flickr.com/photos/25459876@N04/23062802475", "url_b": "https://farm1.staticflickr.com/749/23062802475_27fb82962d_b.jpg", "title": "AB.TC.R.108b"}, "n_answers": 3, "quorum": 0, "calibration": 0, "created": "2016-09-15T09:53:38.887416", "state": "completed", "project_id": 345, "id": 66491, "priority_0": 0.0}, {"info": {"url": "https://farm6.staticflickr.com/5777/22440020824_c3fc7ee6df.jpg", "url_m": "https://farm6.staticflickr.com/5777/22440020824_c3fc7ee6df_m.jpg", "link": "https://www.flickr.com/photos/25459876@N04/22440020824", "url_b": "https://farm6.staticflickr.com/5777/22440020824_c3fc7ee6df_b.jpg", "title": "AB.TC.R.109"}, "n_answers": 3, "quorum": 0, "calibration": 0, "created": "2016-09-15T09:53:38.920514", "state": "completed", "project_id": 345, "id": 66492, "priority_0": 0.0}, {"info": {"url": "https://farm6.staticflickr.com/5811/23036759126_2c4a8db183.jpg", "url_m": "https://farm6.staticflickr.com/5811/23036759126_2c4a8db183_m.jpg", "link": "https://www.flickr.com/photos/25459876@N04/23036759126", "url_b": "https://farm6.staticflickr.com/5811/23036759126_2c4a8db183_b.jpg", "title": "AB.TC.R.110"}, "n_answers": 3, "quorum": 0, "calibration": 0, "created": "2016-09-15T09:53:38.956155", "state": "completed", "project_id": 345, "id": 66493, "priority_0": 0.0}, {"info": {"url": "https://farm1.staticflickr.com/733/22644395338_0a60ba8731.jpg", "url_m": "https://farm1.staticflickr.com/733/22644395338_0a60ba8731_m.jpg", "link": "https://www.flickr.com/photos/25459876@N04/22644395338", "url_b": "https://farm1.staticflickr.com/733/22644395338_0a60ba8731_b.jpg", "title": "AB.TC.R.110.a"}, "n_answers": 3, "quorum": 0, "calibration": 0, "created": "2016-09-15T09:53:38.993302", "state": "completed", "project_id": 345, "id": 66494, "priority_0": 0.0}, {"info": {"url": "https://farm6.staticflickr.com/5694/22670524469_6c5417d295.jpg", "url_m": "https://farm6.staticflickr.com/5694/22670524469_6c5417d295_m.jpg", "link": "https://www.flickr.com/photos/25459876@N04/22670524469", "url_b": "https://farm6.staticflickr.com/5694/22670524469_6c5417d295_b.jpg", "title": "AB.TC.R.111"}, "n_answers": 3, "quorum": 0, "calibration": 0, "created": "2016-09-15T09:53:39.030435", "state": "completed", "project_id": 345, "id": 66495, "priority_0": 0.0}, {"info": {"url": "https://farm1.staticflickr.com/734/23062800765_4ac3062dbd.jpg", "url_m": "https://farm1.staticflickr.com/734/23062800765_4ac3062dbd_m.jpg", "link": "https://www.flickr.com/photos/25459876@N04/23062800765", "url_b": "https://farm1.staticflickr.com/734/23062800765_4ac3062dbd_b.jpg", "title": "AB.TC.R.112"}, "n_answers": 3, "quorum": 0, "calibration": 0, "created": "2016-09-15T09:53:39.071586", "state": "completed", "project_id": 345, "id": 66496, "priority_0": 0.0}, {"info": {"url": "https://farm6.staticflickr.com/5795/23036758286_5db76f2151.jpg", "url_m": "https://farm6.staticflickr.com/5795/23036758286_5db76f2151_m.jpg", "link": "https://www.flickr.com/photos/25459876@N04/23036758286", "url_b": "https://farm6.staticflickr.com/5795/23036758286_5db76f2151_b.jpg", "title": "AB.TC.R.113"}, "n_answers": 3, "quorum": 0, "calibration": 0, "created": "2016-09-15T09:53:39.113169", "state": "completed", "project_id": 345, "id": 66497, "priority_0": 0.0}, {"info": {"url": "https://farm6.staticflickr.com/5697/22644451677_9063987c3d.jpg", "url_m": "https://farm6.staticflickr.com/5697/22644451677_9063987c3d_m.jpg", "link": "https://www.flickr.com/photos/25459876@N04/22644451677", "url_b": "https://farm6.staticflickr.com/5697/22644451677_9063987c3d_b.jpg", "title": "AB.TC.R.114"}, "n_answers": 3, "quorum": 0, "calibration": 0, "created": "2016-09-15T09:53:39.147228", "state": "completed", "project_id": 345, "id": 66498, "priority_0": 0.0}, {"info": {"url": "https://farm1.staticflickr.com/714/22644450947_8668beb53f.jpg", "url_m": "https://farm1.staticflickr.com/714/22644450947_8668beb53f_m.jpg", "link": "https://www.flickr.com/photos/25459876@N04/22644450947", "url_b": "https://farm1.staticflickr.com/714/22644450947_8668beb53f_b.jpg", "title": "AB.TC.R.115"}, "n_answers": 3, "quorum": 0, "calibration": 0, "created": "2016-09-15T09:53:39.181439", "state": "completed", "project_id": 345, "id": 66499, "priority_0": 0.0}, {"info": {"url": "https://farm6.staticflickr.com/5670/22441592793_c0288670ba.jpg", "url_m": "https://farm6.staticflickr.com/5670/22441592793_c0288670ba_m.jpg", "link": "https://www.flickr.com/photos/25459876@N04/22441592793", "url_b": "https://farm6.staticflickr.com/5670/22441592793_c0288670ba_b.jpg", "title": "AB.TC.R.115.a"}, "n_answers": 3, "quorum": 0, "calibration": 0, "created": "2016-09-15T09:53:39.215191", "state": "completed", "project_id": 345, "id": 66500, "priority_0": 0.0}, {"info": {"url": "https://farm1.staticflickr.com/660/22644450607_75f64dfe36.jpg", "url_m": "https://farm1.staticflickr.com/660/22644450607_75f64dfe36_m.jpg", "link": "https://www.flickr.com/photos/25459876@N04/22644450607", "url_b": "https://farm1.staticflickr.com/660/22644450607_75f64dfe36_b.jpg", "title": "AB.TC.R.118"}, "n_answers": 3, "quorum": 0, "calibration": 0, "created": "2016-09-15T09:53:39.245162", "state": "completed", "project_id": 345, "id": 66501, "priority_0": 0.0}, {"info": {"url": "https://farm6.staticflickr.com/5679/23062798485_e18f972b55.jpg", "url_m": "https://farm6.staticflickr.com/5679/23062798485_e18f972b55_m.jpg", "link": "https://www.flickr.com/photos/25459876@N04/23062798485", "url_b": "https://farm6.staticflickr.com/5679/23062798485_e18f972b55_b.jpg", "title": "AB.TC.R.140"}, "n_answers": 3, "quorum": 0, "calibration": 0, "created": "2016-09-15T09:53:39.276799", "state": "completed", "project_id": 345, "id": 66502, "priority_0": 0.0}, {"info": {"url": "https://farm6.staticflickr.com/5745/23073972481_650e86f25e.jpg", "url_m": "https://farm6.staticflickr.com/5745/23073972481_650e86f25e_m.jpg", "link": "https://www.flickr.com/photos/25459876@N04/23073972481", "url_b": "https://farm6.staticflickr.com/5745/23073972481_650e86f25e_b.jpg", "title": "AB.TC.R.141"}, "n_answers": 3, "quorum": 0, "calibration": 0, "created": "2016-09-15T09:53:39.314956", "state": "completed", "project_id": 345, "id": 66503, "priority_0": 0.0}, {"info": {"url": "https://farm1.staticflickr.com/675/23062797855_039b895728.jpg", "url_m": "https://farm1.staticflickr.com/675/23062797855_039b895728_m.jpg", "link": "https://www.flickr.com/photos/25459876@N04/23062797855", "url_b": "https://farm1.staticflickr.com/675/23062797855_039b895728_b.jpg", "title": "AB.TC.Ra"}, "n_answers": 3, "quorum": 0, "calibration": 0, "created": "2016-09-15T09:53:39.348738", "state": "completed", "project_id": 345, "id": 66504, "priority_0": 0.0}, {"info": {"url": "https://farm6.staticflickr.com/5659/22644448907_3ea4630dd5.jpg", "url_m": "https://farm6.staticflickr.com/5659/22644448907_3ea4630dd5_m.jpg", "link": "https://www.flickr.com/photos/25459876@N04/22644448907", "url_b": "https://farm6.staticflickr.com/5659/22644448907_3ea4630dd5_b.jpg", "title": "AB.TC.Rb"}, "n_answers": 3, "quorum": 0, "calibration": 0, "created": "2016-09-15T09:53:39.381786", "state": "completed", "project_id": 345, "id": 66505, "priority_0": 0.0}]