[{"info": {"url": "https://farm6.staticflickr.com/5809/22437745253_0323a326b8.jpg", "url_m": "https://farm6.staticflickr.com/5809/22437745253_0323a326b8_m.jpg", "link": "https://www.flickr.com/photos/25459876@N04/22437745253", "url_b": "https://farm6.staticflickr.com/5809/22437745253_0323a326b8_b.jpg", "title": "AB.TC.O.1"}, "n_answers": 3, "quorum": 0, "calibration": 0, "created": "2016-04-28T22:01:25.881837", "state": "completed", "project_id": 306, "id": 61665, "priority_0": 0.0}, {"info": {"url": "https://farm1.staticflickr.com/574/23045351842_db98c6baf8.jpg", "url_m": "https://farm1.staticflickr.com/574/23045351842_db98c6baf8_m.jpg", "link": "https://www.flickr.com/photos/25459876@N04/23045351842", "url_b": "https://farm1.staticflickr.com/574/23045351842_db98c6baf8_b.jpg", "title": "AB.TC.O.2"}, "n_answers": 3, "quorum": 0, "calibration": 0, "created": "2016-04-28T22:01:25.940500", "state": "completed", "project_id": 306, "id": 61666, "priority_0": 0.0}, {"info": {"url": "https://farm1.staticflickr.com/630/22666671459_11945ff986.jpg", "url_m": "https://farm1.staticflickr.com/630/22666671459_11945ff986_m.jpg", "link": "https://www.flickr.com/photos/25459876@N04/22666671459", "url_b": "https://farm1.staticflickr.com/630/22666671459_11945ff986_b.jpg", "title": "AB.TC.O.3"}, "n_answers": 3, "quorum": 0, "calibration": 0, "created": "2016-04-28T22:01:25.973773", "state": "completed", "project_id": 306, "id": 61667, "priority_0": 0.0}, {"info": {"url": "https://farm6.staticflickr.com/5770/22640590437_97793f8d8a.jpg", "url_m": "https://farm6.staticflickr.com/5770/22640590437_97793f8d8a_m.jpg", "link": "https://www.flickr.com/photos/25459876@N04/22640590437", "url_b": "https://farm6.staticflickr.com/5770/22640590437_97793f8d8a_b.jpg", "title": "AB.TC.O.4a"}, "n_answers": 3, "quorum": 0, "calibration": 0, "created": "2016-04-28T22:01:26.006989", "state": "completed", "project_id": 306, "id": 61668, "priority_0": 0.0}, {"info": {"url": "https://farm6.staticflickr.com/5663/22437742083_28f49714f6.jpg", "url_m": "https://farm6.staticflickr.com/5663/22437742083_28f49714f6_m.jpg", "link": "https://www.flickr.com/photos/25459876@N04/22437742083", "url_b": "https://farm6.staticflickr.com/5663/22437742083_28f49714f6_b.jpg", "title": "AB.TC.O.4b"}, "n_answers": 3, "quorum": 0, "calibration": 0, "created": "2016-04-28T22:01:26.040115", "state": "completed", "project_id": 306, "id": 61669, "priority_0": 0.0}]