[{"info": {"url": "https://farm6.staticflickr.com/5683/22799517920_48012d3964.jpg", "url_m": "https://farm6.staticflickr.com/5683/22799517920_48012d3964_m.jpg", "link": "https://www.flickr.com/photos/25459876@N04/22799517920", "url_b": "https://farm6.staticflickr.com/5683/22799517920_48012d3964_b.jpg", "title": "AB.TC.A.001"}, "n_answers": 3, "quorum": 0, "calibration": 0, "created": "2016-09-14T15:42:29.058965", "state": "completed", "project_id": 338, "id": 65434, "priority_0": 0.0}, {"info": {"url": "https://farm6.staticflickr.com/5833/22799516570_111ce87c8f.jpg", "url_m": "https://farm6.staticflickr.com/5833/22799516570_111ce87c8f_m.jpg", "link": "https://www.flickr.com/photos/25459876@N04/22799516570", "url_b": "https://farm6.staticflickr.com/5833/22799516570_111ce87c8f_b.jpg", "title": "AB.TC.A.002a"}, "n_answers": 3, "quorum": 0, "calibration": 0, "created": "2016-09-14T15:42:29.341219", "state": "completed", "project_id": 338, "id": 65435, "priority_0": 0.0}, {"info": {"url": "https://farm6.staticflickr.com/5719/22366371073_4fb5353945.jpg", "url_m": "https://farm6.staticflickr.com/5719/22366371073_4fb5353945_m.jpg", "link": "https://www.flickr.com/photos/25459876@N04/22366371073", "url_b": "https://farm6.staticflickr.com/5719/22366371073_4fb5353945_b.jpg", "title": "AB.TC.A.002b"}, "n_answers": 3, "quorum": 0, "calibration": 0, "created": "2016-09-14T15:42:29.390848", "state": "completed", "project_id": 338, "id": 65436, "priority_0": 0.0}, {"info": {"url": "https://farm1.staticflickr.com/659/22366370343_5fd701045f.jpg", "url_m": "https://farm1.staticflickr.com/659/22366370343_5fd701045f_m.jpg", "link": "https://www.flickr.com/photos/25459876@N04/22366370343", "url_b": "https://farm1.staticflickr.com/659/22366370343_5fd701045f_b.jpg", "title": "AB.TC.A.004a"}, "n_answers": 3, "quorum": 0, "calibration": 0, "created": "2016-09-14T15:42:29.426285", "state": "completed", "project_id": 338, "id": 65437, "priority_0": 0.0}, {"info": {"url": "https://farm1.staticflickr.com/721/22364794224_540ab20dd0.jpg", "url_m": "https://farm1.staticflickr.com/721/22364794224_540ab20dd0_m.jpg", "link": "https://www.flickr.com/photos/25459876@N04/22364794224", "url_b": "https://farm1.staticflickr.com/721/22364794224_540ab20dd0_b.jpg", "title": "AB.TC.A.004b"}, "n_answers": 3, "quorum": 0, "calibration": 0, "created": "2016-09-14T15:42:29.454875", "state": "completed", "project_id": 338, "id": 65438, "priority_0": 0.0}, {"info": {"url": "https://farm1.staticflickr.com/577/22961515986_c47f2fc559.jpg", "url_m": "https://farm1.staticflickr.com/577/22961515986_c47f2fc559_m.jpg", "link": "https://www.flickr.com/photos/25459876@N04/22961515986", "url_b": "https://farm1.staticflickr.com/577/22961515986_c47f2fc559_b.jpg", "title": "AB.TC.A.005a"}, "n_answers": 3, "quorum": 0, "calibration": 0, "created": "2016-09-14T15:42:29.488835", "state": "completed", "project_id": 338, "id": 65439, "priority_0": 0.0}, {"info": {"url": "https://farm1.staticflickr.com/582/22974112402_5bb3a0bc2d.jpg", "url_m": "https://farm1.staticflickr.com/582/22974112402_5bb3a0bc2d_m.jpg", "link": "https://www.flickr.com/photos/25459876@N04/22974112402", "url_b": "https://farm1.staticflickr.com/582/22974112402_5bb3a0bc2d_b.jpg", "title": "AB.TC.A.005b"}, "n_answers": 3, "quorum": 0, "calibration": 0, "created": "2016-09-14T15:42:29.525030", "state": "completed", "project_id": 338, "id": 65440, "priority_0": 0.0}, {"info": {"url": "https://farm1.staticflickr.com/588/22961513686_d3839877a4.jpg", "url_m": "https://farm1.staticflickr.com/588/22961513686_d3839877a4_m.jpg", "link": "https://www.flickr.com/photos/25459876@N04/22961513686", "url_b": "https://farm1.staticflickr.com/588/22961513686_d3839877a4_b.jpg", "title": "AB.TC.A.006a"}, "n_answers": 3, "quorum": 0, "calibration": 0, "created": "2016-09-14T15:42:29.559667", "state": "completed", "project_id": 338, "id": 65441, "priority_0": 0.0}, {"info": {"url": "https://farm1.staticflickr.com/572/22974109892_e5d423d2c9.jpg", "url_m": "https://farm1.staticflickr.com/572/22974109892_e5d423d2c9_m.jpg", "link": "https://www.flickr.com/photos/25459876@N04/22974109892", "url_b": "https://farm1.staticflickr.com/572/22974109892_e5d423d2c9_b.jpg", "title": "AB.TC.A.006b"}, "n_answers": 3, "quorum": 0, "calibration": 0, "created": "2016-09-14T15:42:29.592111", "state": "completed", "project_id": 338, "id": 65442, "priority_0": 0.0}, {"info": {"url": "https://farm1.staticflickr.com/723/22961510526_387f460771.jpg", "url_m": "https://farm1.staticflickr.com/723/22961510526_387f460771_m.jpg", "link": "https://www.flickr.com/photos/25459876@N04/22961510526", "url_b": "https://farm1.staticflickr.com/723/22961510526_387f460771_b.jpg", "title": "AB.TC.A.A001a"}, "n_answers": 3, "quorum": 0, "calibration": 0, "created": "2016-09-14T15:42:29.626144", "state": "completed", "project_id": 338, "id": 65443, "priority_0": 0.0}, {"info": {"url": "https://farm1.staticflickr.com/580/22974107402_91467aa718.jpg", "url_m": "https://farm1.staticflickr.com/580/22974107402_91467aa718_m.jpg", "link": "https://www.flickr.com/photos/25459876@N04/22974107402", "url_b": "https://farm1.staticflickr.com/580/22974107402_91467aa718_b.jpg", "title": "AB.TC.A.A001b"}, "n_answers": 3, "quorum": 0, "calibration": 0, "created": "2016-09-14T15:42:29.658815", "state": "completed", "project_id": 338, "id": 65444, "priority_0": 0.0}, {"info": {"url": "https://farm1.staticflickr.com/771/22961508586_10d14b2fd3.jpg", "url_m": "https://farm1.staticflickr.com/771/22961508586_10d14b2fd3_m.jpg", "link": "https://www.flickr.com/photos/25459876@N04/22961508586", "url_b": "https://farm1.staticflickr.com/771/22961508586_10d14b2fd3_b.jpg", "title": "AB.TC.A.A002a"}, "n_answers": 3, "quorum": 0, "calibration": 0, "created": "2016-09-14T15:42:29.691949", "state": "completed", "project_id": 338, "id": 65445, "priority_0": 0.0}, {"info": {"url": "https://farm6.staticflickr.com/5680/22366360803_90a060d45c.jpg", "url_m": "https://farm6.staticflickr.com/5680/22366360803_90a060d45c_m.jpg", "link": "https://www.flickr.com/photos/25459876@N04/22366360803", "url_b": "https://farm6.staticflickr.com/5680/22366360803_90a060d45c_b.jpg", "title": "AB.TC.A.A002b"}, "n_answers": 3, "quorum": 0, "calibration": 0, "created": "2016-09-14T15:42:29.726516", "state": "completed", "project_id": 338, "id": 65446, "priority_0": 0.0}, {"info": {"url": "https://farm6.staticflickr.com/5785/22569251388_4f3f3fa5e5.jpg", "url_m": "https://farm6.staticflickr.com/5785/22569251388_4f3f3fa5e5_m.jpg", "link": "https://www.flickr.com/photos/25459876@N04/22569251388", "url_b": "https://farm6.staticflickr.com/5785/22569251388_4f3f3fa5e5_b.jpg", "title": "AB.TC.A.A003"}, "n_answers": 3, "quorum": 0, "calibration": 0, "created": "2016-09-14T15:42:29.760090", "state": "completed", "project_id": 338, "id": 65447, "priority_0": 0.0}, {"info": {"url": "https://farm6.staticflickr.com/5822/22974132002_251ea50355.jpg", "url_m": "https://farm6.staticflickr.com/5822/22974132002_251ea50355_m.jpg", "link": "https://www.flickr.com/photos/25459876@N04/22974132002", "url_b": "https://farm6.staticflickr.com/5822/22974132002_251ea50355_b.jpg", "title": "AB.TC.A.A004a"}, "n_answers": 3, "quorum": 0, "calibration": 0, "created": "2016-09-14T15:42:29.789506", "state": "completed", "project_id": 338, "id": 65448, "priority_0": 0.0}, {"info": {"url": "https://farm6.staticflickr.com/5736/22595384429_b7fe30e8c4.jpg", "url_m": "https://farm6.staticflickr.com/5736/22595384429_b7fe30e8c4_m.jpg", "link": "https://www.flickr.com/photos/25459876@N04/22595384429", "url_b": "https://farm6.staticflickr.com/5736/22595384429_b7fe30e8c4_b.jpg", "title": "AB.TC.A.A004b"}, "n_answers": 3, "quorum": 0, "calibration": 0, "created": "2016-09-14T15:42:29.826051", "state": "completed", "project_id": 338, "id": 65449, "priority_0": 0.0}, {"info": {"url": "https://farm6.staticflickr.com/5790/22998666701_ebf8f1ed2a.jpg", "url_m": "https://farm6.staticflickr.com/5790/22998666701_ebf8f1ed2a_m.jpg", "link": "https://www.flickr.com/photos/25459876@N04/22998666701", "url_b": "https://farm6.staticflickr.com/5790/22998666701_ebf8f1ed2a_b.jpg", "title": "AB.TC.A.A005a"}, "n_answers": 3, "quorum": 0, "calibration": 0, "created": "2016-09-14T15:42:29.859921", "state": "completed", "project_id": 338, "id": 65450, "priority_0": 0.0}, {"info": {"url": "https://farm1.staticflickr.com/672/22974129442_2deb8deefe.jpg", "url_m": "https://farm1.staticflickr.com/672/22974129442_2deb8deefe_m.jpg", "link": "https://www.flickr.com/photos/25459876@N04/22974129442", "url_b": "https://farm1.staticflickr.com/672/22974129442_2deb8deefe_b.jpg", "title": "AB.TC.A.A005b"}, "n_answers": 3, "quorum": 0, "calibration": 0, "created": "2016-09-14T15:42:29.893263", "state": "completed", "project_id": 338, "id": 65451, "priority_0": 0.0}, {"info": {"url": "https://farm6.staticflickr.com/5820/22595382099_4a5bcb1221.jpg", "url_m": "https://farm6.staticflickr.com/5820/22595382099_4a5bcb1221_m.jpg", "link": "https://www.flickr.com/photos/25459876@N04/22595382099", "url_b": "https://farm6.staticflickr.com/5820/22595382099_4a5bcb1221_b.jpg", "title": "AB.TC.A.A006a"}, "n_answers": 3, "quorum": 0, "calibration": 0, "created": "2016-09-14T15:42:29.926374", "state": "completed", "project_id": 338, "id": 65452, "priority_0": 0.0}, {"info": {"url": "https://farm6.staticflickr.com/5652/22987575265_5c115ee5b3.jpg", "url_m": "https://farm6.staticflickr.com/5652/22987575265_5c115ee5b3_m.jpg", "link": "https://www.flickr.com/photos/25459876@N04/22987575265", "url_b": "https://farm6.staticflickr.com/5652/22987575265_5c115ee5b3_b.jpg", "title": "AB.TC.A.A006b"}, "n_answers": 3, "quorum": 0, "calibration": 0, "created": "2016-09-14T15:42:29.960158", "state": "completed", "project_id": 338, "id": 65453, "priority_0": 0.0}, {"info": {"url": "https://farm6.staticflickr.com/5637/22569246178_332701a049.jpg", "url_m": "https://farm6.staticflickr.com/5637/22569246178_332701a049_m.jpg", "link": "https://www.flickr.com/photos/25459876@N04/22569246178", "url_b": "https://farm6.staticflickr.com/5637/22569246178_332701a049_b.jpg", "title": "AB.TC.A.A007"}, "n_answers": 3, "quorum": 0, "calibration": 0, "created": "2016-09-14T15:42:29.994310", "state": "completed", "project_id": 338, "id": 65454, "priority_0": 0.0}, {"info": {"url": "https://farm6.staticflickr.com/5717/22366381833_dbbb04cbd6.jpg", "url_m": "https://farm6.staticflickr.com/5717/22366381833_dbbb04cbd6_m.jpg", "link": "https://www.flickr.com/photos/25459876@N04/22366381833", "url_b": "https://farm6.staticflickr.com/5717/22366381833_dbbb04cbd6_b.jpg", "title": "AB.TC.A.A008"}, "n_answers": 3, "quorum": 0, "calibration": 0, "created": "2016-09-14T15:42:30.026125", "state": "completed", "project_id": 338, "id": 65455, "priority_0": 0.0}, {"info": {"url": "https://farm1.staticflickr.com/578/22569200137_b999ddd836.jpg", "url_m": "https://farm1.staticflickr.com/578/22569200137_b999ddd836_m.jpg", "link": "https://www.flickr.com/photos/25459876@N04/22569200137", "url_b": "https://farm1.staticflickr.com/578/22569200137_b999ddd836_b.jpg", "title": "AB.TC.A.A009"}, "n_answers": 3, "quorum": 0, "calibration": 0, "created": "2016-09-14T15:42:30.060074", "state": "completed", "project_id": 338, "id": 65456, "priority_0": 0.0}, {"info": {"url": "https://farm6.staticflickr.com/5676/22987572005_c82d49ff9f.jpg", "url_m": "https://farm6.staticflickr.com/5676/22987572005_c82d49ff9f_m.jpg", "link": "https://www.flickr.com/photos/25459876@N04/22987572005", "url_b": "https://farm6.staticflickr.com/5676/22987572005_c82d49ff9f_b.jpg", "title": "AB.TC.A.A010"}, "n_answers": 3, "quorum": 0, "calibration": 0, "created": "2016-09-14T15:42:30.093390", "state": "completed", "project_id": 338, "id": 65457, "priority_0": 0.0}, {"info": {"url": "https://farm1.staticflickr.com/719/22364804354_119fb18082.jpg", "url_m": "https://farm1.staticflickr.com/719/22364804354_119fb18082_m.jpg", "link": "https://www.flickr.com/photos/25459876@N04/22364804354", "url_b": "https://farm1.staticflickr.com/719/22364804354_119fb18082_b.jpg", "title": "AB.TC.A.A011,A012"}, "n_answers": 3, "quorum": 0, "calibration": 0, "created": "2016-09-14T15:42:30.126766", "state": "completed", "project_id": 338, "id": 65458, "priority_0": 0.0}, {"info": {"url": "https://farm1.staticflickr.com/735/22569242338_67eb0468ed.jpg", "url_m": "https://farm1.staticflickr.com/735/22569242338_67eb0468ed_m.jpg", "link": "https://www.flickr.com/photos/25459876@N04/22569242338", "url_b": "https://farm1.staticflickr.com/735/22569242338_67eb0468ed_b.jpg", "title": "AB.TC.A.A013a"}, "n_answers": 3, "quorum": 0, "calibration": 0, "created": "2016-09-14T15:42:30.160446", "state": "completed", "project_id": 338, "id": 65459, "priority_0": 0.0}, {"info": {"url": "https://farm6.staticflickr.com/5706/22569241518_1ce0d67a21.jpg", "url_m": "https://farm6.staticflickr.com/5706/22569241518_1ce0d67a21_m.jpg", "link": "https://www.flickr.com/photos/25459876@N04/22569241518", "url_b": "https://farm6.staticflickr.com/5706/22569241518_1ce0d67a21_b.jpg", "title": "AB.TC.A.A013b"}, "n_answers": 3, "quorum": 0, "calibration": 0, "created": "2016-09-14T15:42:30.193386", "state": "completed", "project_id": 338, "id": 65460, "priority_0": 0.0}, {"info": {"url": "https://farm1.staticflickr.com/669/22569240958_2d29201d5d.jpg", "url_m": "https://farm1.staticflickr.com/669/22569240958_2d29201d5d_m.jpg", "link": "https://www.flickr.com/photos/25459876@N04/22569240958", "url_b": "https://farm1.staticflickr.com/669/22569240958_2d29201d5d_b.jpg", "title": "AB.TC.A.A013c"}, "n_answers": 3, "quorum": 0, "calibration": 0, "created": "2016-09-14T15:42:30.226803", "state": "completed", "project_id": 338, "id": 65461, "priority_0": 0.0}, {"info": {"url": "https://farm6.staticflickr.com/5624/22595374219_e8964a1de2.jpg", "url_m": "https://farm6.staticflickr.com/5624/22595374219_e8964a1de2_m.jpg", "link": "https://www.flickr.com/photos/25459876@N04/22595374219", "url_b": "https://farm6.staticflickr.com/5624/22595374219_e8964a1de2_b.jpg", "title": "AB.TC.A.A017,A018,A020"}, "n_answers": 3, "quorum": 0, "calibration": 0, "created": "2016-09-14T15:42:30.260605", "state": "completed", "project_id": 338, "id": 65462, "priority_0": 0.0}, {"info": {"url": "https://farm1.staticflickr.com/713/22366375333_363f0de7fa.jpg", "url_m": "https://farm1.staticflickr.com/713/22366375333_363f0de7fa_m.jpg", "link": "https://www.flickr.com/photos/25459876@N04/22366375333", "url_b": "https://farm1.staticflickr.com/713/22366375333_363f0de7fa_b.jpg", "title": "AB.TC.A.A105"}, "n_answers": 3, "quorum": 0, "calibration": 0, "created": "2016-09-14T15:42:30.293265", "state": "completed", "project_id": 338, "id": 65463, "priority_0": 0.0}, {"info": {"url": "https://farm6.staticflickr.com/5669/22998655621_fd16424b81.jpg", "url_m": "https://farm6.staticflickr.com/5669/22998655621_fd16424b81_m.jpg", "link": "https://www.flickr.com/photos/25459876@N04/22998655621", "url_b": "https://farm6.staticflickr.com/5669/22998655621_fd16424b81_b.jpg", "title": "AB.TC.A.A106"}, "n_answers": 3, "quorum": 0, "calibration": 0, "created": "2016-09-14T15:42:30.327421", "state": "completed", "project_id": 338, "id": 65464, "priority_0": 0.0}, {"info": {"url": "https://farm1.staticflickr.com/674/22987565085_5c524cfb04.jpg", "url_m": "https://farm1.staticflickr.com/674/22987565085_5c524cfb04_m.jpg", "link": "https://www.flickr.com/photos/25459876@N04/22987565085", "url_b": "https://farm1.staticflickr.com/674/22987565085_5c524cfb04_b.jpg", "title": "AB.TC.A.A107"}, "n_answers": 3, "quorum": 0, "calibration": 0, "created": "2016-09-14T15:42:30.360873", "state": "completed", "project_id": 338, "id": 65465, "priority_0": 0.0}]