[{"info": {"description": "Shallow burial in shaped wooded unpainted coffin, body supine, head bent slightly to the right. Just below the above burial were found a few bones, four beads, two cowries & a small metal amulet. These belonged to another burial. ", "reverseCard": "reverseCard", "comments": "The card includes a drawing after listing the amulet. The handwriting was difficult to read on one word which appears to be 'cowries'.", "discoveryDate": "Dec. 23rd ", "cardNumber": "Z.1.", "excavatorName": "Umbarrok"}, "user_id": 1187, "task_id": 61112, "created": "2016-03-10T20:16:02.131975", "finish_time": "2016-03-10T20:16:02.131999", "calibration": null, "user_ip": null, "timeout": null, "project_id": 302, "id": 91823}, {"info": {"description": "Rectangular shaft,\n\nIn top  a. Limestone stela\n           b. Cylindrical bl. gl. beads\n           c. Part of bl. gl. bowl\n           d. Two small pottery bowls\n\nSouth chamber\na. Red pottery bowl\nb. Vase stand painted white\nc. Small vase        , v. small\nd.       red ware\ne. Steatopygous female figure\nf. Large shell\n                                              OVER.\n", "reverseCard": "reverseCard", "comments": "This card has drawings of pottery shapes to show type after In top line d, two on South chamber line c for each small vase and v. small, and before South chamber d.  I've attempted to leave gaps in the descriptive text where the drawings appear. ", "discoveryDate": "Dec. 27th", "cardNumber": "Z.1.a.", "excavatorName": "Ahmed 'Aise"}, "user_id": 1187, "task_id": 61113, "created": "2016-03-10T20:34:24.971145", "finish_time": "2016-03-10T20:34:24.971169", "calibration": null, "user_ip": null, "timeout": null, "project_id": 302, "id": 91824}, {"info": {"description": "North Chamber\nBroken box of ?  wood, small.", "reverseCard": "", "comments": "Illegible word in note, marked as a '?' in text. ", "discoveryDate": "", "cardNumber": "", "excavatorName": ""}, "user_id": 1187, "task_id": 61114, "created": "2016-03-10T20:40:25.509419", "finish_time": "2016-03-10T20:40:25.509443", "calibration": null, "user_ip": null, "timeout": null, "project_id": 302, "id": 91825}, {"info": {"description": "Rectangular shaft, N.W - S.E.\nTwo chambers N & S.\n\nIn North chamber\n1. Fragts. of coffin painted stucco *\n2. Gold foil\n3. Two red dishes, one with comb pattern\n4. White spotted dish\n5. Inlaid eye\n6. Alab. vase                65 cm.\n7. Few beads of bl. glaze.\n8. Pear-shaped bead (glazed crystal)\n\nName. \nCf. for title & style of coffin\n(detailed birds etc    )  1910-11  X.3.", "reverseCard": "reverseCard", "comments": "This card has drawings. One shows a pottery shape type on item 6 and the other is hieroglyphics after \"Name.\" at the bottom of the card. This is also a bird drawn at the end of the 'detailed birds' comment at the bottom. ", "discoveryDate": "Dec. 31st.", "cardNumber": "Z.2.a", "excavatorName": "Ahmed 'Aise"}, "user_id": 1187, "task_id": 61116, "created": "2016-03-10T21:01:32.271940", "finish_time": "2016-03-10T21:01:32.271967", "calibration": null, "user_ip": null, "timeout": null, "project_id": 302, "id": 91828}, {"info": {"description": "Ch ? ?  NW\nWooden cof. shaped\n\na. String of blue ?, ? beads\nb. two carnelian beads\nc. lotus bud\nd. Degraded ?\ne. blue beads\nf. shell\n", "reverseCard": "reverseCard", "comments": "Several words and abbreviations difficult to read. All noted as '?' in text.\n", "discoveryDate": "", "cardNumber": "Z6", "excavatorName": "Turba."}, "user_id": 1187, "task_id": 61120, "created": "2016-03-10T21:16:03.504530", "finish_time": "2016-03-10T21:16:03.504554", "calibration": null, "user_ip": null, "timeout": null, "project_id": 302, "id": 91829}, {"info": {"description": "Ext supine wrapped\nrushes  N.E.\n\n     - ", "reverseCard": "reverseCard", "comments": "", "discoveryDate": "", "cardNumber": "Z4", "excavatorName": "Turba"}, "user_id": 1187, "task_id": 61118, "created": "2016-03-10T21:18:30.688561", "finish_time": "2016-03-10T21:18:30.688585", "calibration": null, "user_ip": null, "timeout": null, "project_id": 302, "id": 91830}, {"info": {"description": "Supine Ext female unshaped wooden cof.  N. N.  \nNo finds.\n", "reverseCard": "reverseCard", "comments": "", "discoveryDate": "", "cardNumber": "Z5", "excavatorName": "Turba."}, "user_id": 1187, "task_id": 61119, "created": "2016-03-10T21:20:55.563374", "finish_time": "2016-03-10T21:20:55.563401", "calibration": null, "user_ip": null, "timeout": null, "project_id": 302, "id": 91831}, {"info": {"description": "Shallow burial in shaped wooden unpainted coffin body supine, head bent slightly to the right. Just below the above burial, were found a few bones, four beads, two earrings and a small metal amulet. These belonged to another burial.", "reverseCard": "reverseCard", "comments": "", "discoveryDate": "December 23rd", "cardNumber": "Z.1", "excavatorName": "Umbarrak"}, "user_id": 1, "task_id": 61112, "created": "2016-03-11T09:55:48.032742", "finish_time": "2016-03-11T09:55:48.032766", "calibration": null, "user_ip": null, "timeout": null, "project_id": 302, "id": 91935}, {"info": {"description": "Rectangular shaft. In top a) Limestone stela b) Cylindrical UL. gl. beads c) part of blue glazed bowl d) two small pottery bowls.\nSouth chamber: a) red pottery bowl b) vase stand painted white c) small vase v small d) red ware e) steatopygous female figure f ) large shell ", "reverseCard": "reverseCard", "comments": "Bottom right corner - OVER", "discoveryDate": "December 27th", "cardNumber": "Z1a", "excavatorName": "Ahmed 'Aise"}, "user_id": 1, "task_id": 61113, "created": "2016-03-11T15:47:07.485611", "finish_time": "2016-03-11T15:47:07.485635", "calibration": null, "user_ip": null, "timeout": null, "project_id": 302, "id": 92158}, {"info": {"description": "North chamber: broken box of wa[..] and wood, small.", "reverseCard": "", "comments": "", "discoveryDate": "", "cardNumber": "", "excavatorName": ""}, "user_id": 1, "task_id": 61114, "created": "2016-03-11T15:47:35.197973", "finish_time": "2016-03-11T15:47:35.197997", "calibration": null, "user_ip": null, "timeout": null, "project_id": 302, "id": 92160}, {"info": {"description": "Shallow burial in shaped wooden \nunpainted coffin. body supine, \nhead bent slightly to the right.\njust below the above burial. were \nfound a few vases, four beads,\ntwo earrings and a small metal \namulet. These belong to another burial.", "reverseCard": "reverseCard", "comments": "Drawing of the metal amulet.", "discoveryDate": "Dec 23", "cardNumber": "Z1", "excavatorName": "Um Barrock"}, "user_id": 1032, "task_id": 61112, "created": "2016-03-11T19:40:35.142419", "finish_time": "2016-03-11T19:40:35.142442", "calibration": null, "user_ip": null, "timeout": null, "project_id": 302, "id": 92231}, {"info": {"description": "1. Rectangular shaft\n4. in top a) Limestone stela\nb) cylindrical ?gl.  beads\nc) part of bl. gl. bowl\nd). two small pottery bowls\n9. South chamber\na) red pottery bowl\nb). vase stand painted white\nc.) small vase small\nd) red ware\ne) stratsbygeous ? female figure\nf) large shell     OVER", "reverseCard": "reverseCard", "comments": "Drawings of bowls and vases. Could not make out a few words . List is written on 'catalogue of objects'", "discoveryDate": "Dec 27", "cardNumber": "Z.1.a", "excavatorName": "Ahmed 'luse"}, "user_id": 1032, "task_id": 61113, "created": "2016-03-11T19:51:27.341640", "finish_time": "2016-03-11T19:51:27.341668", "calibration": null, "user_ip": null, "timeout": null, "project_id": 302, "id": 92232}, {"info": {"description": "North chamber \nBroken box of ivory and wood, small", "reverseCard": "", "comments": "", "discoveryDate": "", "cardNumber": "", "excavatorName": ""}, "user_id": 1032, "task_id": 61114, "created": "2016-03-11T19:52:19.435454", "finish_time": "2016-03-11T19:52:19.435480", "calibration": null, "user_ip": null, "timeout": null, "project_id": 302, "id": 92233}, {"info": {"description": "Rectangular shaft, N.W - S.E.\nTwo chambers N & S.\nIn North chamber\n(1) Fragments of coffin painted stuces.\n(2) Gold foil\n(3) Two red dishes, one with comb pattern\n(4) White spotted dish\n(5) Inlaid eye\n(6) Alabaster vase - 65 cm.\n(7) Few beads of bl. glaze\n(8) pear-shaped bead (glazed crystal)\nName. [...]\nCf. for title & style of coffin (detailed birds etc.) 1910-11 X.3.", "reverseCard": "reverseCard", "comments": "", "discoveryDate": "Dec. 31st.", "cardNumber": "", "excavatorName": "Ahmed Gise"}, "user_id": 580, "task_id": 61116, "created": "2016-03-13T15:27:09.866818", "finish_time": "2016-03-13T15:27:09.866842", "calibration": null, "user_ip": null, "timeout": null, "project_id": 302, "id": 92639}, {"info": {"description": "Rectangular shaft, NW-SE. \nTwo chambers N&S.\nIn both chambers\n1) Fragments of coffin painted stucco (*)\n2) Gold foil\n3) Two red dishes, one with comb pattern \n4) White spotted dish\n5) Inlaid eye\n6) Alabaster vase 65 cm\n7) Few beads of blue glaze\n8) Pear shaped bead (glazed crystal)\nName. [Hieroglyphics] \nCf for title and style of coffin (detailed birds etc) 1910 - 11 X3", "reverseCard": "reverseCard", "comments": "", "discoveryDate": "December 31st", "cardNumber": "Z.2.a", "excavatorName": "Ahmed 'Aise"}, "user_id": 1, "task_id": 61116, "created": "2016-03-14T09:49:21.409070", "finish_time": "2016-03-14T09:49:21.409094", "calibration": null, "user_ip": null, "timeout": null, "project_id": 302, "id": 92705}, {"info": {"description": "Mud brick vault N-S\n39 did read 30+ bodies - disturbed\na set ?? amulets scarab rings \nb 6 blue gl", "reverseCard": "reverseCard", "comments": "", "discoveryDate": "", "cardNumber": "z2", "excavatorName": ""}, "user_id": null, "task_id": 61115, "created": "2016-03-15T14:49:52.173736", "finish_time": "2016-03-15T14:49:52.173759", "calibration": null, "user_ip": "31.222.220.3", "timeout": null, "project_id": 302, "id": 93392}, {"info": {"description": "Surface set. Female misshaped wooden coffin. h.n No finds", "reverseCard": "reverseCard", "comments": "", "discoveryDate": "", "cardNumber": "Z5", "excavatorName": "Turba"}, "user_id": 1, "task_id": 61119, "created": "2016-03-16T10:16:45.268877", "finish_time": "2016-03-16T10:16:45.268900", "calibration": null, "user_ip": null, "timeout": null, "project_id": 302, "id": 93664}, {"info": {"description": "Disturbed", "reverseCard": "reverseCard", "comments": "", "discoveryDate": "", "cardNumber": "Z11", "excavatorName": "Turba"}, "user_id": 1, "task_id": 61123, "created": "2016-03-16T10:17:40.196697", "finish_time": "2016-03-16T10:17:40.196721", "calibration": null, "user_ip": null, "timeout": null, "project_id": 302, "id": 93665}, {"info": {"description": "Mud brick vault N - S\n3 Female bodies - disturbed -\na. Jet breast amulet - scab wings & 4 genii.\nb. 6 blue gl. [...].\nc. 1 wooden eye.\nd. Green stone Bess.\ne. Hedge hog.\nf. green glaze horns.\ng. 6 cowes.\nh. one long barrel bead, blue gl.\nk. four large one small spherical blue glaze beads.\nl. sporae shell.\nm. bronze or copper ring.\nn. two degenerate eyes?", "reverseCard": "reverseCard", "comments": "", "discoveryDate": "", "cardNumber": "Z 2", "excavatorName": "Serkan"}, "user_id": 580, "task_id": 61115, "created": "2016-03-16T10:57:16.854132", "finish_time": "2016-03-16T10:57:16.854156", "calibration": null, "user_ip": null, "timeout": null, "project_id": 302, "id": 93666}, {"info": {"description": "[...] Ext. no coffin. Br E. necklace of beads & amulets - glaze:\na. 3 blue frgs; b. 1 White hand; c. 2 blue [...]; d. 4 blue Eyes; e. 5 Menats (blue); f. 1 White menat; 1 Swallow tail; h. 5 Spherical beads in blue & red glaze; k. 1 blue glaze tubular bead; & other small amulets.", "reverseCard": "reverseCard", "comments": "", "discoveryDate": "", "cardNumber": "Z 3", "excavatorName": "Turba"}, "user_id": 580, "task_id": 61117, "created": "2016-03-16T16:19:02.953911", "finish_time": "2016-03-16T16:19:02.953934", "calibration": null, "user_ip": null, "timeout": null, "project_id": 302, "id": 93786}, {"info": {"description": "Ext supine wrapped - rushes N. E.", "reverseCard": "", "comments": "", "discoveryDate": "", "cardNumber": "Z 4", "excavatorName": "Turba"}, "user_id": 580, "task_id": 61118, "created": "2016-03-16T16:19:49.857463", "finish_time": "2016-03-16T16:19:49.857486", "calibration": null, "user_ip": null, "timeout": null, "project_id": 302, "id": 93787}, {"info": {"description": "Supine Ect female unshaped wooden cof.  N. n.  no finds.", "reverseCard": "reverseCard", "comments": "", "discoveryDate": "", "cardNumber": "Z 5", "excavatorName": "Turba"}, "user_id": 580, "task_id": 61119, "created": "2016-03-17T10:56:59.844375", "finish_time": "2016-03-17T10:56:59.844399", "calibration": null, "user_ip": null, "timeout": null, "project_id": 302, "id": 93903}, {"info": {"description": "Ch sup ext. n m wooden cof. shaped.\na) String of blue discoid beads.\nb) two carnelian beads.\nc) Lotus bud.\nd) Degraded eye\ne) blue beads\nf) shell", "reverseCard": "", "comments": "", "discoveryDate": "", "cardNumber": "Z 6", "excavatorName": "Turba"}, "user_id": 580, "task_id": 61120, "created": "2016-03-17T11:00:48.695008", "finish_time": "2016-03-17T11:00:48.695031", "calibration": null, "user_ip": null, "timeout": null, "project_id": 302, "id": 93904}, {"info": {"description": "Supine ext unshaped cof. head n.\nabout the neck.\nA) Cowry.\nB) 3 Eyes 2 of them degraded Multiple eyes.", "reverseCard": "", "comments": "", "discoveryDate": "", "cardNumber": "Z 8", "excavatorName": "Turba"}, "user_id": 580, "task_id": 61121, "created": "2016-03-17T11:05:54.745553", "finish_time": "2016-03-17T11:05:54.745578", "calibration": null, "user_ip": null, "timeout": null, "project_id": 302, "id": 93905}, {"info": {"description": "Shaped wooden coffin. N at 40\u00b0.\nIn it remains of 4 bodies - only 3 skulls - one femur missing. Three ch. & one adult. On body intact or 2 side in west port of coffin. Head w. one body intact down to end of ribs further down [...] coffin. part heaped up at E end of coffin.", "reverseCard": "", "comments": "", "discoveryDate": "", "cardNumber": "Z 10", "excavatorName": ""}, "user_id": 580, "task_id": 61122, "created": "2016-03-17T11:10:34.312646", "finish_time": "2016-03-17T11:10:34.312671", "calibration": null, "user_ip": null, "timeout": null, "project_id": 302, "id": 93906}, {"info": {"description": "Disturbed.", "reverseCard": "", "comments": "", "discoveryDate": "", "cardNumber": "Z 11", "excavatorName": "Turba"}, "user_id": 580, "task_id": 61123, "created": "2016-03-17T11:10:53.246708", "finish_time": "2016-03-17T11:10:53.246731", "calibration": null, "user_ip": null, "timeout": null, "project_id": 302, "id": 93907}, {"info": {"description": "Ch supine ext no finds.\nN. south.\nin shaped wooden cof.", "reverseCard": "", "comments": "", "discoveryDate": "", "cardNumber": "Z 12", "excavatorName": "Turba"}, "user_id": 580, "task_id": 61124, "created": "2016-03-17T11:11:45.657666", "finish_time": "2016-03-17T11:11:45.657689", "calibration": null, "user_ip": null, "timeout": null, "project_id": 302, "id": 93908}, {"info": {"description": "Supine set. head n. in shaped wooden cof. no finds.", "reverseCard": "", "comments": "", "discoveryDate": "", "cardNumber": "Z 13", "excavatorName": "Turba"}, "user_id": 580, "task_id": 61125, "created": "2016-03-17T11:12:33.914764", "finish_time": "2016-03-17T11:12:33.914787", "calibration": null, "user_ip": null, "timeout": null, "project_id": 302, "id": 93909}, {"info": {"description": "Similar vault. Plundered.\nBeads.\na) Bl. gl. cylind.\nb) Bl. red & yell. small discoid.\nc) Large light bl. gl. spherical.", "reverseCard": "reverseCard", "comments": "", "discoveryDate": "", "cardNumber": "Z 15", "excavatorName": ""}, "user_id": 580, "task_id": 61127, "created": "2016-03-17T14:23:08.270272", "finish_time": "2016-03-17T14:23:08.270295", "calibration": null, "user_ip": null, "timeout": null, "project_id": 302, "id": 94000}, {"info": {"description": "Late dyn. vault E & W.\nShaft E.\nBarred vault circular dome above. prof/ [...] pyramidal outside.\nPlundered. masses of beads.\na) long gl. bl. bl. gl.\nb) Small discoid. bl. gl. red gl. yell. gl.\nat S.E. corner of vault. \na box of shub. 38 x 23 cm.\nShattis small of yellow clay painted blue. Poor made.\nThis [...] & drum.\nSee plan.", "reverseCard": "reverseCard", "comments": "", "discoveryDate": "", "cardNumber": "Z 14", "excavatorName": ""}, "user_id": 580, "task_id": 61126, "created": "2016-03-17T15:28:15.172580", "finish_time": "2016-03-17T15:28:15.172604", "calibration": null, "user_ip": null, "timeout": null, "project_id": 302, "id": 94020}, {"info": {"description": "Body in rounded coffin.\nNear S.W. sup set.\nLarge vase at head opening to S.E. lying on its side.\nMud sealing intact. ", "reverseCard": "", "comments": "", "discoveryDate": "", "cardNumber": "Z 15a", "excavatorName": "Sihan"}, "user_id": 580, "task_id": 61128, "created": "2016-03-17T15:31:29.747738", "finish_time": "2016-03-17T15:31:29.747763", "calibration": null, "user_ip": null, "timeout": null, "project_id": 302, "id": 94023}, {"info": {"description": "South Temple.\n1. Coptic stela.", "reverseCard": "", "comments": "", "discoveryDate": "", "cardNumber": "", "excavatorName": ""}, "user_id": 580, "task_id": 61129, "created": "2016-03-17T15:32:01.485676", "finish_time": "2016-03-17T15:32:01.485699", "calibration": null, "user_ip": null, "timeout": null, "project_id": 302, "id": 94024}, {"info": {"description": "The Coptic stela formed the base of a small niche let into the wall with three red bricks. The ankh side was underneath. Bottom of ledge to floor 49\".\n4'.0 beyond in the sand at some 3'.0 from the floor was half of a stone from a sixteen sided column with the upper part of a cartouche.", "reverseCard": "", "comments": "", "discoveryDate": "", "cardNumber": "", "excavatorName": ""}, "user_id": 580, "task_id": 61130, "created": "2016-03-17T15:40:49.395212", "finish_time": "2016-03-17T15:40:49.395236", "calibration": null, "user_ip": null, "timeout": null, "project_id": 302, "id": 94029}, {"info": {"description": "Mud brick vault N-s 3 female bodies - disturbed. a. set breast [amts] scab wings + 4 [gerai]; b. 6 blue gl. [Eyes]; c. 1 wooden [Ege]; d. green [flaic] Bess; e. [Nedge hop]; f. Green glaze horus; g. 6 [corres.]; h. one lay barrell bead, blue gl.; k. four large one small spherical blue glaze bead.; l. spiral shell; m. bronze or copper ring; n. [lino daquerate] Eyes?", "reverseCard": "reverseCard", "comments": "", "discoveryDate": "", "cardNumber": "Z 2", "excavatorName": "Sirhan"}, "user_id": 433, "task_id": 61115, "created": "2016-03-22T00:20:02.118243", "finish_time": "2016-03-22T00:20:02.118270", "calibration": null, "user_ip": null, "timeout": null, "project_id": 302, "id": 94814}, {"info": {"description": "Sufrin Ext. no coffin. N.E. necklace of beads + amulets, r glaze. a. 3 blue frgs; b. 1 white hand; c. 2 blue heads; d. 4 blue eyes; e. 5 Menats (blue); f. 1 white menat; g. 1 swallow tail; h. 5 spherical beads in blue + red glaze; k. 1 blue glaze tubular bead + other small amulets.", "reverseCard": "", "comments": "", "discoveryDate": "", "cardNumber": "Z 3", "excavatorName": "Jurba"}, "user_id": 433, "task_id": 61117, "created": "2016-03-22T00:24:16.514715", "finish_time": "2016-03-22T00:24:16.514739", "calibration": null, "user_ip": null, "timeout": null, "project_id": 302, "id": 94815}, {"info": {"description": "Ext. Suprina wrapped in rushes N. E.", "reverseCard": "", "comments": "", "discoveryDate": "", "cardNumber": "Z 4", "excavatorName": "Jurba"}, "user_id": 433, "task_id": 61118, "created": "2016-03-22T00:25:02.041958", "finish_time": "2016-03-22T00:25:02.041984", "calibration": null, "user_ip": null, "timeout": null, "project_id": 302, "id": 94816}, {"info": {"description": "On suk ext. h nr. wooden caf. shaped. a) string of blue [als], cord beads; b. two carnelian beads; c. lotus bud; d. degraded eye; e. blue beads; f. shell", "reverseCard": "", "comments": "", "discoveryDate": "", "cardNumber": "Z 6", "excavatorName": "Turba"}, "user_id": 433, "task_id": 61120, "created": "2016-03-22T00:26:47.196894", "finish_time": "2016-03-22T00:26:47.196918", "calibration": null, "user_ip": null, "timeout": null, "project_id": 302, "id": 94817}, {"info": {"description": "Supina ext. ...shaped top head n, about the neck: a) Cowrey; b) 3 eyes 2 of them degraded multiple eyes.", "reverseCard": "", "comments": "", "discoveryDate": "", "cardNumber": "Z8", "excavatorName": "Turba"}, "user_id": 433, "task_id": 61121, "created": "2016-03-22T00:28:30.237611", "finish_time": "2016-03-22T00:28:30.237637", "calibration": null, "user_ip": null, "timeout": null, "project_id": 302, "id": 94818}, {"info": {"description": "Shaped wooden coffin N at 40*. In it remains of 4 bodies - only 3 skulls - on femur missing. Three ch. + one adult. One body in tact or 2 side in west part of coffin. [heath?] One body intact down to end of ribs further down in coffin. Rest heaped up at E end of coffin.", "reverseCard": "reverseCard", "comments": "", "discoveryDate": "", "cardNumber": "Z 10", "excavatorName": ""}, "user_id": 433, "task_id": 61122, "created": "2016-03-22T11:31:13.248105", "finish_time": "2016-03-22T11:31:13.248132", "calibration": null, "user_ip": null, "timeout": null, "project_id": 302, "id": 94847}, {"info": {"description": "Disturbed.", "reverseCard": "", "comments": "", "discoveryDate": "", "cardNumber": "Z 11", "excavatorName": "Turba"}, "user_id": 433, "task_id": 61123, "created": "2016-03-22T11:31:31.671717", "finish_time": "2016-03-22T11:31:31.671746", "calibration": null, "user_ip": null, "timeout": null, "project_id": 302, "id": 94849}, {"info": {"description": "Ch. surface [let no finds?]. h. south. in shaped wooden cof.", "reverseCard": "", "comments": "", "discoveryDate": "", "cardNumber": "Z 12", "excavatorName": "Turba"}, "user_id": 433, "task_id": 61124, "created": "2016-03-22T11:33:24.531122", "finish_time": "2016-03-22T11:33:24.531146", "calibration": null, "user_ip": null, "timeout": null, "project_id": 302, "id": 94850}, {"info": {"description": "Surface bet. head n. In shaped wooden cof. No finds.", "reverseCard": "", "comments": "", "discoveryDate": "", "cardNumber": "Z 13", "excavatorName": "Turba"}, "user_id": 433, "task_id": 61125, "created": "2016-03-22T11:37:14.155139", "finish_time": "2016-03-22T11:37:14.155160", "calibration": null, "user_ip": null, "timeout": null, "project_id": 302, "id": 94851}, {"info": {"description": "Late dyn. [rantt] E + W. Shaft to E. Basalt vault circular & one above - prob. just pyramidal outside. Plundered - masses of beads. a) long gl. bl. gl; b) small dislord - bl. gl. red gl. + bck. gl. At S.E. corner of vault a [bag?] of [sherb] 38 x 23 cm. Shabtis small of [Dekon] clay painted blue. Poor made. This measured + drum. See plan.", "reverseCard": "", "comments": "", "discoveryDate": "", "cardNumber": "Z 14", "excavatorName": ""}, "user_id": 433, "task_id": 61126, "created": "2016-03-22T11:40:46.828362", "finish_time": "2016-03-22T11:40:46.828386", "calibration": null, "user_ip": null, "timeout": null, "project_id": 302, "id": 94853}, {"info": {"description": "Similar vault. Plundered. Beads. a) Bl. gl. cylind.; b) Bl. red + yell. small discord; c) Large light bl. gl. spherical", "reverseCard": "", "comments": "", "discoveryDate": "", "cardNumber": "Z 15", "excavatorName": ""}, "user_id": 433, "task_id": 61127, "created": "2016-03-22T11:41:47.040860", "finish_time": "2016-03-22T11:41:47.040886", "calibration": null, "user_ip": null, "timeout": null, "project_id": 302, "id": 94854}, {"info": {"description": "Body in rounded coffin. Head sur. sup. bet. Large rose at head opening to S.S. lying on its side. Mud sealing intact.", "reverseCard": "", "comments": "", "discoveryDate": "", "cardNumber": "Z 15a", "excavatorName": "Lihan"}, "user_id": 433, "task_id": 61128, "created": "2016-03-22T11:43:09.578961", "finish_time": "2016-03-22T11:43:09.578985", "calibration": null, "user_ip": null, "timeout": null, "project_id": 302, "id": 94856}, {"info": {"description": "South Temple. 1. Coptic Stela", "reverseCard": "", "comments": "", "discoveryDate": "", "cardNumber": "", "excavatorName": ""}, "user_id": 433, "task_id": 61129, "created": "2016-03-22T11:43:52.096909", "finish_time": "2016-03-22T11:43:52.096931", "calibration": null, "user_ip": null, "timeout": null, "project_id": 302, "id": 94857}, {"info": {"description": "The Coptic stela formed the base of a small niche let into the wall with three red bricks. the ankh side was underneath. Bottom of ledge to ofton 49\". 4.0' beyond in the sand at some 3'.0 from the floor was half of a stone from a sixteen sided column with the upper part of a cartouche.", "reverseCard": "", "comments": "", "discoveryDate": "", "cardNumber": "", "excavatorName": ""}, "user_id": 433, "task_id": 61130, "created": "2016-03-22T11:45:50.218137", "finish_time": "2016-03-22T11:45:50.218159", "calibration": null, "user_ip": null, "timeout": null, "project_id": 302, "id": 94858}, {"info": {"description": "Supin (?) Expt. no coffer\nsi \u00a3\nmock face of bears & amulets\nriglge\na. 3 blue frogs\nB. 1 White hand\nC. 2 blue ravens (?)\nD. 4 blue Eggs\nE. 5 Merr (?) a+3 (blue)\nf. 1 White men_ail (?) \ng. 1 Smaller (?) Tail\nh. 5 Spherical beads in\nblue & red glaze.\nK 1 blue glaze fibula (?) bead\n& other small amulets.", "reverseCard": "reverseCard", "comments": "Some of the words are hard to decipher. I have indicated guesses at transcription with (?)", "discoveryDate": "", "cardNumber": "Z3", "excavatorName": "Turba"}, "user_id": 1215, "task_id": 61117, "created": "2016-03-25T09:42:49.295776", "finish_time": "2016-03-25T09:42:49.295800", "calibration": null, "user_ip": null, "timeout": null, "project_id": 302, "id": 95058}, {"info": {"description": "South (?) Ept hand shaped \ncup head n_\nabove the neck \nA) Corner , \nB) 3 Eggs   2 of them \ndegraded mouth pce (?) Eggs- ", "reverseCard": "", "comments": "Some of the words are hard to decipher. I have indicated transcription guesses with (?)", "discoveryDate": "", "cardNumber": "Z8", "excavatorName": "Turba"}, "user_id": 1215, "task_id": 61121, "created": "2016-03-25T09:46:35.996076", "finish_time": "2016-03-25T09:46:35.996103", "calibration": null, "user_ip": null, "timeout": null, "project_id": 302, "id": 95060}, {"info": {"description": "Shaped wooden coffin. h at 40\u00b0\nIn it remains of 4 bodies - \nonly 3 Skulls- one femur missing\nthree Ch. & one adult. One (?) bones \nintact on 2 side in West\npart of coffin. head W.\none born intact aower & (b ?) End\nof ribs pasted (?) down in coffin\nrest headed up at E End of \nCoffin. \n\n<Situational drawing of the position of the bodies in the coffin>\n", "reverseCard": "", "comments": "Some of the words are hard to decipher. I have indicated transcription guesses with (?)", "discoveryDate": "", "cardNumber": "Z10", "excavatorName": ""}, "user_id": 1215, "task_id": 61122, "created": "2016-03-25T09:54:20.198127", "finish_time": "2016-03-25T09:54:20.198151", "calibration": null, "user_ip": null, "timeout": null, "project_id": 302, "id": 95063}, {"info": {"description": "Ch supine Left no finds \nh. south\nin Shaped wooden (?) cup.", "reverseCard": "", "comments": "1 word difficult to decipher. I have indicated my transcription guess with (?)", "discoveryDate": "", "cardNumber": "Z12", "excavatorName": "Turba"}, "user_id": 1215, "task_id": 61124, "created": "2016-03-25T09:56:46.473263", "finish_time": "2016-03-25T09:56:46.473289", "calibration": null, "user_ip": null, "timeout": null, "project_id": 302, "id": 95064}, {"info": {"description": "Supine left. head n_\nurn (?) shaped wooden cup.\nno finds. ", "reverseCard": "reverseCard", "comments": "One word was difficult to read and transcribe. I have indicated my guess with (?).", "discoveryDate": "", "cardNumber": "Z13", "excavatorName": "Turba"}, "user_id": 1215, "task_id": 61125, "created": "2016-03-25T12:51:44.406619", "finish_time": "2016-03-25T12:51:44.406643", "calibration": null, "user_ip": null, "timeout": null, "project_id": 302, "id": 95077}, {"info": {"description": "", "reverseCard": "", "comments": "", "discoveryDate": "", "cardNumber": "Z1", "excavatorName": ""}, "user_id": 1215, "task_id": 61126, "created": "2016-03-25T12:51:55.363417", "finish_time": "2016-03-25T12:51:55.363441", "calibration": null, "user_ip": null, "timeout": null, "project_id": 302, "id": 95078}, {"info": {"description": "Similar vault\n           Plundered\n        Beads\n\na) Blue (?) cylind _\nB) Bl&Red&yell    small discord\nc) Large ya (? or yel) bl gl (?) Spherical", "reverseCard": "", "comments": "Some words difficult to decipher and transcribe. I have indicated my guesses with (?)", "discoveryDate": "", "cardNumber": "Z15", "excavatorName": ""}, "user_id": 1215, "task_id": 61127, "created": "2016-03-25T12:56:32.867818", "finish_time": "2016-03-25T12:56:32.867842", "calibration": null, "user_ip": null, "timeout": null, "project_id": 302, "id": 95079}, {"info": {"description": "Body in a wooden coffin. \nhead Sw. sup. left\nLarge rose (?) at head open(ing ?)\nto S.E lying on its side.\n  mud sealing intact. ", "reverseCard": "", "comments": "Some words difficult to decipher and transcribe. I have indicated my guesses with (?).", "discoveryDate": "", "cardNumber": "Z15a", "excavatorName": "Sihan"}, "user_id": 1215, "task_id": 61128, "created": "2016-03-25T12:59:13.297048", "finish_time": "2016-03-25T12:59:13.297071", "calibration": null, "user_ip": null, "timeout": null, "project_id": 302, "id": 95080}, {"info": {"description": "Abydos 1908-1909 E.E Fund. \n   - South Temple.\n\nCatalogue of Objects\n\n1. Coptic Stela.", "reverseCard": "", "comments": "", "discoveryDate": "", "cardNumber": "", "excavatorName": ""}, "user_id": 1215, "task_id": 61129, "created": "2016-03-25T13:00:52.365103", "finish_time": "2016-03-25T13:00:52.365127", "calibration": null, "user_ip": null, "timeout": null, "project_id": 302, "id": 95081}, {"info": {"description": "(Hand-drawn side view of excavation and technical drawing of the site)\n\nThe Coptic stele formed the plane of a remote niche. \nlet with the will three red bricks.\nthe anh (ink blot) red was underneath. Bottom of ledge\nto often 49 (44 ?) \"\n4'.0 beyond in the sand at some 3'.0 frill \nthe floor was & (?) hay (scribble, perhaps hieroglyph ?) a stone from \na sixteen sed (?) (scribble , perhaps hieroglyph ?) column with the upper \npart of a cartouche (hand drawing of the upper part of the cartouche)", "reverseCard": "", "comments": "Some words and numbers difficult to transcribe. I have indicated my guesses with (?).", "discoveryDate": "", "cardNumber": "", "excavatorName": ""}, "user_id": 1215, "task_id": 61130, "created": "2016-03-25T13:08:52.421045", "finish_time": "2016-03-25T13:08:52.421068", "calibration": null, "user_ip": null, "timeout": null, "project_id": 302, "id": 95082}]