[{"info": {"url": "https://farm6.staticflickr.com/5685/23036861906_473421c78c.jpg", "url_m": "https://farm6.staticflickr.com/5685/23036861906_473421c78c_m.jpg", "link": "https://www.flickr.com/photos/25459876@N04/23036861906", "url_b": "https://farm6.staticflickr.com/5685/23036861906_473421c78c_b.jpg", "title": "AB.TC.W.01"}, "n_answers": 2, "quorum": 0, "calibration": 0, "created": "2016-05-12T22:14:19.679868", "state": "completed", "project_id": 311, "id": 62039, "priority_0": 0.0}, {"info": {"url": "https://farm6.staticflickr.com/5791/23062900955_9b193e693f.jpg", "url_m": "https://farm6.staticflickr.com/5791/23062900955_9b193e693f_m.jpg", "link": "https://www.flickr.com/photos/25459876@N04/23062900955", "url_b": "https://farm6.staticflickr.com/5791/23062900955_9b193e693f_b.jpg", "title": "AB.TC.W.02a"}, "n_answers": 2, "quorum": 0, "calibration": 0, "created": "2016-05-12T22:14:19.725696", "state": "completed", "project_id": 311, "id": 62040, "priority_0": 0.0}, {"info": {"url": "https://farm1.staticflickr.com/679/23036861186_2c6f875d3d.jpg", "url_m": "https://farm1.staticflickr.com/679/23036861186_2c6f875d3d_m.jpg", "link": "https://www.flickr.com/photos/25459876@N04/23036861186", "url_b": "https://farm1.staticflickr.com/679/23036861186_2c6f875d3d_b.jpg", "title": "AB.TC.W.02b"}, "n_answers": 2, "quorum": 0, "calibration": 0, "created": "2016-05-12T22:14:19.757167", "state": "completed", "project_id": 311, "id": 62041, "priority_0": 0.0}, {"info": {"url": "https://farm1.staticflickr.com/774/22670624199_c0c4c116dc.jpg", "url_m": "https://farm1.staticflickr.com/774/22670624199_c0c4c116dc_m.jpg", "link": "https://www.flickr.com/photos/25459876@N04/22670624199", "url_b": "https://farm1.staticflickr.com/774/22670624199_c0c4c116dc_b.jpg", "title": "AB.TC.W.03a"}, "n_answers": 2, "quorum": 0, "calibration": 0, "created": "2016-05-12T22:14:19.790221", "state": "completed", "project_id": 311, "id": 62042, "priority_0": 0.0}, {"info": {"url": "https://farm6.staticflickr.com/5715/22644493948_631f77c05e.jpg", "url_m": "https://farm6.staticflickr.com/5715/22644493948_631f77c05e_m.jpg", "link": "https://www.flickr.com/photos/25459876@N04/22644493948", "url_b": "https://farm6.staticflickr.com/5715/22644493948_631f77c05e_b.jpg", "title": "AB.TC.W.03b"}, "n_answers": 2, "quorum": 0, "calibration": 0, "created": "2016-05-12T22:14:19.824253", "state": "completed", "project_id": 311, "id": 62043, "priority_0": 0.0}, {"info": {"url": "https://farm6.staticflickr.com/5655/23074071811_1e96500684.jpg", "url_m": "https://farm6.staticflickr.com/5655/23074071811_1e96500684_m.jpg", "link": "https://www.flickr.com/photos/25459876@N04/23074071811", "url_b": "https://farm6.staticflickr.com/5655/23074071811_1e96500684_b.jpg", "title": "AB.TC.W.04"}, "n_answers": 2, "quorum": 0, "calibration": 0, "created": "2016-05-12T22:14:19.857218", "state": "completed", "project_id": 311, "id": 62044, "priority_0": 0.0}, {"info": {"url": "https://farm1.staticflickr.com/661/22670618509_9dc4fac9bd.jpg", "url_m": "https://farm1.staticflickr.com/661/22670618509_9dc4fac9bd_m.jpg", "link": "https://www.flickr.com/photos/25459876@N04/22670618509", "url_b": "https://farm1.staticflickr.com/661/22670618509_9dc4fac9bd_b.jpg", "title": "AB.TC.W.05"}, "n_answers": 2, "quorum": 0, "calibration": 0, "created": "2016-05-12T22:14:19.890976", "state": "completed", "project_id": 311, "id": 62045, "priority_0": 0.0}, {"info": {"url": "https://farm1.staticflickr.com/601/22670623299_31e620cff0.jpg", "url_m": "https://farm1.staticflickr.com/601/22670623299_31e620cff0_m.jpg", "link": "https://www.flickr.com/photos/25459876@N04/22670623299", "url_b": "https://farm1.staticflickr.com/601/22670623299_31e620cff0_b.jpg", "title": "AB.TC.W.06"}, "n_answers": 2, "quorum": 0, "calibration": 0, "created": "2016-05-12T22:14:19.923491", "state": "completed", "project_id": 311, "id": 62046, "priority_0": 0.0}, {"info": {"url": "https://farm1.staticflickr.com/665/23074071111_afff6ea99c.jpg", "url_m": "https://farm1.staticflickr.com/665/23074071111_afff6ea99c_m.jpg", "link": "https://www.flickr.com/photos/25459876@N04/23074071111", "url_b": "https://farm1.staticflickr.com/665/23074071111_afff6ea99c_b.jpg", "title": "AB.TC.W.07"}, "n_answers": 2, "quorum": 0, "calibration": 0, "created": "2016-05-12T22:14:19.956719", "state": "completed", "project_id": 311, "id": 62047, "priority_0": 0.0}, {"info": {"url": "https://farm6.staticflickr.com/5728/22441693943_b95b34fbb0.jpg", "url_m": "https://farm6.staticflickr.com/5728/22441693943_b95b34fbb0_m.jpg", "link": "https://www.flickr.com/photos/25459876@N04/22441693943", "url_b": "https://farm6.staticflickr.com/5728/22441693943_b95b34fbb0_b.jpg", "title": "AB.TC.W.08"}, "n_answers": 2, "quorum": 0, "calibration": 0, "created": "2016-05-12T22:14:19.989782", "state": "completed", "project_id": 311, "id": 62048, "priority_0": 0.0}, {"info": {"url": "https://farm6.staticflickr.com/5780/22441693723_87de414c24.jpg", "url_m": "https://farm6.staticflickr.com/5780/22441693723_87de414c24_m.jpg", "link": "https://www.flickr.com/photos/25459876@N04/22441693723", "url_b": "https://farm6.staticflickr.com/5780/22441693723_87de414c24_b.jpg", "title": "AB.TC.W.09"}, "n_answers": 2, "quorum": 0, "calibration": 0, "created": "2016-05-12T22:14:20.023866", "state": "completed", "project_id": 311, "id": 62049, "priority_0": 0.0}, {"info": {"url": "https://farm1.staticflickr.com/631/23062898255_fc83b9c448.jpg", "url_m": "https://farm1.staticflickr.com/631/23062898255_fc83b9c448_m.jpg", "link": "https://www.flickr.com/photos/25459876@N04/23062898255", "url_b": "https://farm1.staticflickr.com/631/23062898255_fc83b9c448_b.jpg", "title": "AB.TC.W.10"}, "n_answers": 2, "quorum": 0, "calibration": 0, "created": "2016-05-12T22:14:20.056546", "state": "completed", "project_id": 311, "id": 62050, "priority_0": 0.0}, {"info": {"url": "https://farm1.staticflickr.com/594/22441693263_eed4e49a3f.jpg", "url_m": "https://farm1.staticflickr.com/594/22441693263_eed4e49a3f_m.jpg", "link": "https://www.flickr.com/photos/25459876@N04/22441693263", "url_b": "https://farm1.staticflickr.com/594/22441693263_eed4e49a3f_b.jpg", "title": "AB.TC.W.11a"}, "n_answers": 2, "quorum": 0, "calibration": 0, "created": "2016-05-12T22:14:20.089633", "state": "completed", "project_id": 311, "id": 62051, "priority_0": 0.0}, {"info": {"url": "https://farm6.staticflickr.com/5774/22440118994_f1b75bd2a7.jpg", "url_m": "https://farm6.staticflickr.com/5774/22440118994_f1b75bd2a7_m.jpg", "link": "https://www.flickr.com/photos/25459876@N04/22440118994", "url_b": "https://farm6.staticflickr.com/5774/22440118994_f1b75bd2a7_b.jpg", "title": "AB.TC.W.11b"}, "n_answers": 2, "quorum": 0, "calibration": 0, "created": "2016-05-12T22:14:20.123821", "state": "completed", "project_id": 311, "id": 62052, "priority_0": 0.0}, {"info": {"url": "https://farm1.staticflickr.com/762/23049303112_6b78e13fd3.jpg", "url_m": "https://farm1.staticflickr.com/762/23049303112_6b78e13fd3_m.jpg", "link": "https://www.flickr.com/photos/25459876@N04/23049303112", "url_b": "https://farm1.staticflickr.com/762/23049303112_6b78e13fd3_b.jpg", "title": "AB.TC.W.12"}, "n_answers": 2, "quorum": 0, "calibration": 0, "created": "2016-05-12T22:14:20.156590", "state": "completed", "project_id": 311, "id": 62053, "priority_0": 0.0}, {"info": {"url": "https://farm6.staticflickr.com/5752/22441692373_d83d1ed3a4.jpg", "url_m": "https://farm6.staticflickr.com/5752/22441692373_d83d1ed3a4_m.jpg", "link": "https://www.flickr.com/photos/25459876@N04/22441692373", "url_b": "https://farm6.staticflickr.com/5752/22441692373_d83d1ed3a4_b.jpg", "title": "AB.TC.W.13"}, "n_answers": 2, "quorum": 0, "calibration": 0, "created": "2016-05-12T22:14:20.189927", "state": "completed", "project_id": 311, "id": 62054, "priority_0": 0.0}, {"info": {"url": "https://farm6.staticflickr.com/5682/23074069021_108d87d117.jpg", "url_m": "https://farm6.staticflickr.com/5682/23074069021_108d87d117_m.jpg", "link": "https://www.flickr.com/photos/25459876@N04/23074069021", "url_b": "https://farm6.staticflickr.com/5682/23074069021_108d87d117_b.jpg", "title": "AB.TC.W.14"}, "n_answers": 2, "quorum": 0, "calibration": 0, "created": "2016-05-12T22:14:20.223268", "state": "completed", "project_id": 311, "id": 62055, "priority_0": 0.0}, {"info": {"url": "https://farm6.staticflickr.com/5697/22441691903_4162f19d29.jpg", "url_m": "https://farm6.staticflickr.com/5697/22441691903_4162f19d29_m.jpg", "link": "https://www.flickr.com/photos/25459876@N04/22441691903", "url_b": "https://farm6.staticflickr.com/5697/22441691903_4162f19d29_b.jpg", "title": "AB.TC.W.15"}, "n_answers": 2, "quorum": 0, "calibration": 0, "created": "2016-05-12T22:14:20.256338", "state": "completed", "project_id": 311, "id": 62056, "priority_0": 0.0}, {"info": {"url": "https://farm6.staticflickr.com/5760/22440115154_bda385f57b.jpg", "url_m": "https://farm6.staticflickr.com/5760/22440115154_bda385f57b_m.jpg", "link": "https://www.flickr.com/photos/25459876@N04/22440115154", "url_b": "https://farm6.staticflickr.com/5760/22440115154_bda385f57b_b.jpg", "title": "AB.TC.W.16"}, "n_answers": 2, "quorum": 0, "calibration": 0, "created": "2016-05-12T22:14:20.289633", "state": "completed", "project_id": 311, "id": 62057, "priority_0": 0.0}, {"info": {"url": "https://farm6.staticflickr.com/5702/22644548047_e205f6f48f.jpg", "url_m": "https://farm6.staticflickr.com/5702/22644548047_e205f6f48f_m.jpg", "link": "https://www.flickr.com/photos/25459876@N04/22644548047", "url_b": "https://farm6.staticflickr.com/5702/22644548047_e205f6f48f_b.jpg", "title": "AB.TC.W.17"}, "n_answers": 2, "quorum": 0, "calibration": 0, "created": "2016-05-12T22:14:20.322776", "state": "completed", "project_id": 311, "id": 62058, "priority_0": 0.0}, {"info": {"url": "https://farm1.staticflickr.com/674/22644490458_0a484d44a6.jpg", "url_m": "https://farm1.staticflickr.com/674/22644490458_0a484d44a6_m.jpg", "link": "https://www.flickr.com/photos/25459876@N04/22644490458", "url_b": "https://farm1.staticflickr.com/674/22644490458_0a484d44a6_b.jpg", "title": "AB.TC.W.18"}, "n_answers": 2, "quorum": 0, "calibration": 0, "created": "2016-05-12T22:14:20.356116", "state": "completed", "project_id": 311, "id": 62059, "priority_0": 0.0}, {"info": {"url": "https://farm1.staticflickr.com/747/23049301512_4d3e2de9bc.jpg", "url_m": "https://farm1.staticflickr.com/747/23049301512_4d3e2de9bc_m.jpg", "link": "https://www.flickr.com/photos/25459876@N04/23049301512", "url_b": "https://farm1.staticflickr.com/747/23049301512_4d3e2de9bc_b.jpg", "title": "AB.TC.W.19"}, "n_answers": 2, "quorum": 0, "calibration": 0, "created": "2016-05-12T22:14:20.389273", "state": "completed", "project_id": 311, "id": 62060, "priority_0": 0.0}, {"info": {"url": "https://farm6.staticflickr.com/5746/22441690663_95ce922a06.jpg", "url_m": "https://farm6.staticflickr.com/5746/22441690663_95ce922a06_m.jpg", "link": "https://www.flickr.com/photos/25459876@N04/22441690663", "url_b": "https://farm6.staticflickr.com/5746/22441690663_95ce922a06_b.jpg", "title": "AB.TC.W.20"}, "n_answers": 2, "quorum": 0, "calibration": 0, "created": "2016-05-12T22:14:20.422711", "state": "completed", "project_id": 311, "id": 62061, "priority_0": 0.0}, {"info": {"url": "https://farm1.staticflickr.com/666/22644489668_3b307958e4.jpg", "url_m": "https://farm1.staticflickr.com/666/22644489668_3b307958e4_m.jpg", "link": "https://www.flickr.com/photos/25459876@N04/22644489668", "url_b": "https://farm1.staticflickr.com/666/22644489668_3b307958e4_b.jpg", "title": "AB.TC.W.21"}, "n_answers": 2, "quorum": 0, "calibration": 0, "created": "2016-05-12T22:14:20.456056", "state": "completed", "project_id": 311, "id": 62062, "priority_0": 0.0}, {"info": {"url": "https://farm6.staticflickr.com/5676/23036855396_99d303e2d1.jpg", "url_m": "https://farm6.staticflickr.com/5676/23036855396_99d303e2d1_m.jpg", "link": "https://www.flickr.com/photos/25459876@N04/23036855396", "url_b": "https://farm6.staticflickr.com/5676/23036855396_99d303e2d1_b.jpg", "title": "AB.TC.W.22"}, "n_answers": 2, "quorum": 0, "calibration": 0, "created": "2016-05-12T22:14:20.490301", "state": "completed", "project_id": 311, "id": 62063, "priority_0": 0.0}, {"info": {"url": "https://farm6.staticflickr.com/5785/22644489148_531ae088a0.jpg", "url_m": "https://farm6.staticflickr.com/5785/22644489148_531ae088a0_m.jpg", "link": "https://www.flickr.com/photos/25459876@N04/22644489148", "url_b": "https://farm6.staticflickr.com/5785/22644489148_531ae088a0_b.jpg", "title": "AB.TC.W.23"}, "n_answers": 2, "quorum": 0, "calibration": 0, "created": "2016-05-12T22:14:20.522987", "state": "completed", "project_id": 311, "id": 62064, "priority_0": 0.0}, {"info": {"url": "https://farm6.staticflickr.com/5656/22440114964_be8ff740eb.jpg", "url_m": "https://farm6.staticflickr.com/5656/22440114964_be8ff740eb_m.jpg", "link": "https://www.flickr.com/photos/25459876@N04/22440114964", "url_b": "https://farm6.staticflickr.com/5656/22440114964_be8ff740eb_b.jpg", "title": "AB.TC.W.24"}, "n_answers": 2, "quorum": 0, "calibration": 0, "created": "2016-05-12T22:14:20.556096", "state": "completed", "project_id": 311, "id": 62065, "priority_0": 0.0}]