[{"info": {"url": "https://farm6.staticflickr.com/5793/23032776426_15c53cc36d.jpg", "url_m": "https://farm6.staticflickr.com/5793/23032776426_15c53cc36d_m.jpg", "link": "https://www.flickr.com/photos/25459876@N04/23032776426", "url_b": "https://farm6.staticflickr.com/5793/23032776426_15c53cc36d_b.jpg", "title": "AB.TC.G.1.1"}, "n_answers": 3, "quorum": 0, "calibration": 0, "created": "2016-09-15T09:29:56.309291", "state": "completed", "project_id": 343, "id": 66416, "priority_0": 0.0}, {"info": {"url": "https://farm1.staticflickr.com/736/22640431228_311572f81d.jpg", "url_m": "https://farm1.staticflickr.com/736/22640431228_311572f81d_m.jpg", "link": "https://www.flickr.com/photos/25459876@N04/22640431228", "url_b": "https://farm1.staticflickr.com/736/22640431228_311572f81d_b.jpg", "title": "AB.TC.G.1.2a"}, "n_answers": 3, "quorum": 0, "calibration": 0, "created": "2016-09-15T09:29:56.363179", "state": "completed", "project_id": 343, "id": 66417, "priority_0": 0.0}, {"info": {"url": "https://farm6.staticflickr.com/5748/22640475917_eedbd11d47.jpg", "url_m": "https://farm6.staticflickr.com/5748/22640475917_eedbd11d47_m.jpg", "link": "https://www.flickr.com/photos/25459876@N04/22640475917", "url_b": "https://farm6.staticflickr.com/5748/22640475917_eedbd11d47_b.jpg", "title": "AB.TC.G.1.2b"}, "n_answers": 3, "quorum": 0, "calibration": 0, "created": "2016-09-15T09:29:56.391828", "state": "completed", "project_id": 343, "id": 66418, "priority_0": 0.0}, {"info": {"url": "https://farm1.staticflickr.com/616/23032773006_4f26bebcb1.jpg", "url_m": "https://farm1.staticflickr.com/616/23032773006_4f26bebcb1_m.jpg", "link": "https://www.flickr.com/photos/25459876@N04/23032773006", "url_b": "https://farm1.staticflickr.com/616/23032773006_4f26bebcb1_b.jpg", "title": "AB.TC.G.2a"}, "n_answers": 3, "quorum": 0, "calibration": 0, "created": "2016-09-15T09:29:56.429146", "state": "completed", "project_id": 343, "id": 66419, "priority_0": 0.0}, {"info": {"url": "https://farm6.staticflickr.com/5685/22436039554_a7344f9816.jpg", "url_m": "https://farm6.staticflickr.com/5685/22436039554_a7344f9816_m.jpg", "link": "https://www.flickr.com/photos/25459876@N04/22436039554", "url_b": "https://farm6.staticflickr.com/5685/22436039554_a7344f9816_b.jpg", "title": "AB.TC.G.2b"}, "n_answers": 3, "quorum": 0, "calibration": 0, "created": "2016-09-15T09:29:56.463467", "state": "completed", "project_id": 343, "id": 66420, "priority_0": 0.0}, {"info": {"url": "https://farm6.staticflickr.com/5736/23045231392_08532b10e6.jpg", "url_m": "https://farm6.staticflickr.com/5736/23045231392_08532b10e6_m.jpg", "link": "https://www.flickr.com/photos/25459876@N04/23045231392", "url_b": "https://farm6.staticflickr.com/5736/23045231392_08532b10e6_b.jpg", "title": "AB.TC.G.3"}, "n_answers": 3, "quorum": 0, "calibration": 0, "created": "2016-09-15T09:29:56.496450", "state": "completed", "project_id": 343, "id": 66421, "priority_0": 0.0}, {"info": {"url": "https://farm6.staticflickr.com/5731/22640426748_64b022c24e.jpg", "url_m": "https://farm6.staticflickr.com/5731/22640426748_64b022c24e_m.jpg", "link": "https://www.flickr.com/photos/25459876@N04/22640426748", "url_b": "https://farm6.staticflickr.com/5731/22640426748_64b022c24e_b.jpg", "title": "AB.TC.G.4"}, "n_answers": 3, "quorum": 0, "calibration": 0, "created": "2016-09-15T09:29:56.540023", "state": "completed", "project_id": 343, "id": 66422, "priority_0": 0.0}, {"info": {"url": "https://farm1.staticflickr.com/681/22436037114_fbf0b19d90.jpg", "url_m": "https://farm1.staticflickr.com/681/22436037114_fbf0b19d90_m.jpg", "link": "https://www.flickr.com/photos/25459876@N04/22436037114", "url_b": "https://farm1.staticflickr.com/681/22436037114_fbf0b19d90_b.jpg", "title": "AB.TC.G.5"}, "n_answers": 3, "quorum": 0, "calibration": 0, "created": "2016-09-15T09:29:56.580690", "state": "completed", "project_id": 343, "id": 66423, "priority_0": 0.0}, {"info": {"url": "https://farm1.staticflickr.com/631/22640482777_3804ebee85.jpg", "url_m": "https://farm1.staticflickr.com/631/22640482777_3804ebee85_m.jpg", "link": "https://www.flickr.com/photos/25459876@N04/22640482777", "url_b": "https://farm1.staticflickr.com/631/22640482777_3804ebee85_b.jpg", "title": "AB.TC.G.6a"}, "n_answers": 3, "quorum": 0, "calibration": 0, "created": "2016-09-15T09:29:56.608997", "state": "completed", "project_id": 343, "id": 66424, "priority_0": 0.0}, {"info": {"url": "https://farm6.staticflickr.com/5676/22436047564_9293e36311.jpg", "url_m": "https://farm6.staticflickr.com/5676/22436047564_9293e36311_m.jpg", "link": "https://www.flickr.com/photos/25459876@N04/22436047564", "url_b": "https://farm6.staticflickr.com/5676/22436047564_9293e36311_b.jpg", "title": "AB.TC.G.6b"}, "n_answers": 3, "quorum": 0, "calibration": 0, "created": "2016-09-15T09:29:56.648851", "state": "completed", "project_id": 343, "id": 66425, "priority_0": 0.0}, {"info": {"url": "https://farm6.staticflickr.com/5750/22640442938_bba9f0ba4f.jpg", "url_m": "https://farm6.staticflickr.com/5750/22640442938_bba9f0ba4f_m.jpg", "link": "https://www.flickr.com/photos/25459876@N04/22640442938", "url_b": "https://farm6.staticflickr.com/5750/22640442938_bba9f0ba4f_b.jpg", "title": "AB.TC.G.7"}, "n_answers": 3, "quorum": 0, "calibration": 0, "created": "2016-09-15T09:29:56.690604", "state": "completed", "project_id": 343, "id": 66426, "priority_0": 0.0}]