[{"info": {"description": "North Cemetery\n[...] C. 1911-12\nAbydos Dec. 1911.", "reverseCard": "reverseCard", "comments": "", "discoveryDate": "", "cardNumber": "", "excavatorName": ""}, "user_id": 580, "task_id": 65395, "created": "2016-09-15T07:29:53.067898", "finish_time": "2016-09-15T07:29:53.067925", "calibration": null, "user_ip": null, "timeout": null, "project_id": 337, "id": 106043}, {"info": {"description": "Tomb C.2\nDate: Dec. 21\nTurba 180 x 60\nBody disturbed, remains of wood coffin.", "reverseCard": "", "comments": "", "discoveryDate": "", "cardNumber": "", "excavatorName": "M. 'Awad."}, "user_id": 580, "task_id": 65396, "created": "2016-09-15T07:31:27.518173", "finish_time": "2016-09-15T07:31:27.518197", "calibration": null, "user_ip": null, "timeout": null, "project_id": 337, "id": 106044}, {"info": {"description": "", "reverseCard": "", "comments": "", "discoveryDate": "", "cardNumber": "", "excavatorName": "M. \"Awad"}, "user_id": 580, "task_id": 65397, "created": "2016-09-15T07:31:40.990568", "finish_time": "2016-09-15T07:31:40.990592", "calibration": null, "user_ip": null, "timeout": null, "project_id": 337, "id": 106046}, {"info": {"description": "Tomb C.5\nDate: Dec. 21\nTurba 220 x 70\nBody in wood coffin, extended on back, head N-W.\n[drawing]", "reverseCard": "", "comments": "", "discoveryDate": "", "cardNumber": "", "excavatorName": "'Aise"}, "user_id": 580, "task_id": 65398, "created": "2016-09-15T07:33:32.566177", "finish_time": "2016-09-15T07:33:32.566203", "calibration": null, "user_ip": null, "timeout": null, "project_id": 337, "id": 106048}, {"info": {"description": "Tomb: C6\nDate: Dec. 21-22\nShaft with superstructure as shown in plan.\nTwo ch. to N & two to S.\nUpper N.: Wooden kohl stick; Ivory kohl stick (?)\nUpper S.: Broken Canopic jar lid head, limestone\nLower N.: Plaster eye from small mask.\nLower S.: Three vases drawn, one of them [...] top; Ushabti head; Sealing in mud of later Dyn scarab; Head rest of wood\nPlan", "reverseCard": "", "comments": "", "discoveryDate": "", "cardNumber": "", "excavatorName": "Sirham"}, "user_id": 580, "task_id": 65399, "created": "2016-09-15T07:39:40.314577", "finish_time": "2016-09-15T07:39:40.314601", "calibration": null, "user_ip": null, "timeout": null, "project_id": 337, "id": 106051}, {"info": {"description": "Tomb C7\nDate: Dec. 23\nShaft.\nN. ch.\n7 bl. gl. & 2 white discoid beads\nS.", "reverseCard": "", "comments": "", "discoveryDate": "", "cardNumber": "", "excavatorName": "Kass\u00e2m"}, "user_id": 580, "task_id": 65400, "created": "2016-09-15T07:40:59.796544", "finish_time": "2016-09-15T07:40:59.796572", "calibration": null, "user_ip": null, "timeout": null, "project_id": 337, "id": 106052}, {"info": {"description": "Tomb C9.\nDate: Dec. 24\nShaft.\nCh. to S.\nPart of wooden figure\nHalf an ivory bracelet\nPiece of stucco sarcophagus\nSmall dish in upper rad\u00eem\nOne bl. gl. bead", "reverseCard": "", "comments": "", "discoveryDate": "", "cardNumber": "", "excavatorName": "A. 'Aise"}, "user_id": 580, "task_id": 65401, "created": "2016-09-15T07:42:29.653082", "finish_time": "2016-09-15T07:42:29.653107", "calibration": null, "user_ip": null, "timeout": null, "project_id": 337, "id": 106054}, {"info": {"description": "Tomb: C11\nDate: Dec 24th\n[drawing]\nBurial of child in wood coffin. Covered with large stones, & big boulder on top. Stones packed in later. Side of coffin on E. side of turba.", "reverseCard": "", "comments": "", "discoveryDate": "", "cardNumber": "", "excavatorName": "Ahmed Aise"}, "user_id": 580, "task_id": 65402, "created": "2016-09-15T07:44:55.458545", "finish_time": "2016-09-15T07:44:55.458565", "calibration": null, "user_ip": null, "timeout": null, "project_id": 337, "id": 106055}, {"info": {"description": "Tomb: C.12\nDate: Dec. 24th\nShaft.\nIn shaft pieces of black incised pot. & of a plain one.\nPottery bowl.", "reverseCard": "", "comments": "", "discoveryDate": "", "cardNumber": "", "excavatorName": "M. 'Awad"}, "user_id": 580, "task_id": 65403, "created": "2016-09-15T07:45:51.249213", "finish_time": "2016-09-15T07:45:51.249237", "calibration": null, "user_ip": null, "timeout": null, "project_id": 337, "id": 106056}, {"info": {"description": "Tomb: C.13\nDate: Dec. 25\nTurba on the west side of shaft 14, clearly later than it.\nBody of old man on back, head to right, extended, legs slightly bent by fall of coffin lid. Each limb wrapped in several thick [...] of coarse linen.\nOn head a cartonnage head with v. small face, stucco v. thick\nUnder face an ochre bowl with red rim.\nHead local N.", "reverseCard": "reverseCard", "comments": "", "discoveryDate": "", "cardNumber": "", "excavatorName": "M. 'Awad."}, "user_id": 580, "task_id": 65404, "created": "2016-09-15T07:53:51.295611", "finish_time": "2016-09-15T07:53:51.295634", "calibration": null, "user_ip": null, "timeout": null, "project_id": 337, "id": 106058}, {"info": {"description": "Tomb: C.21\nDate: Dec. 24th\nShaft.\nN. ch.\nLinen, with fringe\n& inscribed band\nGlass paste beads, [drawing] white, lemon yellow, brick red, green, blue, also [drawing] \nLate forms [drawings]\nPieces of Ushabtis of light blue glaze, prob. 22nd.", "reverseCard": "", "comments": "", "discoveryDate": "", "cardNumber": "", "excavatorName": "Kassim"}, "user_id": 580, "task_id": 65405, "created": "2016-09-15T07:56:08.158583", "finish_time": "2016-09-15T07:56:08.158607", "calibration": null, "user_ip": null, "timeout": null, "project_id": 337, "id": 106060}, {"info": {"description": "Tomb: C51\nDate: Dec 21-2\nDynasty xii-xvii\nRect. shaft NW& SE 305 x 120\n[drawing]\nSouth chamber. Roof fallen in,  & connected with 52 S2. Plundered, but not completely.\n1 ivory wand uninscribed (broken) 1/2 another (hand [...]) hand of a third. Broken alabaster vase [drawing] (drawn). Fragts. of painted wood coffin. Small carnelian scarab. Fragts. of gold leaf. Flat round white beads. Flat round gold beads. 3 drop-shaped crystal? glazed beads.", "reverseCard": "reverseCard", "comments": "", "discoveryDate": "", "cardNumber": "", "excavatorName": "Saw\u00e2q"}, "user_id": 580, "task_id": 65406, "created": "2016-09-15T08:03:39.848142", "finish_time": "2016-09-15T08:03:39.848172", "calibration": null, "user_ip": null, "timeout": null, "project_id": 337, "id": 106062}, {"info": {"description": "Tomb: C52\nDate: Dec. 21-2\nDynasty: xii-xviii\nDimensions 285 x 100 x 4.30 (top of N.2) bottom of N1 at 315.\nRect. shaft. NW. & SE. Two chambers to N & two to S. \n[drawing]\nFragts. of painted wooden coffin, ivory wand from shaft.\nIn S.2. 3 pottery canopic jars without heads or inscriptions; 2 bronze earrings. Chamber much broken in & plundered.\nN.2. Too broken for safe working. Two fragts. of decayed wooden coffin.\nN.1. 1/2 bricked up. 3 bodies not in position.", "reverseCard": "reverseCard", "comments": "", "discoveryDate": "", "cardNumber": "", "excavatorName": "Sawaq"}, "user_id": 580, "task_id": 65407, "created": "2016-09-15T08:10:42.339341", "finish_time": "2016-09-15T08:10:42.339365", "calibration": null, "user_ip": null, "timeout": null, "project_id": 337, "id": 106065}, {"info": {"description": "Fragts. of decayed wood coffin painted. Alabaster kohl pot. Copper tweezers. Series of pottery (drawn).\nS.1\nRoof broken in & plundered. 3 bodies.\nFragts. of alabaster vase, arm of ivory wand (broken). Fragts. of ivory [...] inlay, small black stone, kohl-pot in white stone base (lid missing). Amethyst scarab (broken). Small carnelian scarab (complete). Alabaster amulet [drawing] (complete). Fragts. of red woolly substance. Flat white, round metal, blue glaze bead.", "reverseCard": "reverseCard", "comments": "", "discoveryDate": "", "cardNumber": "", "excavatorName": ""}, "user_id": 580, "task_id": 65408, "created": "2016-09-15T08:21:56.652170", "finish_time": "2016-09-15T08:21:56.652194", "calibration": null, "user_ip": null, "timeout": null, "project_id": 337, "id": 106067}, {"info": {"description": "Tomb: C53\nDate: Dec. 21-2\nRect. shaft. NW & S.E. Chamber\nN & S. Both empty.", "reverseCard": "reverseCard", "comments": "", "discoveryDate": "", "cardNumber": "", "excavatorName": "Saw\u00e2q"}, "user_id": 580, "task_id": 65409, "created": "2016-09-15T08:33:33.621645", "finish_time": "2016-09-15T08:33:33.621669", "calibration": null, "user_ip": null, "timeout": null, "project_id": 337, "id": 106068}, {"info": {"description": "Tomb: C54\nDate: Dec 24th\nRect. shaft NW. & S.E. Thoroughly plundered.\nN.2 Pieces of oval & oblong bl. gl. inlay. Fragts. of painted wood coffin. [drawing]. Worked flint flake. Small pot [drawing].\nN.1. Completley empty.", "reverseCard": "", "comments": "", "discoveryDate": "", "cardNumber": "", "excavatorName": "Sawaq"}, "user_id": 580, "task_id": 65410, "created": "2016-09-15T08:41:16.833975", "finish_time": "2016-09-15T08:41:16.834001", "calibration": null, "user_ip": null, "timeout": null, "project_id": 337, "id": 106071}, {"info": {"description": "", "reverseCard": "", "comments": "", "discoveryDate": "Tomb: C55", "cardNumber": "", "excavatorName": "Sawaq"}, "user_id": 580, "task_id": 65411, "created": "2016-09-15T08:41:30.005840", "finish_time": "2016-09-15T08:41:30.005868", "calibration": null, "user_ip": null, "timeout": null, "project_id": 337, "id": 106072}, {"info": {"description": "Tomb: C56\nDate: Dec 24th\nRect. shaft. NW. 1 SE. out of shaft\nunbaked mud dish in fragts. with thin painted white lines.\nOut of S. Chamber incised black-topped \"Pan\" pot in fragts.\nNorth chamber completely empty?", "reverseCard": "", "comments": "", "discoveryDate": "", "cardNumber": "", "excavatorName": "Sowag."}, "user_id": 580, "task_id": 65412, "created": "2016-09-15T08:43:44.335827", "finish_time": "2016-09-15T08:43:44.335851", "calibration": null, "user_ip": null, "timeout": null, "project_id": 337, "id": 106073}, {"info": {"description": "Tomb: C62\nDate: Dec. 23\nBroad shaft, with fine bricking. At the bottom bricked on 3 sides to hold back the gebel.\nChamber of large size but much broken, to S. for finds.\nSmall piece of gold foil in shaft.", "reverseCard": "", "comments": "", "discoveryDate": "", "cardNumber": "", "excavatorName": "Waris."}, "user_id": 580, "task_id": 65413, "created": "2016-09-15T08:45:21.648705", "finish_time": "2016-09-15T08:45:21.648730", "calibration": null, "user_ip": null, "timeout": null, "project_id": 337, "id": 106074}, {"info": {"description": "Tomb: C63\nDate: Dec. 21-2\nRect. shaft 270 x 100 x 350\n52\u00b0 W. of N.\ntwo ch. at bottom, one to N, one to S.\nSouth ch. 220 x 100 x 95. one ochre bowl, few white discoid beads.\nNorth ch. 215 x 100 x 95. empty\nIn the shaft several vases.\nSectn.", "reverseCard": "", "comments": "", "discoveryDate": "", "cardNumber": "", "excavatorName": "W\u00e2ris"}, "user_id": 580, "task_id": 65414, "created": "2016-09-15T08:47:48.410982", "finish_time": "2016-09-15T08:47:48.411007", "calibration": null, "user_ip": null, "timeout": null, "project_id": 337, "id": 106075}, {"info": {"description": "Tomb: C64.\nDate: Dec. 23\nShaft. In the shaft near bottom many white discoid beads, dark blue barrel-shaped, & a few light blue glaze\nN. Ch. a Pan-pot & a bowl of pottery & part of a 'flint-stand'\nS. ch. Thoroughly plundered. Fragts. of painted wood coffin belonging to [hieroglyphs].", "reverseCard": "reverseCard", "comments": "", "discoveryDate": "", "cardNumber": "", "excavatorName": "Hil\u00e2l"}, "user_id": 580, "task_id": 65415, "created": "2016-09-15T08:53:51.184007", "finish_time": "2016-09-15T08:53:51.184034", "calibration": null, "user_ip": null, "timeout": null, "project_id": 337, "id": 106076}, {"info": {"description": "Tomb: C65\nDate: Dec. 23\nShaft.\nCh. to N & S.", "reverseCard": "reverseCard", "comments": "", "discoveryDate": "", "cardNumber": "", "excavatorName": "M. Khal\u00eefa."}, "user_id": 580, "task_id": 65416, "created": "2016-09-15T09:22:17.573079", "finish_time": "2016-09-15T09:22:17.573103", "calibration": null, "user_ip": null, "timeout": null, "project_id": 337, "id": 106077}, {"info": {"description": "Tomb: C66\nDate: Dec. 24-5\nShaft. ch. to S. only.\n2 sarcophagi with blue hieroglyphs badly disturbed\nvases drawn, white spated etc.\nOne of the sarcoph. has name of owner filled in in hieratic.", "reverseCard": "reverseCard", "comments": "", "discoveryDate": "", "cardNumber": "", "excavatorName": "Mbarak."}, "user_id": 580, "task_id": 65417, "created": "2016-09-15T09:38:53.656584", "finish_time": "2016-09-15T09:38:53.656611", "calibration": null, "user_ip": null, "timeout": null, "project_id": 337, "id": 106078}, {"info": {"description": "Tomb: C71\nDate: Dec. 21st\nA low circular structure as planned [drawing]\nboth of wall 16. ht. of wall above dalslsa 25\nA dalslsa surrounded by low wall\nBroken vase on dalslsa as shown.", "reverseCard": "", "comments": "Not sure about the \"dalslsa\".", "discoveryDate": "", "cardNumber": "", "excavatorName": "Hil\u00e2l"}, "user_id": 580, "task_id": 65418, "created": "2016-09-15T09:49:22.415496", "finish_time": "2016-09-15T09:49:22.415519", "calibration": null, "user_ip": null, "timeout": null, "project_id": 337, "id": 106079}, {"info": {"description": "Tomb: C72\nDate: Dec. 22\nTurba north of 71.\nBody extended, a little on left side in wood coffin head N. 22\u00b0 W.\nNo finds.", "reverseCard": "", "comments": "", "discoveryDate": "", "cardNumber": "", "excavatorName": "Mbarak"}, "user_id": 580, "task_id": 65419, "created": "2016-09-15T09:50:25.820904", "finish_time": "2016-09-15T09:50:25.820928", "calibration": null, "user_ip": null, "timeout": null, "project_id": 337, "id": 106080}, {"info": {"description": "Tomb: C73\nDate: Dec. 22\nRound structure originally surrounded by 4 others.\nSee plan.\nPlan", "reverseCard": "", "comments": "", "discoveryDate": "", "cardNumber": "", "excavatorName": "Mbarak."}, "user_id": 580, "task_id": 65420, "created": "2016-09-15T09:51:15.766693", "finish_time": "2016-09-15T09:51:15.766717", "calibration": null, "user_ip": null, "timeout": null, "project_id": 337, "id": 106081}, {"info": {"description": "Tomb: C74\nDec 23\nDynasty: ?\nMuch disturbed body. Extended burial in wood coffin. NW & S.E.\n[drawing]\nTwo bl. gl. beads. [drawing]", "reverseCard": "", "comments": "", "discoveryDate": "", "cardNumber": "", "excavatorName": "Umbarrak."}, "user_id": 580, "task_id": 65421, "created": "2016-09-15T09:52:39.889278", "finish_time": "2016-09-15T09:52:39.889303", "calibration": null, "user_ip": null, "timeout": null, "project_id": 337, "id": 106082}, {"info": {"description": "Tomb: C75\nDate: Dec. 23\nTurba\nChild extended, head N.\n[drawings]\n2 beads of stone\nThe vases stood 30 cm. above coffin & may not belong to burial\nB might belong to 76.\n[drawings]", "reverseCard": "", "comments": "", "discoveryDate": "", "cardNumber": "", "excavatorName": "Samm\u00e2n"}, "user_id": 580, "task_id": 65422, "created": "2016-09-15T09:54:18.836133", "finish_time": "2016-09-15T09:54:18.836159", "calibration": null, "user_ip": null, "timeout": null, "project_id": 337, "id": 106083}, {"info": {"description": "Tomb: C76\nDate: Dec 23rd.\nDynasty: xii-xviii\nBody (female) lying on back right leg slightly bent under left. Lying S.W.  N.E. Head to right. On right upper arm 2 strings of beads, one flat white, one small round black; ditto on r. forearm. On finger, ring of minute blue lge beads.\nLeft upper arm same as right. Nothing on forearm. Ring on finger of minute black glaze beads. Round neck 3 necklaces a) Flat white beads, with alabaster pendant b) Larger dark & light blue glaze beads\n[drawing]", "reverseCard": "", "comments": "", "discoveryDate": "", "cardNumber": "", "excavatorName": ""}, "user_id": 580, "task_id": 65423, "created": "2016-09-15T09:59:32.864779", "finish_time": "2016-09-15T09:59:32.864804", "calibration": null, "user_ip": null, "timeout": null, "project_id": 337, "id": 106084}, {"info": {"description": "threaded alternately. c) Smaller black blue glaze beads threaded in proportion of about 8 black to one blue. pendant [drawing] of blue glaze crystal (?) brokeb.\nAt each ear six small blue glaze flat beads.", "reverseCard": "", "comments": "", "discoveryDate": "", "cardNumber": "", "excavatorName": ""}, "user_id": 580, "task_id": 65424, "created": "2016-09-15T10:01:26.583497", "finish_time": "2016-09-15T10:01:26.583521", "calibration": null, "user_ip": null, "timeout": null, "project_id": 337, "id": 106085}, {"info": {"description": "Tomb: C77\nDate: Dec. 23\nTurba distubed, head N\nA few white discoid beads.", "reverseCard": "", "comments": "", "discoveryDate": "", "cardNumber": "", "excavatorName": "Ali 'Etman"}, "user_id": 580, "task_id": 65425, "created": "2016-09-15T10:02:07.297076", "finish_time": "2016-09-15T10:02:07.297100", "calibration": null, "user_ip": null, "timeout": null, "project_id": 337, "id": 106086}, {"info": {"description": "Tomb: C78\nDate: Dec. 24\nBody in wood coffin, head N, much disturbed.\nThis lay 30 cm. from top of a broad shaft which ran blind below it.", "reverseCard": "", "comments": "", "discoveryDate": "", "cardNumber": "", "excavatorName": "Mbarak"}, "user_id": 580, "task_id": 65426, "created": "2016-09-15T10:05:18.641660", "finish_time": "2016-09-15T10:05:18.641681", "calibration": null, "user_ip": null, "timeout": null, "project_id": 337, "id": 106088}, {"info": {"description": "Tomb: C79\nDate: Dec. 24\nTurba under the south of shaft walls 81 & 82.\nbody extended on l. side head to E.\n[drawing]", "reverseCard": "", "comments": "", "discoveryDate": "", "cardNumber": "", "excavatorName": ""}, "user_id": 580, "task_id": 65427, "created": "2016-09-15T10:06:16.555392", "finish_time": "2016-09-15T10:06:16.555416", "calibration": null, "user_ip": null, "timeout": null, "project_id": 337, "id": 106089}, {"info": {"description": "Tomb: C.81\nDate: Dec. 28-30\nDynasty: =X.40. 1911.\nA large h\u00f4sh with mastaba & shaft & ramp leading down to \"garden\" (No. 73), planned last year.\nNear it a series of mastabas (planned) some with turbas, some with shafts are plan.\n[drawing]\nBoth empty.\nNote mastaba 82 was in place before the ramp was built, for its white plaster runs all round, while the ramp is not plastered at this point \nsee over\n", "reverseCard": "", "comments": "", "discoveryDate": "", "cardNumber": "", "excavatorName": ""}, "user_id": 580, "task_id": 65428, "created": "2016-09-15T10:11:19.933912", "finish_time": "2016-09-15T10:11:19.933936", "calibration": null, "user_ip": null, "timeout": null, "project_id": 337, "id": 106090}, {"info": {"description": "[plan]\nNote that ramp was added to [...] after the latter was plastered white.", "reverseCard": "", "comments": "", "discoveryDate": "", "cardNumber": "", "excavatorName": ""}, "user_id": 580, "task_id": 65429, "created": "2016-09-15T10:12:39.657375", "finish_time": "2016-09-15T10:12:39.657399", "calibration": null, "user_ip": null, "timeout": null, "project_id": 337, "id": 106091}, {"info": {"description": "Tomb: C84\nDate: Dec. 28\nShaft near 81. See plan\nCh. to S. badly distubed.\nIn shaft Pieces of small stucco face & ears\nPiece of green paste pot (no glaze)\nFine semi transparent white pebble\nWhite discoid shell beads & 1 bl. gl. discoid\ntwo objs of mud\n[drawings]\nOver", "reverseCard": "", "comments": "", "discoveryDate": "", "cardNumber": "", "excavatorName": ""}, "user_id": 580, "task_id": 65430, "created": "2016-09-15T10:15:36.457864", "finish_time": "2016-09-15T10:15:36.457886", "calibration": null, "user_ip": null, "timeout": null, "project_id": 337, "id": 106092}, {"info": {"description": "[drawing] green & blue glaze bead.\npiece of white spot red ware.", "reverseCard": "", "comments": "", "discoveryDate": "", "cardNumber": "", "excavatorName": ""}, "user_id": 580, "task_id": 65431, "created": "2016-09-15T10:16:13.164157", "finish_time": "2016-09-15T10:16:13.164180", "calibration": null, "user_ip": null, "timeout": null, "project_id": 337, "id": 106093}, {"info": {"description": "Tomb: C91\nDate: Dec. 25\nShaft.\n2 lower ch. to N & S. fall of rock prevented working\n1 upper to S. Piece of red ware with black rim; Piece of small stucco face; Wood kohl stick; Beads (1) White discoid (2) [drawing] glaze, light & dark blue similar to the smaller beads of 76.", "reverseCard": "", "comments": "", "discoveryDate": "", "cardNumber": "", "excavatorName": "M. Khalifa"}, "user_id": 580, "task_id": 65432, "created": "2016-09-15T10:19:50.350632", "finish_time": "2016-09-15T10:19:50.350658", "calibration": null, "user_ip": null, "timeout": null, "project_id": 337, "id": 106095}, {"info": {"description": "Tomb: C94\nDate: Dec. 25\n[drawing]\nTurba.\nUnder east of 93\nbody of old woman on l. side\n200 x 70\n320\u00b0 ?.E. 40\u00b0 W. of N.\n[drawing]", "reverseCard": "", "comments": "", "discoveryDate": "", "cardNumber": "", "excavatorName": "Samm\u00e2r"}, "user_id": 580, "task_id": 65433, "created": "2016-09-15T10:22:16.692861", "finish_time": "2016-09-15T10:22:16.692886", "calibration": null, "user_ip": null, "timeout": null, "project_id": 337, "id": 106096}, {"info": {"description": "North Cemetery\nPlot C. 1911-12\nAbydos Dec. 1911", "reverseCard": "reverseCard", "comments": "", "discoveryDate": "", "cardNumber": "", "excavatorName": ""}, "user_id": 658, "task_id": 65395, "created": "2016-09-17T01:17:47.820183", "finish_time": "2016-09-17T01:17:47.820207", "calibration": null, "user_ip": null, "timeout": null, "project_id": 337, "id": 106258}, {"info": {"description": "Tomb: C2\nTurba 180 x 60\nBody disturbed, remains of wood coffin.", "reverseCard": "", "comments": "No definition of measurements used.", "discoveryDate": "Dec. 21", "cardNumber": "", "excavatorName": "M. Awad"}, "user_id": 658, "task_id": 65396, "created": "2016-09-17T01:18:52.508699", "finish_time": "2016-09-17T01:18:52.508722", "calibration": null, "user_ip": null, "timeout": null, "project_id": 337, "id": 106259}, {"info": {"description": "Tomb: C3\nShaft with superstructure.\nGlassware on top in radim.\nWhite ushabti in shaft.", "reverseCard": "", "comments": "", "discoveryDate": "Dec. 21st.", "cardNumber": "", "excavatorName": "M. Awad"}, "user_id": 658, "task_id": 65397, "created": "2016-09-17T01:20:09.264338", "finish_time": "2016-09-17T01:20:09.264368", "calibration": null, "user_ip": null, "timeout": null, "project_id": 337, "id": 106261}, {"info": {"description": "Tomb: C.5\nTurba 220 x 70\nBody in wood coffin, extended on back, head N-W.", "reverseCard": "", "comments": "Numerical without value.", "discoveryDate": "Dec. 21", "cardNumber": "", "excavatorName": "Aise"}, "user_id": 658, "task_id": 65398, "created": "2016-09-17T01:22:27.703008", "finish_time": "2016-09-17T01:22:27.703037", "calibration": null, "user_ip": null, "timeout": null, "project_id": 337, "id": 106262}, {"info": {"description": "Tomb: C6\nShaft with superstructure as shown in plan.\nTho. ch. to N & [...] to S.\nUpper N :\nWooden kohl sitck\nIvory Kohl stick(?)\nUpper S:\nBroken Canopic jar lid head, limestone.\nLower N:\nPlaster eye from small mask.\nLower S:\nThree vases drawn, one of them [...] top.\nUshabti head.\nSealing on mud of [...] [...] scarab.\nHead rest of wood.\n", "reverseCard": "", "comments": "", "discoveryDate": "Dec. 21-22", "cardNumber": "", "excavatorName": "Sirhan"}, "user_id": 658, "task_id": 65399, "created": "2016-09-17T01:27:03.946909", "finish_time": "2016-09-17T01:27:03.946936", "calibration": null, "user_ip": null, "timeout": null, "project_id": 337, "id": 106263}, {"info": {"description": "Tomb: C7\nShaft\nN ch. bl. gl. & 2 white discoid beads.", "reverseCard": "", "comments": "", "discoveryDate": "Dec. 23", "cardNumber": "", "excavatorName": "Kassim"}, "user_id": 658, "task_id": 65400, "created": "2016-09-17T01:27:47.662340", "finish_time": "2016-09-17T01:27:47.662371", "calibration": null, "user_ip": null, "timeout": null, "project_id": 337, "id": 106264}, {"info": {"description": "Tomb: C9\nShaft\nCh. to S\nPart of wooden figure\nHalf an ivory bracelet\nPiece of stucco sarcophagus\nSmall dish in upper radim \nOne bl. gl. bead.", "reverseCard": "", "comments": "", "discoveryDate": "Dec. 24", "cardNumber": "", "excavatorName": "A. Aise"}, "user_id": 658, "task_id": 65401, "created": "2016-09-17T01:29:02.821087", "finish_time": "2016-09-17T01:29:02.821110", "calibration": null, "user_ip": null, "timeout": null, "project_id": 337, "id": 106265}, {"info": {"description": "Tomb: C11\nBurial of child in wood coffin. Covered with large stones & big boulder on top. Stones packed in between side of coffin & E side of turba. ", "reverseCard": "", "comments": "", "discoveryDate": "Dec. 24th", "cardNumber": "", "excavatorName": "Ahmed Aise"}, "user_id": 658, "task_id": 65402, "created": "2016-09-17T01:30:30.452192", "finish_time": "2016-09-17T01:30:30.452219", "calibration": null, "user_ip": null, "timeout": null, "project_id": 337, "id": 106266}, {"info": {"description": "Tomb: C12\nShaft.\nIn shaft pieces of black incised pot & of a plain one.\nPottery bowl.", "reverseCard": "", "comments": "", "discoveryDate": "Dec. 24th", "cardNumber": "", "excavatorName": "M. Awad"}, "user_id": 658, "task_id": 65403, "created": "2016-09-17T01:31:16.588712", "finish_time": "2016-09-17T01:31:16.588734", "calibration": null, "user_ip": null, "timeout": null, "project_id": 337, "id": 106267}, {"info": {"description": "Tomb: C13\nTurba on the west side of shaft 14, clearly later than it.\nBody of old man on back, head to right, [...], legs slightly bent by fall of coffin lid. Each limb wrapped in several thicknesses of coarse linen.\nOn head a cartonnage head with v. small face, stucco v. thick. Under face an ochre bowl with red rim. \nHead loc[...] N.", "reverseCard": "", "comments": "", "discoveryDate": "Dec. 25", "cardNumber": "", "excavatorName": "M. 'Awad"}, "user_id": 658, "task_id": 65404, "created": "2016-09-17T01:36:00.872199", "finish_time": "2016-09-17T01:36:00.872225", "calibration": null, "user_ip": null, "timeout": null, "project_id": 337, "id": 106268}, {"info": {"description": "Tomb: C21\nShaft:\nN ch.\nLinen, with [...] & [...] [...].\nGlass paste beads, white, lemon yellow, brick red, green, blue, also\nLate forms.\nPieces of Ushabtis of light blue glaze, prob. 22nd. ", "reverseCard": "", "comments": "", "discoveryDate": "Dec. 24th", "cardNumber": "", "excavatorName": "Kassim"}, "user_id": 658, "task_id": 65405, "created": "2016-09-17T01:38:27.983734", "finish_time": "2016-09-17T01:38:27.983757", "calibration": null, "user_ip": null, "timeout": null, "project_id": 337, "id": 106270}, {"info": {"description": "Tomb: C51\nRect. shaft. NW & SE, 305 x 190\nSouth chamber. Roof fallen in & connected with 52 S2. Plundered, but not completely. 1 ivory bead uninscribed (broken), \u00bd another (hand [...]) hand of a thick. Broken alabaster vase (drawn). Frag't of painted wood coffin. Small carnelian scarab. Frag't of gold leaf. Flat round white beads. Flat round gold beads. 3 drop-shaped crystal? glazed beads.", "reverseCard": "", "comments": "No measurement values added.", "discoveryDate": "Dec. 21-2", "cardNumber": "", "excavatorName": "Sawaq"}, "user_id": 658, "task_id": 65406, "created": "2016-09-17T01:43:59.157441", "finish_time": "2016-09-17T01:43:59.157464", "calibration": null, "user_ip": null, "timeout": null, "project_id": 337, "id": 106271}, {"info": {"description": "Tomb: C 52:\nDimensions 255 x 100 x 4.30 (top of N.2) between N1 at 315.\nRect. shaft. NW & SE. Two chambers to N & two to S, Frag't of painted wooden coffin & ivory [...] from shaft.\nIn S2:\n3 pottery canopic jars without heads or inscriptions; 2 bronze earrings. Chamber much broken in & plundered.\nIn N2:\nToo broken for safe working. Few frag'ts of decayed wooden coffin.\nIn N1:\n\u00bd bricked up, 3 bodies not in position.", "reverseCard": "", "comments": "No measurement values added.", "discoveryDate": "Dec. 21-2", "cardNumber": "", "excavatorName": "Sawaq"}, "user_id": 658, "task_id": 65407, "created": "2016-09-17T01:48:08.011379", "finish_time": "2016-09-17T01:48:08.011403", "calibration": null, "user_ip": null, "timeout": null, "project_id": 337, "id": 106273}, {"info": {"description": "Frag't of decayed wood coffin, painted. Alabaster kohl pot. Copper tweezers. [...] of pottery (drawn).\nS1:\nRoof broken in & plundered. 3 bodies. Frag't. of alabaster vase, arm of ivory hand (broken). Frag't. of ivory [...] inlay small black stone kohl-pot on white stone base (lid missing). Amethyst scarab (broken), small carnelian scarab (complete).\nAlabaster amulet (complete). Frag't. of red woolly substance. Flat, white, round metal & blue glaze bead.", "reverseCard": "", "comments": "", "discoveryDate": "", "cardNumber": "", "excavatorName": ""}, "user_id": 658, "task_id": 65408, "created": "2016-09-17T01:58:22.508437", "finish_time": "2016-09-17T01:58:22.508461", "calibration": null, "user_ip": null, "timeout": null, "project_id": 337, "id": 106274}, {"info": {"description": "Tomb:. C 53\nRect. shaft: NW & SE chamber\nN & S, broken, empty.", "reverseCard": "", "comments": "", "discoveryDate": "Dec. 21-2", "cardNumber": "", "excavatorName": "Sawaq"}, "user_id": 658, "task_id": 65409, "created": "2016-09-17T01:59:16.338094", "finish_time": "2016-09-17T01:59:16.338120", "calibration": null, "user_ip": null, "timeout": null, "project_id": 337, "id": 106275}, {"info": {"description": "Tomb: C 54:\nRect. shaft NW & SE. Thoroughly plundered.\nN2: Pieces of oval & oblong & bl. gl. inaly. Frag'ts. of painted wood coffin.\nWorked flint flakes.\nSmall pot,\nN1: Completely empty.", "reverseCard": "", "comments": "", "discoveryDate": "Dec. 24th", "cardNumber": "", "excavatorName": "Sawaq"}, "user_id": 658, "task_id": 65410, "created": "2016-09-17T02:00:53.667982", "finish_time": "2016-09-17T02:00:53.668008", "calibration": null, "user_ip": null, "timeout": null, "project_id": 337, "id": 106276}, {"info": {"description": "Tomb: C 55:\nRect. Shaft: NW & SE\nBoth chambers empty.", "reverseCard": "", "comments": "", "discoveryDate": "Dec. 24th", "cardNumber": "", "excavatorName": "Sawaq"}, "user_id": 658, "task_id": 65411, "created": "2016-09-17T02:01:27.109275", "finish_time": "2016-09-17T02:01:27.109301", "calibration": null, "user_ip": null, "timeout": null, "project_id": 337, "id": 106277}, {"info": {"description": "Tomb: C 56:\nRect. shaft: NW & SE out of shaft: Unbaked mud dish in frag'ts. with thin painted white lines.\nOut of S chamber: incised black-topped \"Pen\" pot in frag'ts.\nNorth chamber completely empty.", "reverseCard": "", "comments": "", "discoveryDate": "Dec. 24th", "cardNumber": "", "excavatorName": "Sawaq"}, "user_id": 658, "task_id": 65412, "created": "2016-09-17T02:03:36.696016", "finish_time": "2016-09-17T02:03:36.696039", "calibration": null, "user_ip": null, "timeout": null, "project_id": 337, "id": 106278}, {"info": {"description": "Tomb: C 62:\nBroad shaft, with fine bricking. At the bottom bricked on 3 sides to hold back the gebel.\nChamber of large size but much broke, to S no finds.\nSmall piece of gold foil in shaft.", "reverseCard": "", "comments": "", "discoveryDate": "Dec. 23", "cardNumber": "", "excavatorName": "Waris"}, "user_id": 658, "task_id": 65413, "created": "2016-09-17T02:04:53.583059", "finish_time": "2016-09-17T02:04:53.583084", "calibration": null, "user_ip": null, "timeout": null, "project_id": 337, "id": 106279}, {"info": {"description": "Tomb: C 63:\nRect. shaft: 270 x 100 x 300, 52\u00b0 W of N.\nTwo ch. at bottom, one to N, one to S.\nSouth ch.: 220 x 100 x 95.\nOne ochre bowl, few white discoid beads.\nN ch.: 215 x 100 x 95\nEmpty.\nIn the shaft several vases.", "reverseCard": "", "comments": "No measurement values added.", "discoveryDate": "Dec. 21-2", "cardNumber": "", "excavatorName": "Waris"}, "user_id": 658, "task_id": 65414, "created": "2016-09-17T02:07:21.831233", "finish_time": "2016-09-17T02:07:21.831259", "calibration": null, "user_ip": null, "timeout": null, "project_id": 337, "id": 106280}, {"info": {"description": "Tomb: C 64\nShaft\nIn the shaft neat bottom many white discoid beads, dark blue [...]-shaped, & a few light blue glaze.\nN ch.:\na Pan-pot & a bowl of p[...] & part of a 'flint-stand'.\ns ch.:\nThoroughly plundered. Frag'ts. of painted wood coffin belonging to [hieroglyph].", "reverseCard": "", "comments": "", "discoveryDate": "Dec. 23", "cardNumber": "", "excavatorName": "Hilal"}, "user_id": 658, "task_id": 65415, "created": "2016-09-17T02:10:10.354345", "finish_time": "2016-09-17T02:10:10.354370", "calibration": null, "user_ip": null, "timeout": null, "project_id": 337, "id": 106281}, {"info": {"description": "Tomb: C 65\nShaft: ch. to N & S.", "reverseCard": "", "comments": "", "discoveryDate": "Dec. 23", "cardNumber": "", "excavatorName": "M. Khalifa"}, "user_id": 658, "task_id": 65416, "created": "2016-09-17T02:10:49.375571", "finish_time": "2016-09-17T02:10:49.375601", "calibration": null, "user_ip": null, "timeout": null, "project_id": 337, "id": 106282}, {"info": {"description": "Tomb: C 66:\nShaft. ch. to S only\n2 sarcophagi with blue hieroglyphs badly disturbed. Vases drawn, white spotted etd.\nOne of the sarcophagi has name of owner filled in in hieratic.", "reverseCard": "", "comments": "", "discoveryDate": "Dec. 24-5", "cardNumber": "", "excavatorName": "Imbarak"}, "user_id": 658, "task_id": 65417, "created": "2016-09-17T02:17:12.006371", "finish_time": "2016-09-17T02:17:12.006395", "calibration": null, "user_ip": null, "timeout": null, "project_id": 337, "id": 106283}, {"info": {"description": "Tomb: C 71:\nA low circular structure as planned. Both of wall 16. Rt. of wall above d[...] 25. \nN 37 W.\nA d[...]surrounded by low wall. Broken vases on d[...] as shown.", "reverseCard": "", "comments": "", "discoveryDate": "Dec. 21st.", "cardNumber": "", "excavatorName": "Hilal"}, "user_id": 658, "task_id": 65418, "created": "2016-09-17T02:24:13.598228", "finish_time": "2016-09-17T02:24:13.598255", "calibration": null, "user_ip": null, "timeout": null, "project_id": 337, "id": 106287}, {"info": {"description": "Tomb: C 72:\nTurba north of 71.\nBody extended, a little on left side in wood coffin, head N 22\u00b0 W. No finds.", "reverseCard": "", "comments": "", "discoveryDate": "Dec. 22", "cardNumber": "", "excavatorName": "Mbarak"}, "user_id": 658, "task_id": 65419, "created": "2016-09-17T02:25:21.249335", "finish_time": "2016-09-17T02:25:21.249360", "calibration": null, "user_ip": null, "timeout": null, "project_id": 337, "id": 106289}, {"info": {"description": "Tomb: C 73:\nRound structure originally surrounded by 4 others, See plan.", "reverseCard": "", "comments": "", "discoveryDate": "Dec. 22", "cardNumber": "", "excavatorName": "Mbarak"}, "user_id": 658, "task_id": 65420, "created": "2016-09-17T02:26:11.506307", "finish_time": "2016-09-17T02:26:11.506330", "calibration": null, "user_ip": null, "timeout": null, "project_id": 337, "id": 106291}, {"info": {"description": "Tomb: C 74:\nMuch disturbed body. Extended burial in wood coffin. NW & SE. \nTwo bl gl. beads.", "reverseCard": "", "comments": "", "discoveryDate": "Dec. 23", "cardNumber": "", "excavatorName": "Umbarak"}, "user_id": 658, "task_id": 65421, "created": "2016-09-17T02:27:05.992386", "finish_time": "2016-09-17T02:27:05.992414", "calibration": null, "user_ip": null, "timeout": null, "project_id": 337, "id": 106292}, {"info": {"description": "Tomb: C 75:\nTurba.\nChild extended, head N.\nThe vases stood 30 cm. above coffin & may not belong to burial. B might belong to 76.", "reverseCard": "", "comments": "", "discoveryDate": "Dec. 23", "cardNumber": "", "excavatorName": "Sammam"}, "user_id": 658, "task_id": 65422, "created": "2016-09-17T02:28:31.173225", "finish_time": "2016-09-17T02:28:31.173249", "calibration": null, "user_ip": null, "timeout": null, "project_id": 337, "id": 106294}, {"info": {"description": "Tomb: C 76:\nBody (female symbol) on back right leg slightly bent under left. Lying SW to NE. Head to right. On right upper arm 2 strings of beads, one flat white, one small round black; ditto on R forearm. On finger, ring of minute blue glaze beads. Left upper arm same as right. Nothing on forearm. Ring on finger of minute blue glaze beads. Round neck 3 necklaces: \na) Flat white beads, with alabaster pendant.\nb) Larger dark-blue & light blue glaze beads. ", "reverseCard": "", "comments": "", "discoveryDate": "Dec. 28th", "cardNumber": "", "excavatorName": ""}, "user_id": 658, "task_id": 65423, "created": "2016-09-17T02:34:20.889171", "finish_time": "2016-09-17T02:34:20.889192", "calibration": null, "user_ip": null, "timeout": null, "project_id": 337, "id": 106298}, {"info": {"description": "Threaded alternately.\nc) Small black & blue glaze beads threaded in proportion of about 8 black to one blue. Pendant of blue glaze crystal?, broken.\nAt each ear six small blue glaze flat beads.", "reverseCard": "", "comments": "", "discoveryDate": "", "cardNumber": "", "excavatorName": ""}, "user_id": 658, "task_id": 65424, "created": "2016-09-17T02:36:03.497038", "finish_time": "2016-09-17T02:36:03.497062", "calibration": null, "user_ip": null, "timeout": null, "project_id": 337, "id": 106300}, {"info": {"description": "Tomb: C 77:\nTurba disturbed, head N.\nA few white discoid beads.\n", "reverseCard": "reverseCard", "comments": "", "discoveryDate": "Dec. 23", "cardNumber": "", "excavatorName": "Ali Etman"}, "user_id": 658, "task_id": 65425, "created": "2016-09-17T02:37:25.274292", "finish_time": "2016-09-17T02:37:25.274318", "calibration": null, "user_ip": null, "timeout": null, "project_id": 337, "id": 106301}, {"info": {"description": "Tomb: C 78:\nBody in wood coffin, head N, much disturbed.\nThis lay 30 cm from top of a broad shaft which ran behind below it.", "reverseCard": "", "comments": "", "discoveryDate": "Dec.24", "cardNumber": "", "excavatorName": "Umbarak"}, "user_id": 658, "task_id": 65426, "created": "2016-09-17T02:38:52.512646", "finish_time": "2016-09-17T02:38:52.512669", "calibration": null, "user_ip": null, "timeout": null, "project_id": 337, "id": 106303}, {"info": {"description": "Tomb: C 79:\nTurba under the south of shaft walls 81 & 82.\nBody extended on L side, head to E.", "reverseCard": "", "comments": "", "discoveryDate": "Dec. 24", "cardNumber": "", "excavatorName": ""}, "user_id": 658, "task_id": 65427, "created": "2016-09-17T02:39:40.782842", "finish_time": "2016-09-17T02:39:40.782866", "calibration": null, "user_ip": null, "timeout": null, "project_id": 337, "id": 106304}, {"info": {"description": "Tomb: C 81:\nA large kush with mastaba & shaft & ramp leading down to \"garden\" (No. 73), planned last year.\nNear it a series of mastabas (pl[...]) some with turbas, some with shafts are [...].\nNote mastaba 82 was in place before the ramp was built, for its white plaster was all round, while the ramp is not plastered at this point. See over -", "reverseCard": "", "comments": "", "discoveryDate": "Dec. 28-30", "cardNumber": "", "excavatorName": ""}, "user_id": 658, "task_id": 65428, "created": "2016-09-17T02:44:19.826339", "finish_time": "2016-09-17T02:44:19.826363", "calibration": null, "user_ip": null, "timeout": null, "project_id": 337, "id": 106305}, {"info": {"description": "White plaster of mastaba.\nDirt & sand\nLater white plaster, ie. that of ramp.\nNote that ramp was added to kush after the latter was plastered white.", "reverseCard": "", "comments": "", "discoveryDate": "", "cardNumber": "", "excavatorName": ""}, "user_id": 658, "task_id": 65429, "created": "2016-09-17T02:45:18.535317", "finish_time": "2016-09-17T02:45:18.535345", "calibration": null, "user_ip": null, "timeout": null, "project_id": 337, "id": 106307}, {"info": {"description": "Tomb: C 84:\nShaft near 81. See plan.\nCh. to S.\nbody disturbed.\nIn shaft, pieces of small stucco face & ears. Piece of green paste pot (no glaze). Fine semi-transparent white pebble.\nWhite discoid shell beads, & blue gl. discoid.\nOVER", "reverseCard": "", "comments": "", "discoveryDate": "Dec. 28", "cardNumber": "", "excavatorName": ""}, "user_id": 658, "task_id": 65430, "created": "2016-09-17T02:47:04.167200", "finish_time": "2016-09-17T02:47:04.167225", "calibration": null, "user_ip": null, "timeout": null, "project_id": 337, "id": 106308}, {"info": {"description": "Green & blue glaze bead.\nPiece of white [...] red ware.", "reverseCard": "", "comments": "", "discoveryDate": "", "cardNumber": "", "excavatorName": ""}, "user_id": 658, "task_id": 65431, "created": "2016-09-17T02:48:09.580710", "finish_time": "2016-09-17T02:48:09.580735", "calibration": null, "user_ip": null, "timeout": null, "project_id": 337, "id": 106309}, {"info": {"description": "Tomb: C 91:\nShaft:\n2 lower ch. to N & S.\nFall of rocks prevented working.\n1 Upper to S:\nPiece of red ware with black rim.\nPiece of small stucco face.\nWood kohl stick.\nBeads:\n1) white discoid\n2) glaze, light & dark blue, similar to the smaller beads of 76.", "reverseCard": "", "comments": "", "discoveryDate": "Dec. 25", "cardNumber": "", "excavatorName": "M. Khalifa"}, "user_id": 658, "task_id": 65432, "created": "2016-09-17T02:50:31.310476", "finish_time": "2016-09-17T02:50:31.310501", "calibration": null, "user_ip": null, "timeout": null, "project_id": 337, "id": 106310}, {"info": {"description": "Tomb: C 94:\nTurba.\nUnder east of 93.\nBody of old woman on L side.\n200 x 70\n320\u00b0 in 40\u00b0 W of N.", "reverseCard": "", "comments": "", "discoveryDate": "Dec. 25", "cardNumber": "", "excavatorName": "Samman"}, "user_id": 658, "task_id": 65433, "created": "2016-09-17T02:51:38.277279", "finish_time": "2016-09-17T02:51:38.277303", "calibration": null, "user_ip": null, "timeout": null, "project_id": 337, "id": 106311}, {"info": {"description": "North Cemetery. \nPlot C. 1911-12\nAbydos Dec. 1911", "reverseCard": "reverseCard", "comments": "There was no card number. There was no finder recorded. ", "discoveryDate": "Abydos, 1911", "cardNumber": "n/a", "excavatorName": "n/a"}, "user_id": 1401, "task_id": 65395, "created": "2016-09-17T12:44:47.753849", "finish_time": "2016-09-17T12:44:47.753875", "calibration": null, "user_ip": null, "timeout": null, "project_id": 337, "id": 106367}, {"info": {"description": "T[....] 180 x 60\nbody disturbed, remains of \nwood coffin. ", "reverseCard": "", "comments": "", "discoveryDate": "21 December 1911-12", "cardNumber": "C2", "excavatorName": "M. ' [...}"}, "user_id": 1401, "task_id": 65396, "created": "2016-09-17T12:48:07.816045", "finish_time": "2016-09-17T12:48:07.816071", "calibration": null, "user_ip": null, "timeout": null, "project_id": 337, "id": 106368}, {"info": {"description": "Shaft with superstructure \nglass ware  on top in [...]\nwhite ushabiti in shaft. \n\n", "reverseCard": "", "comments": "In right margin texts says \"plan\"", "discoveryDate": "21 December 1911-12", "cardNumber": "C3 ", "excavatorName": "M. ' [...}"}, "user_id": 1401, "task_id": 65397, "created": "2016-09-17T12:53:49.083713", "finish_time": "2016-09-17T12:53:49.083736", "calibration": null, "user_ip": null, "timeout": null, "project_id": 337, "id": 106369}, {"info": {"description": "T[....] 220 x 70\nBody in wood coffin, extended\non back       head N-W", "reverseCard": "", "comments": "", "discoveryDate": "21 December 1911-12", "cardNumber": "C5", "excavatorName": "'Gise"}, "user_id": 1401, "task_id": 65398, "created": "2016-09-17T12:55:56.935024", "finish_time": "2016-09-17T12:55:56.935047", "calibration": null, "user_ip": null, "timeout": null, "project_id": 337, "id": 106370}, {"info": {"description": "Shaft with superstructure as \nshow in plan \nTwo ch. to N & two to S.\nUpper N\nWooden [...] st[...]\nIvory        \"       \"   (?)\nUpper S. \nBroken canopic jar lid head, limestone\nLower N\nPlaser eye from small mask\nLower S \nThree vases drawn, are of the [...] top\nushabti head\nSealing  [..]   mud of  [..]   the scarab\nhead rest of wood ", "reverseCard": "", "comments": "in right column text \"plan\"", "discoveryDate": "21-22 December 1911-12", "cardNumber": "C6", "excavatorName": "Sirhan"}, "user_id": 1401, "task_id": 65399, "created": "2016-09-17T13:01:34.813547", "finish_time": "2016-09-17T13:01:34.813576", "calibration": null, "user_ip": null, "timeout": null, "project_id": 337, "id": 106371}, {"info": {"description": "Shaft\nN. ch\n[.] be. gc. & 2 shite disc[...] heads\nS. \n", "reverseCard": "", "comments": "", "discoveryDate": "23 Decemeber 1911-12", "cardNumber": "C7", "excavatorName": "Kassan"}, "user_id": 1401, "task_id": 65400, "created": "2016-09-17T13:03:28.265987", "finish_time": "2016-09-17T13:03:28.266017", "calibration": null, "user_ip": null, "timeout": null, "project_id": 337, "id": 106372}, {"info": {"description": "", "reverseCard": "", "comments": "", "discoveryDate": "", "cardNumber": "", "excavatorName": "G. "}, "user_id": 1401, "task_id": 65401, "created": "2016-09-17T13:03:54.368784", "finish_time": "2016-09-17T13:03:54.368809", "calibration": null, "user_ip": null, "timeout": null, "project_id": 337, "id": 106373}, {"info": {"description": "Burial of child in wood coffin. Covered\nwith large sh[...] & big boulder on top. \nStones packed in let[...]    Side of coffin s\nE. side of tomb.", "reverseCard": "", "comments": "", "discoveryDate": "24 December 1911-12", "cardNumber": "C11", "excavatorName": "Ahmed Aise"}, "user_id": 1401, "task_id": 65402, "created": "2016-09-17T13:07:26.630352", "finish_time": "2016-09-17T13:07:26.630376", "calibration": null, "user_ip": null, "timeout": null, "project_id": 337, "id": 106374}, {"info": {"description": "Shaft.\nin shaft pieces of black incised pot.\n& of a plain one.\nPottery bowl. ", "reverseCard": "", "comments": "", "discoveryDate": "24 December 1911-12", "cardNumber": "C12", "excavatorName": "M. 'Gond"}, "user_id": 1401, "task_id": 65403, "created": "2016-09-17T13:08:36.282714", "finish_time": "2016-09-17T13:08:36.282738", "calibration": null, "user_ip": null, "timeout": null, "project_id": 337, "id": 106375}, {"info": {"description": "", "reverseCard": "", "comments": "", "discoveryDate": "25 December 1911-12", "cardNumber": "C13", "excavatorName": "M. 'Gwnd"}, "user_id": 1401, "task_id": 65404, "created": "2016-09-17T13:09:06.508058", "finish_time": "2016-09-17T13:09:06.508083", "calibration": null, "user_ip": null, "timeout": null, "project_id": 337, "id": 106376}, {"info": {"description": "Shaft.\nN ch. \nLinen, with figure \n& ushabti kind \nglass paste beads,  white, lemon yellow,\nbrick net, green, blue. also\nlate forms\nPieces of ushabti's of light blue \nglass, prob. 22nd ", "reverseCard": "", "comments": "", "discoveryDate": "24 December 1911-12", "cardNumber": "C21", "excavatorName": "Kassim"}, "user_id": 1401, "task_id": 65405, "created": "2016-09-17T13:11:55.280961", "finish_time": "2016-09-17T13:11:55.280985", "calibration": null, "user_ip": null, "timeout": null, "project_id": 337, "id": 106377}, {"info": {"description": "R[...] shaft NW & SE 305 x 120\nSouth chamber. North fallen in, & connected \nwith S2S2. Plundered, but not completely.\n1 ivory wand uninscribed (broken) 1/2 another \n(wand [...]) hand of a thick. Broken\nalabaster vase (drawn). [...] of painted \nwood coffin. Small carnelian scarab [...] of \ngold leaf.  Flat round white beads. Flat rounds \ngold beads. 3 drop-shaped crystal? glass beads. \n", "reverseCard": "", "comments": "Dynasty xii - xvii", "discoveryDate": "21-2 December 1911-12", "cardNumber": "C51 ", "excavatorName": "Sawaq"}, "user_id": 1401, "task_id": 65406, "created": "2016-09-17T13:18:12.408507", "finish_time": "2016-09-17T13:18:12.408533", "calibration": null, "user_ip": null, "timeout": null, "project_id": 337, "id": 106378}, {"info": {"description": "Dimensions 285 x 100 x 4.30 (top of N.2) [...] of N1 at 315\nR[...] shaft. NW & SE two chambers to N\n& two to S. Fragments of painted \nwooden coffin & ivory wand\nfrom shaft.\nIn S. s. 3 broken canopic jars without heads or \ninscriptions: 3 bronze earrings. Chamber much \nbroken in & plundered \nN. 2 too broken for safe working. Few fragments \nof decayed wooden coffin. \nN.1 1/2 bricked up. 3 bodies not in position. ", "reverseCard": "", "comments": "dynasty xii- xviii", "discoveryDate": "21-2 December 1911-12", "cardNumber": "C52", "excavatorName": "Sawaq"}, "user_id": 1401, "task_id": 65407, "created": "2016-09-17T13:22:37.252447", "finish_time": "2016-09-17T13:22:37.252471", "calibration": null, "user_ip": null, "timeout": null, "project_id": 337, "id": 106379}, {"info": {"description": "Fragment of decayed wood coffin painted. The broken \nkohl pot: copper [...] [...] of pottery (drawn).\nS.1 Roof broken in and plundered. 3 bodies \nfragemtns of alabaster vase, arm of ivory\nwand (broken) Fragments of [...] [...] inlay\nsmall black stone kohl- pot m white stone\nbase (lid missing) Amethyst scarab (broken)\nsmall carnelian scarab (complete)\nAlabaster amulet  (complete) Fragments of red \n[...] substance. flat white, round \nmetal and blue [...] beads. ", "reverseCard": "", "comments": "I imagine this is the reverse of the previous ", "discoveryDate": "n/a", "cardNumber": "n/a", "excavatorName": "n/a"}, "user_id": 1401, "task_id": 65408, "created": "2016-09-17T13:27:21.872176", "finish_time": "2016-09-17T13:27:21.872201", "calibration": null, "user_ip": null, "timeout": null, "project_id": 337, "id": 106380}, {"info": {"description": "R[...] shaft. NW & SE Chamber \nN & S   Bot[..]   Empty ", "reverseCard": "", "comments": "", "discoveryDate": "21-2 December 1911-12", "cardNumber": "C53", "excavatorName": "Sawaq"}, "user_id": 1401, "task_id": 65409, "created": "2016-09-17T13:28:41.715290", "finish_time": "2016-09-17T13:28:41.715314", "calibration": null, "user_ip": null, "timeout": null, "project_id": 337, "id": 106381}, {"info": {"description": "[...] shaft. NW & SE Thoroughly plunered\nN.2 Pieces of oval [...] & [..] [..] inlay. Fragemtns of \npainted wooden coffin. \nworked flint flake\nsmall pot\nN.1. Completely empty\n", "reverseCard": "", "comments": "", "discoveryDate": "24 December 1911", "cardNumber": "C54", "excavatorName": "Sawaq"}, "user_id": 1401, "task_id": 65410, "created": "2016-09-17T13:31:19.639873", "finish_time": "2016-09-17T13:31:19.639896", "calibration": null, "user_ip": null, "timeout": null, "project_id": 337, "id": 106382}, {"info": {"description": "[...] shaft NW & SE\nBoth chambers empty ", "reverseCard": "", "comments": "", "discoveryDate": "24 December 1911", "cardNumber": "C55", "excavatorName": "Sawaq"}, "user_id": 1401, "task_id": 65411, "created": "2016-09-17T13:31:59.003691", "finish_time": "2016-09-17T13:31:59.003713", "calibration": null, "user_ip": null, "timeout": null, "project_id": 337, "id": 106383}, {"info": {"description": "[...] shaft. NW & SE. out of shaft \nunbaked mud dish in fragment with thin\npainted white lines.\nOut of S chamber incised black topped \n\"pen\" pots in fragments \nNorth chamber completely empty", "reverseCard": "", "comments": "", "discoveryDate": "24 December 1911-12", "cardNumber": "C56", "excavatorName": "Sawaq"}, "user_id": 1401, "task_id": 65412, "created": "2016-09-17T13:33:27.506767", "finish_time": "2016-09-17T13:33:27.506791", "calibration": null, "user_ip": null, "timeout": null, "project_id": 337, "id": 106384}, {"info": {"description": "Broad shaft, with fine bricking \nat the bottom bricked as 3 sides \nto hold back the gebel \nChamber of large size but much \nbroken, to S. No fings\nsmall piece of gold foil\nin shaft. ", "reverseCard": "", "comments": "", "discoveryDate": "23 Decemeber 1911-12", "cardNumber": "C62", "excavatorName": "Waris "}, "user_id": 1401, "task_id": 65413, "created": "2016-09-17T13:35:30.188958", "finish_time": "2016-09-17T13:35:30.188982", "calibration": null, "user_ip": null, "timeout": null, "project_id": 337, "id": 106385}, {"info": {"description": "[...] shaft 270 x 100 x 350\n52 [degrees] W of N\ntwo ch. at bottom, are to N, one to S.\nSouth ch. 220 x 100 x 95\none och[..] bowl, few white discoloured beads.\nNorth ch. 215 x 100 x 95\nempty\nIn the shaft several vases. ", "reverseCard": "", "comments": "text in right margin \"S[..]", "discoveryDate": "21-2 December 1911-12", "cardNumber": "C63", "excavatorName": "Waris"}, "user_id": 1401, "task_id": 65414, "created": "2016-09-17T13:40:43.520435", "finish_time": "2016-09-17T13:40:43.520459", "calibration": null, "user_ip": null, "timeout": null, "project_id": 337, "id": 106386}, {"info": {"description": "Shaft. \nin the shaft near bottom many \nwhite discoloured beads, [...] blue faience\nshapes, & a few light blue glass\nN.ch.\na par-pet & a bowl of pottery \n& part of a flint stand \nS. ch Thoroughly plundered.  Fragments of painted \nwood coffin belonging to [hieroglyps ... htp]", "reverseCard": "", "comments": "", "discoveryDate": "23 Decemeber 1911-12", "cardNumber": "C64", "excavatorName": "Hilab"}, "user_id": 1401, "task_id": 65415, "created": "2016-09-17T13:43:59.695400", "finish_time": "2016-09-17T13:43:59.695424", "calibration": null, "user_ip": null, "timeout": null, "project_id": 337, "id": 106387}, {"info": {"description": "Shaft.\nCh. to N & S. ", "reverseCard": "", "comments": "", "discoveryDate": "23 Decemeber 1911-12", "cardNumber": "C65", "excavatorName": "M. Khalitw"}, "user_id": 1401, "task_id": 65416, "created": "2016-09-17T13:44:38.258726", "finish_time": "2016-09-17T13:44:38.258753", "calibration": null, "user_ip": null, "timeout": null, "project_id": 337, "id": 106388}, {"info": {"description": "Shaft. ch to S only\n2 sarcophagi with blue hieroglyphs \nbody disturbed\nvases drawn, white spotted etc.\n[crossed out text]\none of the sarcophagi has name of \nowner filled in in hieratic", "reverseCard": "", "comments": "", "discoveryDate": "24-5 Decemeber 1911-12", "cardNumber": "C66", "excavatorName": "[..] banala"}, "user_id": 1401, "task_id": 65417, "created": "2016-09-17T13:48:05.071661", "finish_time": "2016-09-17T13:48:05.071687", "calibration": null, "user_ip": null, "timeout": null, "project_id": 337, "id": 106389}, {"info": {"description": "A low circulsar structure as [..]\nboth of all 16                   N. 37. W\nHt of wall above              Both N-S 137\nalabaster 25                    both E -W 156\n\na alabaster surrounded by low wall\nBroken vase of alabaster as shown ", "reverseCard": "", "comments": "text in right margin \"plan photo\"", "discoveryDate": "21 December 1911-12", "cardNumber": "C71", "excavatorName": "Hilal"}, "user_id": 1401, "task_id": 65418, "created": "2016-09-17T13:52:04.062498", "finish_time": "2016-09-17T13:52:04.062520", "calibration": null, "user_ip": null, "timeout": null, "project_id": 337, "id": 106390}, {"info": {"description": "Tomb north of 71\nBody extended a little on left\nside in wood coffin head N. 22 degrees W\nno finds\n", "reverseCard": "", "comments": "", "discoveryDate": "22 Decemeber 1911-12", "cardNumber": "C72", "excavatorName": "Mbanala"}, "user_id": 1401, "task_id": 65419, "created": "2016-09-17T13:53:06.413936", "finish_time": "2016-09-17T13:53:06.413961", "calibration": null, "user_ip": null, "timeout": null, "project_id": 337, "id": 106391}, {"info": {"description": "Round structure oringally \nsurrounded by 4 others.\nSee pea[..]", "reverseCard": "", "comments": "in right margin text \"plan\"", "discoveryDate": "22 Decemeber 1911-12", "cardNumber": "C73", "excavatorName": "Mbanala"}, "user_id": 1401, "task_id": 65420, "created": "2016-09-17T13:54:00.942435", "finish_time": "2016-09-17T13:54:00.942461", "calibration": null, "user_ip": null, "timeout": null, "project_id": 337, "id": 106392}, {"info": {"description": "Much disturbed body. Extended burial \nin wood coffin. NW & SE\nTwo bl. gl. beads. ", "reverseCard": "", "comments": "", "discoveryDate": "23 December 1911", "cardNumber": "C74", "excavatorName": "Umbarak"}, "user_id": 1401, "task_id": 65421, "created": "2016-09-17T13:54:57.961311", "finish_time": "2016-09-17T13:54:57.961336", "calibration": null, "user_ip": null, "timeout": null, "project_id": 337, "id": 106393}, {"info": {"description": "Tomb\nChild extended, head N\n2 beads of stone\nThe vases stood 30 cm. above coffin\nand may not belong to burial \nB might belong to [..]", "reverseCard": "", "comments": "", "discoveryDate": "23 Decemeber 1911-12", "cardNumber": "C75", "excavatorName": "Samman"}, "user_id": 1401, "task_id": 65422, "created": "2016-09-17T13:56:26.035803", "finish_time": "2016-09-17T13:56:26.035829", "calibration": null, "user_ip": null, "timeout": null, "project_id": 337, "id": 106394}, {"info": {"description": "Both [female symbol] lying on back right leg slightly\nbend under left. lying SW & NE. Head\nto right on right upper arm 2 strings \nof beads, one flat white, one small round \nlack; ditto on [..] for[...] one finger\nring of minute blue [..] beads\nleft upper arm same as right. nothing \n[...] Ring on finger of [...]\nblack [...] beads. Round [...] [...] \na flat white beds, with alabaster pendant \nof jasper dark blue and light blue [..] beads ", "reverseCard": "", "comments": "dynasty xii - xviii", "discoveryDate": "28 December 1911", "cardNumber": "", "excavatorName": "n/a"}, "user_id": 1401, "task_id": 65423, "created": "2016-09-17T14:01:24.002837", "finish_time": "2016-09-17T14:01:24.002861", "calibration": null, "user_ip": null, "timeout": null, "project_id": 337, "id": 106395}, {"info": {"description": "Threaded att[...] c/o smaller black and \nblue glass beads threaded in proportion of almost\nand balck to one blue. pendant of blue glass\ncrystal(?) broken\nat each [..] six small blue glass flat beads. ", "reverseCard": "", "comments": "assume reverse of previous card ", "discoveryDate": "n/a", "cardNumber": "n/a", "excavatorName": "n/a"}, "user_id": 1401, "task_id": 65424, "created": "2016-09-17T14:03:18.488137", "finish_time": "2016-09-17T14:03:18.488161", "calibration": null, "user_ip": null, "timeout": null, "project_id": 337, "id": 106396}, {"info": {"description": "turb disterbed, hend IV a fex white discaid head ", "reverseCard": "reverseCard", "comments": "", "discoveryDate": "1911", "cardNumber": "C77", "excavatorName": ""}, "user_id": null, "task_id": 65425, "created": "2016-09-17T16:28:40.253606", "finish_time": "2016-09-17T16:28:40.253637", "calibration": null, "user_ip": "86.199.103.209", "timeout": null, "project_id": 337, "id": 106405}, {"info": {"description": "Body in wood coffin,hand N much disturbed.This lay 30 cm  from tops a board shups which rain behind below it.", "reverseCard": "", "comments": "", "discoveryDate": "december 24", "cardNumber": "C78", "excavatorName": "Ambarak"}, "user_id": null, "task_id": 65426, "created": "2016-09-17T16:33:46.804929", "finish_time": "2016-09-17T16:33:46.804956", "calibration": null, "user_ip": "86.199.103.209", "timeout": null, "project_id": 337, "id": 106406}, {"info": {"description": "Turbn under the senth 7 shupt wills 81 and 82 body extendes a l.side hend to 3", "reverseCard": "", "comments": "", "discoveryDate": "December 24 ", "cardNumber": "C79", "excavatorName": ""}, "user_id": null, "task_id": 65427, "created": "2016-09-17T16:35:52.359472", "finish_time": "2016-09-17T16:35:52.359498", "calibration": null, "user_ip": "86.199.103.209", "timeout": null, "project_id": 337, "id": 106407}, {"info": {"description": "Tomb disturbed, head N\nA few white discoloured beads. ", "reverseCard": "reverseCard", "comments": "", "discoveryDate": "23 Decemeber 1911-12", "cardNumber": "C77", "excavatorName": "'Ali 'El-man"}, "user_id": 1401, "task_id": 65425, "created": "2016-09-17T16:49:26.349227", "finish_time": "2016-09-17T16:49:26.349249", "calibration": null, "user_ip": null, "timeout": null, "project_id": 337, "id": 106408}, {"info": {"description": "Ramp    Mastaba\n                82\nWhite plaster of \nmost [..]\nDirt & sand \nLater white plaster\ne.g that up Ramp.\nNote that ramp was added \nto [...] after the latter was \nplastered white. ", "reverseCard": "", "comments": "", "discoveryDate": "n/a", "cardNumber": "n/a", "excavatorName": "n/a"}, "user_id": 1401, "task_id": 65429, "created": "2016-09-17T16:51:30.103276", "finish_time": "2016-09-17T16:51:30.103299", "calibration": null, "user_ip": null, "timeout": null, "project_id": 337, "id": 106409}, {"info": {"description": "Shaft near 81. see plan\nCh to S.\nbadly disturbed \nIn shaft pieces of small stucco face & eves\nPiece of green paste [...] (no glase)\nfine semi transparent white pebble \nWhite discoloured shell bead & 1 b[..] jl. discoloured\nthis [...] of mud \n[ all \n4 sides \n\nOVER ", "reverseCard": "", "comments": "", "discoveryDate": "28 December 1911-12", "cardNumber": "C84", "excavatorName": "n/a"}, "user_id": 1401, "task_id": 65430, "created": "2016-09-17T16:54:26.248874", "finish_time": "2016-09-17T16:54:26.248904", "calibration": null, "user_ip": null, "timeout": null, "project_id": 337, "id": 106410}, {"info": {"description": "green & blue glase bead.\npiece of white ope[..] red ware. ", "reverseCard": "", "comments": "", "discoveryDate": "n/a", "cardNumber": "n/a", "excavatorName": "n/a"}, "user_id": 1401, "task_id": 65431, "created": "2016-09-17T16:55:20.576132", "finish_time": "2016-09-17T16:55:20.576155", "calibration": null, "user_ip": null, "timeout": null, "project_id": 337, "id": 106411}, {"info": {"description": "Shaft\n2 lower ch. to N & S\nface of [....] prevented wal[...]\n1 upper to S.\nPiece of red ware with [....] rim\nPiece of small stucco face\nWo[...] kohl stick\nBeads\n1. White discoloured\n2. glase, light & dark blue\nsimilar to the smaller \nbeads of 76", "reverseCard": "", "comments": "", "discoveryDate": "25 Dec", "cardNumber": "C91", "excavatorName": "M. Khalifn"}, "user_id": 1401, "task_id": 65432, "created": "2016-09-17T16:57:41.033753", "finish_time": "2016-09-17T16:57:41.033780", "calibration": null, "user_ip": null, "timeout": null, "project_id": 337, "id": 106412}, {"info": {"description": "Tomb\n[....] East 93\nbody of old woman on L. side\n200 x 70 \n320 degrees [..] 60 degrees W. of N. ", "reverseCard": "", "comments": "", "discoveryDate": "25 December 1911-12", "cardNumber": "C94", "excavatorName": "Samman"}, "user_id": 1401, "task_id": 65433, "created": "2016-09-17T16:59:03.468766", "finish_time": "2016-09-17T16:59:03.468790", "calibration": null, "user_ip": null, "timeout": null, "project_id": 337, "id": 106413}, {"info": {"description": "A large [...] mastaba & \nshaft & ramp leading down to \n\"garden\" (no. 73), [....] last year. \n[...] it a series of mastabas\n[(....)] same with tombs, same with\nshafts are [...] \nNote mastaba 82\nwas in peace before the \nramp was built, for its \nwhite plaster was all\nround, while the ramp\nis not fastened at this \npoint see over \nBoth empty", "reverseCard": "reverseCard", "comments": "", "discoveryDate": "28-30 December 1911-12", "cardNumber": "C81= 40 1911", "excavatorName": "n/a"}, "user_id": 1401, "task_id": 65428, "created": "2016-09-17T17:04:37.371739", "finish_time": "2016-09-17T17:04:37.371763", "calibration": null, "user_ip": null, "timeout": null, "project_id": 337, "id": 106414}]