[{"info": {"url": "https://farm1.staticflickr.com/604/22670672619_04373292d6.jpg", "url_m": "https://farm1.staticflickr.com/604/22670672619_04373292d6_m.jpg", "link": "https://www.flickr.com/photos/25459876@N04/22670672619", "url_b": "https://farm1.staticflickr.com/604/22670672619_04373292d6_b.jpg", "title": "AB.TC.Y.1"}, "n_answers": 3, "quorum": 0, "calibration": 0, "created": "2016-04-28T22:11:35.726634", "state": "completed", "project_id": 308, "id": 61687, "priority_0": 0.0}, {"info": {"url": "https://farm1.staticflickr.com/740/22644600127_640604a8d1.jpg", "url_m": "https://farm1.staticflickr.com/740/22644600127_640604a8d1_m.jpg", "link": "https://www.flickr.com/photos/25459876@N04/22644600127", "url_b": "https://farm1.staticflickr.com/740/22644600127_640604a8d1_b.jpg", "title": "AB.TC.Y.2"}, "n_answers": 3, "quorum": 0, "calibration": 0, "created": "2016-04-28T22:11:35.774273", "state": "completed", "project_id": 308, "id": 61688, "priority_0": 0.0}, {"info": {"url": "https://farm6.staticflickr.com/5638/23062949125_415f611cd9.jpg", "url_m": "https://farm6.staticflickr.com/5638/23062949125_415f611cd9_m.jpg", "link": "https://www.flickr.com/photos/25459876@N04/23062949125", "url_b": "https://farm6.staticflickr.com/5638/23062949125_415f611cd9_b.jpg", "title": "AB.TC.Y.3"}, "n_answers": 3, "quorum": 0, "calibration": 0, "created": "2016-04-28T22:11:35.806801", "state": "completed", "project_id": 308, "id": 61689, "priority_0": 0.0}, {"info": {"url": "https://farm1.staticflickr.com/751/22441744183_6ded1b903b.jpg", "url_m": "https://farm1.staticflickr.com/751/22441744183_6ded1b903b_m.jpg", "link": "https://www.flickr.com/photos/25459876@N04/22441744183", "url_b": "https://farm1.staticflickr.com/751/22441744183_6ded1b903b_b.jpg", "title": "AB.TC.Y.4"}, "n_answers": 3, "quorum": 0, "calibration": 0, "created": "2016-04-28T22:11:35.839847", "state": "completed", "project_id": 308, "id": 61690, "priority_0": 0.0}, {"info": {"url": "https://farm1.staticflickr.com/568/22441743903_2b10d9bfaf.jpg", "url_m": "https://farm1.staticflickr.com/568/22441743903_2b10d9bfaf_m.jpg", "link": "https://www.flickr.com/photos/25459876@N04/22441743903", "url_b": "https://farm1.staticflickr.com/568/22441743903_2b10d9bfaf_b.jpg", "title": "AB.TC.Y.5"}, "n_answers": 3, "quorum": 0, "calibration": 0, "created": "2016-04-28T22:11:35.875377", "state": "completed", "project_id": 308, "id": 61691, "priority_0": 0.0}, {"info": {"url": "https://farm1.staticflickr.com/622/22441743573_4c5b9b4b18.jpg", "url_m": "https://farm1.staticflickr.com/622/22441743573_4c5b9b4b18_m.jpg", "link": "https://www.flickr.com/photos/25459876@N04/22441743573", "url_b": "https://farm1.staticflickr.com/622/22441743573_4c5b9b4b18_b.jpg", "title": "AB.TC.Y.7a"}, "n_answers": 3, "quorum": 0, "calibration": 0, "created": "2016-04-28T22:11:35.907398", "state": "completed", "project_id": 308, "id": 61692, "priority_0": 0.0}, {"info": {"url": "https://farm6.staticflickr.com/5759/22644542508_f9be30c42a.jpg", "url_m": "https://farm6.staticflickr.com/5759/22644542508_f9be30c42a_m.jpg", "link": "https://www.flickr.com/photos/25459876@N04/22644542508", "url_b": "https://farm6.staticflickr.com/5759/22644542508_f9be30c42a_b.jpg", "title": "AB.TC.Y.7b"}, "n_answers": 3, "quorum": 0, "calibration": 0, "created": "2016-04-28T22:11:35.941360", "state": "completed", "project_id": 308, "id": 61693, "priority_0": 0.0}, {"info": {"url": "https://farm6.staticflickr.com/5832/22644601857_0c3309e22a.jpg", "url_m": "https://farm6.staticflickr.com/5832/22644601857_0c3309e22a_m.jpg", "link": "https://www.flickr.com/photos/25459876@N04/22644601857", "url_b": "https://farm6.staticflickr.com/5832/22644601857_0c3309e22a_b.jpg", "title": "AB.TC.Y.7c"}, "n_answers": 3, "quorum": 0, "calibration": 0, "created": "2016-04-28T22:11:35.973619", "state": "completed", "project_id": 308, "id": 61694, "priority_0": 0.0}, {"info": {"url": "https://farm1.staticflickr.com/646/22440171614_6b0c316330.jpg", "url_m": "https://farm1.staticflickr.com/646/22440171614_6b0c316330_m.jpg", "link": "https://www.flickr.com/photos/25459876@N04/22440171614", "url_b": "https://farm1.staticflickr.com/646/22440171614_6b0c316330_b.jpg", "title": "AB.TC.Y.7d"}, "n_answers": 3, "quorum": 0, "calibration": 0, "created": "2016-04-28T22:11:36.007198", "state": "completed", "project_id": 308, "id": 61695, "priority_0": 0.0}, {"info": {"url": "https://farm6.staticflickr.com/5793/22440171394_fcbcb706c3.jpg", "url_m": "https://farm6.staticflickr.com/5793/22440171394_fcbcb706c3_m.jpg", "link": "https://www.flickr.com/photos/25459876@N04/22440171394", "url_b": "https://farm6.staticflickr.com/5793/22440171394_fcbcb706c3_b.jpg", "title": "AB.TC.Y.8"}, "n_answers": 3, "quorum": 0, "calibration": 0, "created": "2016-04-28T22:11:36.040821", "state": "completed", "project_id": 308, "id": 61696, "priority_0": 0.0}, {"info": {"url": "https://farm1.staticflickr.com/717/23049354702_7ce7a7e0df.jpg", "url_m": "https://farm1.staticflickr.com/717/23049354702_7ce7a7e0df_m.jpg", "link": "https://www.flickr.com/photos/25459876@N04/23049354702", "url_b": "https://farm1.staticflickr.com/717/23049354702_7ce7a7e0df_b.jpg", "title": "AB.TC.Y.9"}, "n_answers": 3, "quorum": 0, "calibration": 0, "created": "2016-04-28T22:11:36.074288", "state": "completed", "project_id": 308, "id": 61697, "priority_0": 0.0}]