[{"info": {"description": "Cemetery: K.\nXVIII dyn.\nString of glass beads.\nSmall broken vase [drawing].\n2 broken dishes [drawing].\n2 fragts. green leather.\nWooden ear-plug covered + cloth. [drawing]", "reverseCard": "reverseCard", "comments": "", "discoveryDate": "Jan. 19.", "cardNumber": "1.", "excavatorName": "Obeyd"}, "user_id": 580, "task_id": 66427, "created": "2016-09-22T09:05:57.356235", "finish_time": "2016-09-22T09:05:57.356262", "calibration": null, "user_ip": null, "timeout": null, "project_id": 344, "id": 107282}, {"info": {"description": "On the E. edge of big tomb.\n[plan]\n[plan]\nIn a pit in the gebel a vault of bricks\nThe tomb was plundered through a hole in the roof. Skulls of a young woman & child. Objects in rubbish. Built of very large bricks coated, with mud.\nEdward R. Ayrton.", "reverseCard": "reverseCard", "comments": "", "discoveryDate": "", "cardNumber": "", "excavatorName": ""}, "user_id": 580, "task_id": 66428, "created": "2016-09-22T09:08:23.663806", "finish_time": "2016-09-22T09:08:23.663829", "calibration": null, "user_ip": null, "timeout": null, "project_id": 344, "id": 107283}, {"info": {"description": "Cemetery: Beyond gabb\u00e2na\nIntact\nShallow trench, 50 cm deep containing childs body in small wooden coffin. Body supine, slightly on left side, head bent up.\nN.W & S.E. face to W.\nAt the throat were\n2 small blue glaze amulets\n5 carnelian spherical beads\nMany very small bl. glaze beads forming a single string.", "reverseCard": "", "comments": "", "discoveryDate": "Dec. 15th", "cardNumber": "K.1", "excavatorName": ""}, "user_id": 580, "task_id": 66429, "created": "2016-09-22T09:10:37.713984", "finish_time": "2016-09-22T09:10:37.714007", "calibration": null, "user_ip": null, "timeout": null, "project_id": 344, "id": 107284}, {"info": {"description": "[drawing]\nJ.A.D.", "reverseCard": "", "comments": "", "discoveryDate": "", "cardNumber": "", "excavatorName": ""}, "user_id": 580, "task_id": 66430, "created": "2016-09-22T09:11:05.345248", "finish_time": "2016-09-22T09:11:05.345272", "calibration": null, "user_ip": null, "timeout": null, "project_id": 344, "id": 107285}, {"info": {"description": "Cemetery: K, beyond gabb\u00e2na\nRoughly rectangular trench grave.\nBody as over.\nFrom filling\nSix light green gl. amulets\n2 carnelian beads\n2 brown beads", "reverseCard": "", "comments": "", "discoveryDate": "Dec. 16th", "cardNumber": "K.2.", "excavatorName": ""}, "user_id": 580, "task_id": 66431, "created": "2016-09-22T09:12:36.098585", "finish_time": "2016-09-22T09:12:36.098608", "calibration": null, "user_ip": null, "timeout": null, "project_id": 344, "id": 107286}, {"info": {"description": "[drawing]\nJ.A.D.", "reverseCard": "", "comments": "", "discoveryDate": "", "cardNumber": "", "excavatorName": ""}, "user_id": 580, "task_id": 66432, "created": "2016-09-22T09:12:46.296139", "finish_time": "2016-09-22T09:12:46.296162", "calibration": null, "user_ip": null, "timeout": null, "project_id": 344, "id": 107287}, {"info": {"description": "Cemetery: K\nNarrow rectangular shaft, four chambers two & two.\nOnly 4 beads from North lower.", "reverseCard": "", "comments": "", "discoveryDate": "Dec. 18th", "cardNumber": "K.3", "excavatorName": "Sawaq 'Awad"}, "user_id": 580, "task_id": 66433, "created": "2016-09-22T09:13:41.709465", "finish_time": "2016-09-22T09:13:41.709489", "calibration": null, "user_ip": null, "timeout": null, "project_id": 344, "id": 107288}, {"info": {"description": "Cemetery: K\nK.4. Narrow rectangular shaft. One bl. glaze bead in top of shaft.\nK.5. Narrow rect. shaft. 4 chambers\nfrom lower S. chamber\n(a) Few small blue beads\n(b) Small mud (?) beads\n(c) Carnelian hippopot. head\nK.6. An unfinished shaft.", "reverseCard": "", "comments": "", "discoveryDate": "Dec. 18th", "cardNumber": "K.4. & 5 & 6", "excavatorName": "Ahmed Sirhan"}, "user_id": 580, "task_id": 66434, "created": "2016-09-22T09:22:09.725902", "finish_time": "2016-09-22T09:22:09.725927", "calibration": null, "user_ip": null, "timeout": null, "project_id": 344, "id": 107290}, {"info": {"description": "Cemetery: Beyond gabb\u00e2na\nRectangular trench, 1.60 deep\nCompletely plundered, bones in confusion.\nSmall alab. kohl vase in filling. height 45 mm., no lid.", "reverseCard": "reverseCard", "comments": "", "discoveryDate": "Dec. 24th", "cardNumber": "K.8", "excavatorName": "Ahmed Sirhan"}, "user_id": 580, "task_id": 66435, "created": "2016-09-22T09:34:39.090824", "finish_time": "2016-09-22T09:34:39.090850", "calibration": null, "user_ip": null, "timeout": null, "project_id": 344, "id": 107293}, {"info": {"description": "dynasty: XVIII\nstring of glass beads\nsmall broken vase\n2 broken [...]\n2 fragts: green leather\nwooden ear-plug covered + cloth ", "reverseCard": "reverseCard", "comments": "", "discoveryDate": "19 January 1908 - 9", "cardNumber": "K. 1", "excavatorName": "Abeyer"}, "user_id": 1401, "task_id": 66427, "created": "2016-09-23T07:54:35.445939", "finish_time": "2016-09-23T07:54:35.445962", "calibration": null, "user_ip": null, "timeout": null, "project_id": 344, "id": 107497}, {"info": {"description": "On the E. edge of big tomb\nIn a pit in the gebel a vault of bricks\nThe tomb was plundered through a hole in the \nroof. Skull of a young woman & child. Objects &\nrubbish. Built of very large bricks coated, with mud. ", "reverseCard": "", "comments": "", "discoveryDate": "n/a", "cardNumber": "n/a", "excavatorName": "Edward N. Reynton"}, "user_id": 1401, "task_id": 66428, "created": "2016-09-23T07:56:13.470489", "finish_time": "2016-09-23T07:56:13.470513", "calibration": null, "user_ip": null, "timeout": null, "project_id": 344, "id": 107499}, {"info": {"description": "shallow trench, 50 cm deep\ncontaining child, body in small\nwooden coffin. Body supine, slightly\non left side, head bend up\nN.W & S.E frace to W.\nAt the throat were\n2 small blue glaze amulets\n5 carnelian spherical beads\nmany very small bl. glaze beads\nforming a single string", "reverseCard": "", "comments": "", "discoveryDate": "15 December 1909 - 10", "cardNumber": "K. 1", "excavatorName": "n/a"}, "user_id": 1401, "task_id": 66429, "created": "2016-09-23T07:57:55.249000", "finish_time": "2016-09-23T07:57:55.249024", "calibration": null, "user_ip": null, "timeout": null, "project_id": 344, "id": 107501}, {"info": {"description": "n/a", "reverseCard": "", "comments": "drawing of burial initialed J.A.D", "discoveryDate": "n/a", "cardNumber": "n/a", "excavatorName": "n/a"}, "user_id": 1401, "task_id": 66430, "created": "2016-09-23T07:58:43.954797", "finish_time": "2016-09-23T07:58:43.954821", "calibration": null, "user_ip": null, "timeout": null, "project_id": 344, "id": 107502}, {"info": {"description": "roughly rectangular trench grave\nbody as over\nfrom filling \nsix light green gl. amulets\n2 carnelian beads\n2 [...] beads ", "reverseCard": "", "comments": "", "discoveryDate": "16 December 1908- 9", "cardNumber": "K. 2", "excavatorName": "n/a"}, "user_id": 1401, "task_id": 66431, "created": "2016-09-23T08:00:00.046771", "finish_time": "2016-09-23T08:00:00.046798", "calibration": null, "user_ip": null, "timeout": null, "project_id": 344, "id": 107504}, {"info": {"description": "n/a", "reverseCard": "", "comments": "drawing of skeleton initialed J.A.D", "discoveryDate": "n/a", "cardNumber": "n/a", "excavatorName": "n/a"}, "user_id": 1401, "task_id": 66432, "created": "2016-09-23T08:00:34.446131", "finish_time": "2016-09-23T08:00:34.446157", "calibration": null, "user_ip": null, "timeout": null, "project_id": 344, "id": 107505}, {"info": {"description": "narrow rectangular shaft, four \nchambers two & two\nonly 4 beads from North lower ", "reverseCard": "", "comments": "", "discoveryDate": "18th December 1909-10", "cardNumber": "K. 3", "excavatorName": "Sawaq 'Airad"}, "user_id": 1401, "task_id": 66433, "created": "2016-09-23T08:01:27.589487", "finish_time": "2016-09-23T08:01:27.589514", "calibration": null, "user_ip": null, "timeout": null, "project_id": 344, "id": 107506}, {"info": {"description": "K. 4\nnarrow rectangular shaft\none bl. glaze bead in top of shaft\nK. 5. \nnarrow rect. shaft\n4 chambers\nfrom lower S. chamber\na. four small blue beads\nb. small mud (?) beads \nc. carnelian hippopot. head \nk. 6 unfinished shaft ", "reverseCard": "", "comments": "", "discoveryDate": "18th December 1909-10", "cardNumber": "K. 4 & 5 & 6", "excavatorName": "Ahmed Suilan"}, "user_id": 1401, "task_id": 66434, "created": "2016-09-23T08:03:21.371222", "finish_time": "2016-09-23T08:03:21.371245", "calibration": null, "user_ip": null, "timeout": null, "project_id": 344, "id": 107508}, {"info": {"description": "rectangular trench, 1.60 deep\ncompletely plundered, bones in \nconfusion \nsmall alab kohl vase in filling \nheight 45 mm, no lid ", "reverseCard": "", "comments": "", "discoveryDate": "24 December 1909 - 10", "cardNumber": "K. 8", "excavatorName": "Ahmed Suilan"}, "user_id": 1401, "task_id": 66435, "created": "2016-09-23T08:04:16.556115", "finish_time": "2016-09-23T08:04:16.556140", "calibration": null, "user_ip": null, "timeout": null, "project_id": 344, "id": 107510}, {"info": {"description": "1. String of glass beads.\n2. Small broken vase.\n3. 2 broken dishes.\n4. 2 fragments green leather.\n5. Wooden ear-plug covered + cloth.", "reverseCard": "reverseCard", "comments": "", "discoveryDate": "Jan. 19", "cardNumber": "K.1", "excavatorName": "Obeyd"}, "user_id": 658, "task_id": 66427, "created": "2016-09-29T01:47:06.088763", "finish_time": "2016-09-29T01:47:06.088793", "calibration": null, "user_ip": null, "timeout": null, "project_id": 344, "id": 109216}, {"info": {"description": "On the E side of big tomb.\nIn a pit in the gebel a vault of bricks. The tomb was plundered through a hole in the roof. Skulls of a young woman & child. Objects & rubbish. Built of very large bricks coated, with mud.", "reverseCard": "", "comments": "", "discoveryDate": "", "cardNumber": "", "excavatorName": ""}, "user_id": 658, "task_id": 66428, "created": "2016-09-29T01:49:16.003013", "finish_time": "2016-09-29T01:49:16.003038", "calibration": null, "user_ip": null, "timeout": null, "project_id": 344, "id": 109217}, {"info": {"description": "Shallow trench, 50 cm deep, containing child's body in small wooden coffin. Body supine, slightly on left side, head bent up.\nNW & SE face to W.\nAt the throat were:\n   2 small blue glaze amulets.\n   5 carnelian spherical beads\n   Many very small bl. glaze beads forming a single string.\n", "reverseCard": "", "comments": "", "discoveryDate": "Dec. 15th", "cardNumber": "K.1", "excavatorName": "Beyard Gabbana"}, "user_id": 658, "task_id": 66429, "created": "2016-09-29T01:58:21.181119", "finish_time": "2016-09-29T01:58:21.181145", "calibration": null, "user_ip": null, "timeout": null, "project_id": 344, "id": 109218}, {"info": {"description": "", "reverseCard": "", "comments": "Drawing of skeleton, no text.", "discoveryDate": "", "cardNumber": "", "excavatorName": ""}, "user_id": 658, "task_id": 66430, "created": "2016-09-29T01:58:38.708115", "finish_time": "2016-09-29T01:58:38.708140", "calibration": null, "user_ip": null, "timeout": null, "project_id": 344, "id": 109219}, {"info": {"description": "Roughly rectangular trench grave.\nBody as over.\n\nFrom filling:\n   Six light green gl. amulets.\n   2 carnelian beads.\n   2 brown beads.", "reverseCard": "", "comments": "", "discoveryDate": "Dec. 16th", "cardNumber": "K.2", "excavatorName": "Beyard Gabbana"}, "user_id": 658, "task_id": 66431, "created": "2016-09-29T02:03:59.467823", "finish_time": "2016-09-29T02:03:59.467849", "calibration": null, "user_ip": null, "timeout": null, "project_id": 344, "id": 109220}, {"info": {"description": "", "reverseCard": "", "comments": "Drawing only, no text.\n", "discoveryDate": "", "cardNumber": "", "excavatorName": ""}, "user_id": 658, "task_id": 66432, "created": "2016-09-29T02:04:54.745763", "finish_time": "2016-09-29T02:04:54.745787", "calibration": null, "user_ip": null, "timeout": null, "project_id": 344, "id": 109221}, {"info": {"description": "Narrow rectangular shaft, four chambers, two & two.\nOnly 4 beads from North lower.", "reverseCard": "", "comments": "", "discoveryDate": "Dec. 18th", "cardNumber": "K.3", "excavatorName": "Sawaq 'Awad"}, "user_id": 658, "task_id": 66433, "created": "2016-09-29T02:05:44.006490", "finish_time": "2016-09-29T02:05:44.006515", "calibration": null, "user_ip": null, "timeout": null, "project_id": 344, "id": 109222}, {"info": {"description": "K.4\nNarrow rectangular shaft.\nOne bl. glaze bead in top of shaft.\n\nK.5\nNarrow rect. shaft; 4 chambers.\nFrom lower S chamber:\na) Few small blue beads.\nb) Small mud(?) beads.\nc) Carnelian hippopot. bead.\n\nK.6\nAn unfinished shaft.\n\n", "reverseCard": "", "comments": "", "discoveryDate": "Dec. 18th", "cardNumber": "K.4 & 5 & 6", "excavatorName": "Ahmed Sirhan"}, "user_id": 658, "task_id": 66434, "created": "2016-09-29T02:08:02.802147", "finish_time": "2016-09-29T02:08:02.802173", "calibration": null, "user_ip": null, "timeout": null, "project_id": 344, "id": 109223}, {"info": {"description": "Rectangular trench, 1.60 deep.\nCompletely plundered, bone in confusion.\nSmall alab. kohl vase in filling, height 45 mm., no lid.", "reverseCard": "", "comments": "", "discoveryDate": "Dec. 24th", "cardNumber": "K.8", "excavatorName": "Ahmed Sirhan"}, "user_id": 658, "task_id": 66435, "created": "2016-09-29T02:09:46.912778", "finish_time": "2016-09-29T02:09:46.912805", "calibration": null, "user_ip": null, "timeout": null, "project_id": 344, "id": 109224}]