[{"info": {"url": "https://farm1.staticflickr.com/618/22961576106_f847798709.jpg", "url_m": "https://farm1.staticflickr.com/618/22961576106_f847798709_m.jpg", "link": "https://www.flickr.com/photos/25459876@N04/22961576106", "url_b": "https://farm1.staticflickr.com/618/22961576106_f847798709_b.jpg", "title": "AB.TC.B.01a"}, "n_answers": 3, "quorum": 0, "calibration": 0, "created": "2016-09-15T08:44:21.161820", "state": "completed", "project_id": 339, "id": 65466, "priority_0": 0.0}, {"info": {"url": "https://farm6.staticflickr.com/5741/22974170952_6efcc1c836.jpg", "url_m": "https://farm6.staticflickr.com/5741/22974170952_6efcc1c836_m.jpg", "link": "https://www.flickr.com/photos/25459876@N04/22974170952", "url_b": "https://farm6.staticflickr.com/5741/22974170952_6efcc1c836_b.jpg", "title": "AB.TC.B.01b"}, "n_answers": 3, "quorum": 0, "calibration": 0, "created": "2016-09-15T08:44:21.286074", "state": "completed", "project_id": 339, "id": 65467, "priority_0": 0.0}, {"info": {"url": "https://farm1.staticflickr.com/640/22998707561_872bb30417.jpg", "url_m": "https://farm1.staticflickr.com/640/22998707561_872bb30417_m.jpg", "link": "https://www.flickr.com/photos/25459876@N04/22998707561", "url_b": "https://farm1.staticflickr.com/640/22998707561_872bb30417_b.jpg", "title": "AB.TC.B.02"}, "n_answers": 3, "quorum": 0, "calibration": 0, "created": "2016-09-15T08:44:21.317192", "state": "completed", "project_id": 339, "id": 65468, "priority_0": 0.0}, {"info": {"url": "https://farm1.staticflickr.com/762/22987617115_05c1720484.jpg", "url_m": "https://farm1.staticflickr.com/762/22987617115_05c1720484_m.jpg", "link": "https://www.flickr.com/photos/25459876@N04/22987617115", "url_b": "https://farm1.staticflickr.com/762/22987617115_05c1720484_b.jpg", "title": "AB.TC.B.03"}, "n_answers": 3, "quorum": 0, "calibration": 0, "created": "2016-09-15T08:44:21.351341", "state": "completed", "project_id": 339, "id": 65469, "priority_0": 0.0}, {"info": {"url": "https://farm1.staticflickr.com/624/22366424913_5a656fa7e4.jpg", "url_m": "https://farm1.staticflickr.com/624/22366424913_5a656fa7e4_m.jpg", "link": "https://www.flickr.com/photos/25459876@N04/22366424913", "url_b": "https://farm1.staticflickr.com/624/22366424913_5a656fa7e4_b.jpg", "title": "AB.TC.B.04"}, "n_answers": 3, "quorum": 0, "calibration": 0, "created": "2016-09-15T08:44:21.383764", "state": "completed", "project_id": 339, "id": 65470, "priority_0": 0.0}, {"info": {"url": "https://farm1.staticflickr.com/647/22569287358_eb876fb32a.jpg", "url_m": "https://farm1.staticflickr.com/647/22569287358_eb876fb32a_m.jpg", "link": "https://www.flickr.com/photos/25459876@N04/22569287358", "url_b": "https://farm1.staticflickr.com/647/22569287358_eb876fb32a_b.jpg", "title": "AB.TC.B.05"}, "n_answers": 3, "quorum": 0, "calibration": 0, "created": "2016-09-15T08:44:21.413795", "state": "completed", "project_id": 339, "id": 65471, "priority_0": 0.0}, {"info": {"url": "https://farm6.staticflickr.com/5682/22974167562_ed00203c93.jpg", "url_m": "https://farm6.staticflickr.com/5682/22974167562_ed00203c93_m.jpg", "link": "https://www.flickr.com/photos/25459876@N04/22974167562", "url_b": "https://farm6.staticflickr.com/5682/22974167562_ed00203c93_b.jpg", "title": "AB.TC.B.06"}, "n_answers": 3, "quorum": 0, "calibration": 0, "created": "2016-09-15T08:44:21.446819", "state": "completed", "project_id": 339, "id": 65472, "priority_0": 0.0}, {"info": {"url": "https://farm1.staticflickr.com/678/22799565780_2caa29cf1d.jpg", "url_m": "https://farm1.staticflickr.com/678/22799565780_2caa29cf1d_m.jpg", "link": "https://www.flickr.com/photos/25459876@N04/22799565780", "url_b": "https://farm1.staticflickr.com/678/22799565780_2caa29cf1d_b.jpg", "title": "AB.TC.B.10a"}, "n_answers": 3, "quorum": 0, "calibration": 0, "created": "2016-09-15T08:44:21.484197", "state": "completed", "project_id": 339, "id": 65473, "priority_0": 0.0}, {"info": {"url": "https://farm1.staticflickr.com/686/22569240787_b8c06c880a.jpg", "url_m": "https://farm1.staticflickr.com/686/22569240787_b8c06c880a_m.jpg", "link": "https://www.flickr.com/photos/25459876@N04/22569240787", "url_b": "https://farm1.staticflickr.com/686/22569240787_b8c06c880a_b.jpg", "title": "AB.TC.B.10b"}, "n_answers": 3, "quorum": 0, "calibration": 0, "created": "2016-09-15T08:44:21.518345", "state": "completed", "project_id": 339, "id": 65474, "priority_0": 0.0}, {"info": {"url": "https://farm6.staticflickr.com/5779/22364844894_8db79af404.jpg", "url_m": "https://farm6.staticflickr.com/5779/22364844894_8db79af404_m.jpg", "link": "https://www.flickr.com/photos/25459876@N04/22364844894", "url_b": "https://farm6.staticflickr.com/5779/22364844894_8db79af404_b.jpg", "title": "AB.TC.B.11"}, "n_answers": 3, "quorum": 0, "calibration": 0, "created": "2016-09-15T08:44:21.551290", "state": "completed", "project_id": 339, "id": 65475, "priority_0": 0.0}, {"info": {"url": "https://farm6.staticflickr.com/5632/22998700511_9778c083d4.jpg", "url_m": "https://farm6.staticflickr.com/5632/22998700511_9778c083d4_m.jpg", "link": "https://www.flickr.com/photos/25459876@N04/22998700511", "url_b": "https://farm6.staticflickr.com/5632/22998700511_9778c083d4_b.jpg", "title": "AB.TC.B.12a"}, "n_answers": 3, "quorum": 0, "calibration": 0, "created": "2016-09-15T08:44:21.584975", "state": "completed", "project_id": 339, "id": 65476, "priority_0": 0.0}, {"info": {"url": "https://farm6.staticflickr.com/5686/22799561430_9f51ef3823.jpg", "url_m": "https://farm6.staticflickr.com/5686/22799561430_9f51ef3823_m.jpg", "link": "https://www.flickr.com/photos/25459876@N04/22799561430", "url_b": "https://farm6.staticflickr.com/5686/22799561430_9f51ef3823_b.jpg", "title": "AB.TC.B.12b"}, "n_answers": 3, "quorum": 0, "calibration": 0, "created": "2016-09-15T08:44:21.618025", "state": "completed", "project_id": 339, "id": 65477, "priority_0": 0.0}, {"info": {"url": "https://farm6.staticflickr.com/5649/22961565736_519cf9686a.jpg", "url_m": "https://farm6.staticflickr.com/5649/22961565736_519cf9686a_m.jpg", "link": "https://www.flickr.com/photos/25459876@N04/22961565736", "url_b": "https://farm6.staticflickr.com/5649/22961565736_519cf9686a_b.jpg", "title": "AB.TC.B.12c"}, "n_answers": 3, "quorum": 0, "calibration": 0, "created": "2016-09-15T08:44:21.653024", "state": "completed", "project_id": 339, "id": 65478, "priority_0": 0.0}, {"info": {"url": "https://farm1.staticflickr.com/736/22569235247_68d50829f3.jpg", "url_m": "https://farm1.staticflickr.com/736/22569235247_68d50829f3_m.jpg", "link": "https://www.flickr.com/photos/25459876@N04/22569235247", "url_b": "https://farm1.staticflickr.com/736/22569235247_68d50829f3_b.jpg", "title": "AB.TC.B.12d"}, "n_answers": 3, "quorum": 0, "calibration": 0, "created": "2016-09-15T08:44:21.685922", "state": "completed", "project_id": 339, "id": 65479, "priority_0": 0.0}, {"info": {"url": "https://farm6.staticflickr.com/5755/22569278338_55ba265e4b.jpg", "url_m": "https://farm6.staticflickr.com/5755/22569278338_55ba265e4b_m.jpg", "link": "https://www.flickr.com/photos/25459876@N04/22569278338", "url_b": "https://farm6.staticflickr.com/5755/22569278338_55ba265e4b_b.jpg", "title": "AB.TC.B.13a"}, "n_answers": 3, "quorum": 0, "calibration": 0, "created": "2016-09-15T08:44:21.720703", "state": "completed", "project_id": 339, "id": 65480, "priority_0": 0.0}, {"info": {"url": "https://farm6.staticflickr.com/5818/22799583350_23290f5ddf.jpg", "url_m": "https://farm6.staticflickr.com/5818/22799583350_23290f5ddf_m.jpg", "link": "https://www.flickr.com/photos/25459876@N04/22799583350", "url_b": "https://farm6.staticflickr.com/5818/22799583350_23290f5ddf_b.jpg", "title": "AB.TC.B.13b"}, "n_answers": 3, "quorum": 0, "calibration": 0, "created": "2016-09-15T08:44:21.750039", "state": "completed", "project_id": 339, "id": 65481, "priority_0": 0.0}, {"info": {"url": "https://farm1.staticflickr.com/708/22998719661_bbf23121fe.jpg", "url_m": "https://farm1.staticflickr.com/708/22998719661_bbf23121fe_m.jpg", "link": "https://www.flickr.com/photos/25459876@N04/22998719661", "url_b": "https://farm1.staticflickr.com/708/22998719661_bbf23121fe_b.jpg", "title": "AB.TC.B.13c"}, "n_answers": 3, "quorum": 0, "calibration": 0, "created": "2016-09-15T08:44:21.786217", "state": "completed", "project_id": 339, "id": 65482, "priority_0": 0.0}, {"info": {"url": "https://farm6.staticflickr.com/5718/22595434859_441606c1ae.jpg", "url_m": "https://farm6.staticflickr.com/5718/22595434859_441606c1ae_m.jpg", "link": "https://www.flickr.com/photos/25459876@N04/22595434859", "url_b": "https://farm6.staticflickr.com/5718/22595434859_441606c1ae_b.jpg", "title": "AB.TC.B.13d"}, "n_answers": 3, "quorum": 0, "calibration": 0, "created": "2016-09-15T08:44:21.819578", "state": "completed", "project_id": 339, "id": 65483, "priority_0": 0.0}, {"info": {"url": "https://farm6.staticflickr.com/5822/22364861824_8a597cbffd.jpg", "url_m": "https://farm6.staticflickr.com/5822/22364861824_8a597cbffd_m.jpg", "link": "https://www.flickr.com/photos/25459876@N04/22364861824", "url_b": "https://farm6.staticflickr.com/5822/22364861824_8a597cbffd_b.jpg", "title": "AB.TC.B.13e"}, "n_answers": 3, "quorum": 0, "calibration": 0, "created": "2016-09-15T08:44:21.852905", "state": "completed", "project_id": 339, "id": 65484, "priority_0": 0.0}, {"info": {"url": "https://farm1.staticflickr.com/731/22569256207_18255b6266.jpg", "url_m": "https://farm1.staticflickr.com/731/22569256207_18255b6266_m.jpg", "link": "https://www.flickr.com/photos/25459876@N04/22569256207", "url_b": "https://farm1.staticflickr.com/731/22569256207_18255b6266_b.jpg", "title": "AB.TC.B.13f"}, "n_answers": 3, "quorum": 0, "calibration": 0, "created": "2016-09-15T08:44:21.886513", "state": "completed", "project_id": 339, "id": 65485, "priority_0": 0.0}, {"info": {"url": "https://farm1.staticflickr.com/775/22364860254_cfc6a3ab30.jpg", "url_m": "https://farm1.staticflickr.com/775/22364860254_cfc6a3ab30_m.jpg", "link": "https://www.flickr.com/photos/25459876@N04/22364860254", "url_b": "https://farm1.staticflickr.com/775/22364860254_cfc6a3ab30_b.jpg", "title": "AB.TC.B.14"}, "n_answers": 3, "quorum": 0, "calibration": 0, "created": "2016-09-15T08:44:21.920062", "state": "completed", "project_id": 339, "id": 65486, "priority_0": 0.0}, {"info": {"url": "https://farm1.staticflickr.com/579/22595432029_8b31457383.jpg", "url_m": "https://farm1.staticflickr.com/579/22595432029_8b31457383_m.jpg", "link": "https://www.flickr.com/photos/25459876@N04/22595432029", "url_b": "https://farm1.staticflickr.com/579/22595432029_8b31457383_b.jpg", "title": "AB.TC.B.15"}, "n_answers": 3, "quorum": 0, "calibration": 0, "created": "2016-09-15T08:44:21.952988", "state": "completed", "project_id": 339, "id": 65487, "priority_0": 0.0}, {"info": {"url": "https://farm6.staticflickr.com/5670/22366434143_75d494e0e6.jpg", "url_m": "https://farm6.staticflickr.com/5670/22366434143_75d494e0e6_m.jpg", "link": "https://www.flickr.com/photos/25459876@N04/22366434143", "url_b": "https://farm6.staticflickr.com/5670/22366434143_75d494e0e6_b.jpg", "title": "AB.TC.B.16"}, "n_answers": 3, "quorum": 0, "calibration": 0, "created": "2016-09-15T08:44:21.986537", "state": "completed", "project_id": 339, "id": 65488, "priority_0": 0.0}, {"info": {"url": "https://farm1.staticflickr.com/683/22595430669_8095530181.jpg", "url_m": "https://farm1.staticflickr.com/683/22595430669_8095530181_m.jpg", "link": "https://www.flickr.com/photos/25459876@N04/22595430669", "url_b": "https://farm1.staticflickr.com/683/22595430669_8095530181_b.jpg", "title": "AB.TC.B.17a"}, "n_answers": 3, "quorum": 0, "calibration": 0, "created": "2016-09-15T08:44:22.019999", "state": "completed", "project_id": 339, "id": 65489, "priority_0": 0.0}, {"info": {"url": "https://farm1.staticflickr.com/587/22799575470_0f34e80d8d.jpg", "url_m": "https://farm1.staticflickr.com/587/22799575470_0f34e80d8d_m.jpg", "link": "https://www.flickr.com/photos/25459876@N04/22799575470", "url_b": "https://farm1.staticflickr.com/587/22799575470_0f34e80d8d_b.jpg", "title": "AB.TC.B.17b"}, "n_answers": 3, "quorum": 0, "calibration": 0, "created": "2016-09-15T08:44:22.053230", "state": "completed", "project_id": 339, "id": 65490, "priority_0": 0.0}, {"info": {"url": "https://farm6.staticflickr.com/5809/22569295108_45bf04cff3.jpg", "url_m": "https://farm6.staticflickr.com/5809/22569295108_45bf04cff3_m.jpg", "link": "https://www.flickr.com/photos/25459876@N04/22569295108", "url_b": "https://farm6.staticflickr.com/5809/22569295108_45bf04cff3_b.jpg", "title": "AB.TC.B.20"}, "n_answers": 3, "quorum": 0, "calibration": 0, "created": "2016-09-15T08:44:22.305384", "state": "completed", "project_id": 339, "id": 65491, "priority_0": 0.0}, {"info": {"url": "https://farm1.staticflickr.com/597/22364855894_04bc41751f.jpg", "url_m": "https://farm1.staticflickr.com/597/22364855894_04bc41751f_m.jpg", "link": "https://www.flickr.com/photos/25459876@N04/22364855894", "url_b": "https://farm1.staticflickr.com/597/22364855894_04bc41751f_b.jpg", "title": "AB.TC.B.21"}, "n_answers": 3, "quorum": 0, "calibration": 0, "created": "2016-09-15T08:44:22.346022", "state": "completed", "project_id": 339, "id": 65492, "priority_0": 0.0}, {"info": {"url": "https://farm1.staticflickr.com/563/22998711811_4cc31d977e.jpg", "url_m": "https://farm1.staticflickr.com/563/22998711811_4cc31d977e_m.jpg", "link": "https://www.flickr.com/photos/25459876@N04/22998711811", "url_b": "https://farm1.staticflickr.com/563/22998711811_4cc31d977e_b.jpg", "title": "AB.TC.B.22a"}, "n_answers": 3, "quorum": 0, "calibration": 0, "created": "2016-09-15T08:44:22.385076", "state": "completed", "project_id": 339, "id": 65493, "priority_0": 0.0}, {"info": {"url": "https://farm1.staticflickr.com/604/22364853764_03f5aefd01.jpg", "url_m": "https://farm1.staticflickr.com/604/22364853764_03f5aefd01_m.jpg", "link": "https://www.flickr.com/photos/25459876@N04/22364853764", "url_b": "https://farm1.staticflickr.com/604/22364853764_03f5aefd01_b.jpg", "title": "AB.TC.B.22b"}, "n_answers": 3, "quorum": 0, "calibration": 0, "created": "2016-09-15T08:44:22.420136", "state": "completed", "project_id": 339, "id": 65494, "priority_0": 0.0}, {"info": {"url": "https://farm6.staticflickr.com/5802/22974172682_46702ff445.jpg", "url_m": "https://farm6.staticflickr.com/5802/22974172682_46702ff445_m.jpg", "link": "https://www.flickr.com/photos/25459876@N04/22974172682", "url_b": "https://farm6.staticflickr.com/5802/22974172682_46702ff445_b.jpg", "title": "AB.TC.B.23"}, "n_answers": 3, "quorum": 0, "calibration": 0, "created": "2016-09-15T08:44:22.453724", "state": "completed", "project_id": 339, "id": 65495, "priority_0": 0.0}]